industry,budget,mail_response_count,total_meet_count,mail_open_rate,website_visits,converted
Healthcare,42636.35936372711,3,1,0.4104930695761341,34.0,0
Manufacturing,13039.508059761063,1,0,0.8529772955895082,50.0,0
SaaS,215595.09163932255,2,1,0.2794881694141538,11.0,0
SaaS,37939.12536900711,6,8,0.2687257315756688,18.0,1
Finance,36123.76087715763,3,2,0.2289433816234037,12.0,0
Finance,42672.26455255943,6,3,0.2706864080203848,20.0,1
Finance,592083.931957809,1,4,0.2151080585974545,1.0,1
E-commerce,62743.870223539336,1,0,0.0833136530663137,11.0,0
SaaS,35128.20894523384,1,0,0.0835974637756896,22.0,0
SaaS,53400.36369011103,4,1,0.3210218636879696,10.0,1
Finance,45389.34237517714,6,3,0.2879372742902154,28.0,1
Manufacturing,28864.82869601089,9,5,0.2288606335271698,25.0,1
E-commerce,71506.44812463572,6,2,0.212918865677532,11.0,1
Finance,20865.555164346417,2,1,0.3793409865322827,31.0,0
Finance,108003.89902817566,9,4,0.2196372288687219,19.0,1
Finance,356567.642680944,1,2,0.4130324465177549,11.0,1
Healthcare,384665.1047587149,2,5,0.3475247840583052,6.0,1
SaaS,18210.646407630345,2,1,0.7775868663672711,50.0,0
Healthcare,208831.6762046701,1,3,0.1776212269451411,7.0,1
Healthcare,25425.703210841795,0,0,0.768221748350931,47.0,0
SaaS,305604.8784289794,2,3,0.1170209693983853,5.0,1
Finance,319231.63284316665,0,0,0.3438234972302956,6.0,0
Healthcare,102798.47732322828,3,6,0.215956304762533,19.0,1
Healthcare,297835.02245884226,1,0,0.3414861922310332,5.0,0
SaaS,33631.35045751104,5,1,0.1709050037269812,11.0,0
E-commerce,193260.09032118987,2,2,0.1762784416107576,10.0,1
Finance,169378.16143688577,3,4,0.2062175513375742,12.0,1
SaaS,138985.32957146168,3,0,0.236444146061821,8.0,0
SaaS,255745.4023386812,6,8,0.3827644081855252,26.0,1
Finance,42410.09850717381,3,0,0.2480969687296921,17.0,0
SaaS,286910.98537640134,3,4,0.3336276976380665,10.0,1
Finance,30990.718258660905,0,0,0.1119815347708383,18.0,0
Finance,30331.8031648605,3,1,0.1962555682044828,17.0,0
Manufacturing,29214.266414146183,4,2,0.3308549395105463,17.0,1
Manufacturing,13311.865007824492,18,8,0.4118791696889561,27.0,1
E-commerce,12503.247830247245,1,0,0.4533726812481751,15.0,0
Healthcare,63790.3866071429,10,3,0.6105939636894343,25.0,1
Finance,18029.08366030544,3,0,0.8060621811007767,28.0,0
SaaS,16745.897473223806,5,2,0.2690694707047196,16.0,0
Healthcare,356513.9515441426,1,2,0.2768588472628781,17.0,1
Finance,76868.79323062467,2,0,0.067991477099691,13.0,0
SaaS,92698.8364897902,1,5,0.1258011206338202,5.0,1
Finance,15533.90114317393,1,0,0.7837838257667578,51.0,0
Manufacturing,81607.391578309,6,2,0.2513835070572482,7.0,1
Healthcare,117228.25091769814,1,1,0.0704739035912087,18.0,0
SaaS,44744.26092192605,8,4,0.2618712189201038,18.0,1
Healthcare,22411.53046564253,0,0,0.3825668858368558,45.0,0
SaaS,250416.86320569733,1,0,0.2584926933699673,13.0,0
SaaS,65696.97046893621,7,6,0.247009482056395,26.0,1
Finance,80761.55095319328,1,1,0.1068435175652404,15.0,0
Manufacturing,33314.395486052985,0,0,0.068208925085228,27.0,0
E-commerce,60315.85340251936,3,2,0.2527641849249757,8.0,0
Manufacturing,27072.03098126645,9,8,0.1433790358872219,26.0,1
E-commerce,47662.08961667678,5,0,0.2600780985146821,16.0,0
SaaS,93997.65280528482,5,2,0.3221457708148389,16.0,1
Manufacturing,28664.899074495523,4,1,0.2399254474432176,17.0,0
Finance,79815.66608930702,3,2,0.4795268620083534,33.0,0
Finance,144884.9148615343,5,1,0.2689104800896031,11.0,0
Finance,81331.57100714269,5,3,0.3085729400350174,11.0,1
Healthcare,12485.171643079126,3,0,0.9012182757653486,55.0,0
Healthcare,18825.755112894447,2,0,0.6539161194491756,38.0,0
Healthcare,285786.2496894375,2,2,0.2988178203392936,4.0,1
E-commerce,38157.27127895011,8,3,0.3940751956276866,13.0,1
Healthcare,13505.196134154368,2,0,0.3445087128034197,22.0,0
Healthcare,306992.753404992,2,3,0.3605730033376735,10.0,1
SaaS,35790.10198808653,4,2,0.1880008867219569,17.0,1
Finance,27689.13849799073,9,5,0.2862965909038693,16.0,1
E-commerce,72660.37623591519,8,4,0.3679203601489786,14.0,1
Finance,67960.10653085445,7,4,0.2417531839940966,33.0,1
Manufacturing,50122.863154906016,9,3,0.3281296991948185,19.0,1
E-commerce,152870.25956462257,7,5,0.3605314286227389,36.0,1
Finance,39366.5897915132,2,4,0.1590954557398245,26.0,0
Finance,76762.36506235499,2,1,0.0983707355806638,15.0,0
E-commerce,16638.95144032685,2,0,0.6506370352465572,48.0,0
SaaS,27867.714693559443,2,0,0.138112216890234,24.0,0
SaaS,12776.146558155187,2,0,0.6266211036762472,29.0,0
E-commerce,8222.638772383474,1,0,0.5282172440750681,16.0,0
Finance,140299.20675253708,3,2,0.2607317706707228,8.0,0
Healthcare,278041.6852156595,3,6,0.2601762041203836,3.0,1
Finance,58781.22671611511,8,1,0.3747961579288733,15.0,1
E-commerce,65032.87839521933,4,0,0.2607828566129071,18.0,0
SaaS,27322.730551388915,5,2,0.1785994488936804,13.0,1
Healthcare,87047.37691752575,13,12,0.3954317361489159,31.0,1
Finance,49111.55519189043,0,5,0.4184923477870421,19.0,0
Healthcare,188739.1820861073,0,0,0.1166361347589259,2.0,0
Healthcare,83714.53598096178,10,4,0.2683696338840529,22.0,1
SaaS,146721.87319460366,8,3,0.3332234824699292,20.0,1
SaaS,34571.63339292475,3,2,0.1391082979984043,32.0,0
E-commerce,101532.2506344476,15,5,0.4247689563941554,17.0,1
SaaS,13049.739297392089,0,0,0.3997598388649915,62.0,0
Finance,36592.82597962687,3,1,0.8474830570703411,53.0,0
SaaS,110719.96995597974,0,0,0.1812610258248656,5.0,0
E-commerce,37286.65548661726,3,2,0.5101276771313585,18.0,0
SaaS,70691.46526957184,4,4,0.2110515587335205,28.0,1
E-commerce,75248.44421693146,8,12,0.3902094374263996,48.0,1
SaaS,41480.28192509229,5,2,0.2932237377728424,24.0,0
SaaS,34721.8365593792,10,9,0.3824885368743621,15.0,1
Healthcare,68706.48347964922,5,2,0.1625255598019452,41.0,1
Finance,14431.585825405276,2,0,0.7100619203943731,54.0,0
Finance,406767.2294056612,1,1,0.3367256174711012,10.0,1
Finance,37120.3717807901,8,2,0.2685514035840978,6.0,1
SaaS,177394.12957022365,8,6,0.231412599210025,19.0,1
Healthcare,21291.14850080675,4,3,0.1575357603540651,19.0,1
SaaS,20434.87731866204,2,0,0.5819297961334284,33.0,0
Manufacturing,22483.41661499891,3,0,0.209464308345389,6.0,0
Finance,11337.414465986838,1,0,0.6328803022263129,47.0,0
Healthcare,11223.640275608686,1,0,0.6906536064047526,20.0,0
E-commerce,62778.52647590495,2,1,0.1337238993505843,17.0,0
Finance,12758.49581023558,0,0,0.803270109842931,18.0,0
Finance,307845.7516675376,0,0,0.1947350097732426,7.0,0
Healthcare,13427.442829963757,0,0,0.623233204297642,67.0,0
Finance,171431.15413398846,2,6,0.1332167115893206,9.0,1
Manufacturing,43944.87174035978,8,7,0.3147956345128063,35.0,1
E-commerce,45616.8893765012,3,2,0.1438062375630572,12.0,0
SaaS,184555.4602092685,3,4,0.1561466202944385,8.0,1
E-commerce,197105.49641794444,3,4,0.3346378256176643,3.0,1
E-commerce,48224.165892540535,0,0,0.702758621766021,3.0,0
Finance,40158.78928603633,2,3,0.1073370590258428,29.0,0
E-commerce,431500.9918689348,2,1,0.326150369816748,8.0,0
SaaS,66513.94751273736,4,5,0.1131584977876565,16.0,1
E-commerce,116386.02527206302,0,0,0.1808676615271685,0.0,0
E-commerce,21655.675285067133,3,1,0.6254645757037735,50.0,0
Healthcare,161719.92646852293,4,2,0.1480586417725009,30.0,1
Finance,61618.21653039812,2,3,0.1407532380217141,24.0,0
Finance,158068.9014184703,0,0,0.1153483999500068,10.0,0
Healthcare,82452.25624844886,8,1,0.2526912218281762,9.0,0
E-commerce,40973.490139793896,4,4,0.4391240540911129,12.0,0
E-commerce,49294.80804440527,6,3,0.2007094834733458,11.0,1
Finance,106993.94987266214,11,2,0.4701586489595736,12.0,1
SaaS,152964.69791107514,5,4,0.2158279235429347,13.0,1
Healthcare,58112.046843412776,10,8,0.3488672351956681,32.0,1
Finance,13868.18727986273,2,0,0.6916689419590962,63.0,0
Finance,35186.02615456633,3,1,0.1780468985107437,13.0,0
Healthcare,73692.36214455408,9,7,0.4484793635986338,14.0,1
Manufacturing,160675.34029413434,1,2,0.1928158634223674,9.0,1
Healthcare,212834.17374265703,0,0,0.2835271940231726,7.0,0
SaaS,348234.45584519533,1,2,0.3217143114520674,12.0,1
SaaS,132874.16907730504,10,6,0.3838830713888121,21.0,1
Healthcare,226992.71160051256,11,8,0.2954582303449463,28.0,1
Manufacturing,52569.62366951821,5,2,0.2668474300903123,25.0,0
Manufacturing,417044.3325365373,1,2,0.2106915933456424,4.0,1
Healthcare,85136.70920040568,1,4,0.4762127273058734,13.0,0
SaaS,65135.761940118304,4,1,0.2613423524972436,19.0,0
Healthcare,84309.8103823088,6,1,0.5171173600446348,17.0,0
Healthcare,41984.34855436511,4,1,0.1551275389287395,13.0,0
Finance,48637.25187780897,12,7,0.5071964139977762,25.0,1
SaaS,32070.336728324488,8,5,0.2189231386143336,17.0,1
SaaS,139831.55783658603,1,0,0.1033276703093908,13.0,0
Finance,53623.35775456116,5,0,0.1904852820367554,9.0,0
Healthcare,77442.27422980644,5,4,0.3031130882631821,18.0,0
Manufacturing,23831.86948601865,5,5,0.1380777770959947,18.0,1
Finance,35050.92390773348,2,0,0.6440985976776011,42.0,0
Finance,13251.878777309968,1,0,0.6912621827246598,37.0,0
SaaS,289962.6828687367,1,1,0.2835271940231726,9.0,1
Manufacturing,39391.44968170332,5,1,0.3812202214317799,16.0,1
Finance,99726.21249138672,2,1,0.3291180258822782,16.0,0
SaaS,15836.45667463143,2,0,0.7024030700867943,27.0,0
E-commerce,15960.708190018608,2,0,0.810134848798819,47.0,0
Finance,120327.17745851932,2,0,0.1545561582208937,9.0,0
SaaS,30272.494738555004,3,4,0.3120279653958204,16.0,1
Healthcare,183015.76198730475,4,4,0.1590114508831006,15.0,1
SaaS,32881.967289790875,1,1,0.0819343234641453,12.0,0
SaaS,62343.07551211539,4,2,0.2988309480900694,14.0,0
SaaS,26262.036815531632,2,4,0.1505915379025997,36.0,0
Finance,48136.62228297901,5,1,0.2835271940231726,14.0,1
E-commerce,232539.8838567201,3,2,0.5039579496035023,5.0,1
Healthcare,131292.3490444138,1,3,0.2274629436433217,14.0,0
Finance,10408.91080199746,1,0,0.6679664065467625,74.0,0
Finance,68457.48114757077,2,2,0.0871633755310743,15.0,0
SaaS,53913.7838878379,1,3,0.2835271940231726,11.0,0
SaaS,31033.22429415203,3,1,0.148432813033218,20.0,0
Finance,238100.98310508224,3,5,0.193904184346521,17.0,1
SaaS,25771.13916618908,1,0,0.1674521622071611,14.0,0
Finance,17040.969372244348,3,0,0.7649193838393389,66.0,0
SaaS,352669.2543490073,3,7,0.3526370338116487,2.0,1
Finance,223843.35751407905,2,3,0.2252431388160016,7.0,1
SaaS,51409.94348975466,10,6,0.399948659859405,25.0,1
Healthcare,79518.17772398704,3,4,0.2270862511329884,8.0,0
Manufacturing,48581.89772144844,3,1,0.1467860595252793,25.0,0
Finance,19311.606913154865,13,8,0.4880171938049024,18.0,1
Healthcare,50905.38515514442,6,4,0.2674430360122653,19.0,1
Finance,24438.325158437998,4,2,0.1412993542768377,12.0,0
Manufacturing,26253.90035242597,3,5,0.1668988044562081,67.0,0
E-commerce,87455.1797226058,0,2,0.4758179444763561,18.0,0
Healthcare,77588.15829670055,10,3,0.3555981172760183,12.0,1
SaaS,59297.54674966214,6,2,0.3349846419261671,33.0,0
E-commerce,41358.12706171788,9,7,0.4713879187606796,21.0,1
SaaS,19878.764773440093,3,1,0.2153578326582313,6.0,0
SaaS,93870.96100185173,1,0,0.3677345634139682,8.0,0
Finance,690878.2750751331,1,0,0.3069888252437895,18.0,0
Finance,67456.70342216434,7,4,0.207421934180878,25.0,1
E-commerce,9889.189574202072,2,0,0.8489882187666757,30.0,0
Manufacturing,144079.6698896078,0,0,0.1776046330764576,7.0,0
SaaS,42317.7097561288,5,2,0.1507576362496791,19.0,1
Healthcare,15000.37435939464,1,0,0.5914745080332586,58.0,0
Healthcare,73533.67793039654,3,1,0.1667384511326532,12.0,1
SaaS,57601.49689663279,1,1,0.2125521024685277,10.0,0
E-commerce,39810.07758465323,1,1,0.0779310590311588,31.0,0
E-commerce,16762.91633246263,2,0,0.8055529925828241,75.0,0
E-commerce,17953.96124680136,1,0,0.6988144140775667,38.0,0
SaaS,40018.13357766903,3,0,0.1197894201485104,20.0,0
Finance,142614.3416698162,1,5,0.2226389269848197,15.0,1
Finance,13686.221083405646,3,0,0.7937533226220459,39.0,0
E-commerce,10921.6994399478,2,0,0.7322084362128002,37.0,0
SaaS,302162.53936639207,1,4,0.2436459404976482,5.0,1
Finance,15272.906704711952,3,0,0.6161143275688242,25.0,0
Finance,90055.18022406564,2,4,0.0527728337847008,25.0,1
SaaS,146481.91234672998,1,0,0.0798252059501744,6.0,0
Finance,232137.51502617184,2,3,0.5185633014642679,2.0,1
Finance,68170.48873634735,7,4,0.4716947417855385,35.0,1
SaaS,19372.94665002613,1,2,0.09788741516423,38.0,0
SaaS,9906.435461726662,1,0,0.4857873202471759,81.0,0
SaaS,174055.39375176578,2,2,0.3829597801255124,10.0,1
Finance,70761.73456971924,0,0,0.1450240255785235,23.0,0
SaaS,20447.525232221367,13,6,0.3646185966232094,30.0,1
Finance,39459.29548883057,9,6,0.257345252144988,24.0,1
Healthcare,270977.27948864136,2,2,0.2278815854622946,12.0,1
SaaS,9787.306702413836,1,0,0.6976358645446018,47.0,0
SaaS,12085.258168690045,12,9,0.3665253811189889,28.0,1
E-commerce,148186.07105823373,4,7,0.2455000268999639,8.0,1
SaaS,95300.42094006644,1,1,0.173684169748339,18.0,0
SaaS,162554.55097210457,2,2,0.1663093108539192,32.0,0
Finance,61813.811512780754,3,2,0.0747102019267958,10.0,0
Healthcare,22197.26122379563,2,0,0.6945447365627697,41.0,0
Healthcare,358515.71799491334,2,6,0.2444245836152521,6.0,1
Finance,30445.95516186877,5,2,0.3341691317096383,8.0,0
Manufacturing,40496.649142105685,3,1,0.1228742835215169,10.0,0
Healthcare,77570.91323818247,4,3,0.2465482812251948,24.0,1
E-commerce,267718.5839282702,4,4,0.4322770541989422,8.0,1
SaaS,17640.559650986812,1,0,0.7672780256126012,66.0,0
E-commerce,42138.8798232218,5,1,0.2503618150624481,6.0,0
SaaS,13572.30555124699,2,0,0.7457905528231423,34.0,0
SaaS,68387.04986351098,3,3,0.2835271940231726,15.0,0
SaaS,26969.576631194563,5,1,0.2548942807066807,27.0,0
Finance,47263.23352627341,11,5,0.1753490630048428,40.0,1
SaaS,11001.984834180326,3,2,0.1608556514931512,16.0,1
Healthcare,111832.9711283634,2,2,0.0956507122608556,26.0,0
Finance,13766.368894421284,1,0,0.6283137868257029,45.0,0
SaaS,39251.43846458339,4,1,0.1597465563062572,14.0,0
Finance,21109.06026438804,1,0,0.7458271027324647,25.0,0
Manufacturing,76467.11801759,2,1,0.2456690802537044,16.0,0
Manufacturing,19246.78651510166,2,0,0.849618148803742,26.0,0
Manufacturing,42530.318762834126,5,3,0.4072931791587476,5.0,0
Healthcare,17913.844746521896,2,0,0.3318626206971876,37.0,0
Finance,17747.087470364957,3,0,0.7483257687659448,25.0,0
Manufacturing,27952.12171888515,0,0,0.1159588809225969,22.0,0
Healthcare,393364.2187285589,3,7,0.3226215949135345,27.0,1
Manufacturing,35319.586668273856,8,1,0.3695335467051104,11.0,1
Manufacturing,32772.63920511489,18,15,0.4985836259378608,35.0,1
E-commerce,167177.18114326612,0,0,0.5681167932411513,11.0,0
Healthcare,95269.4643025779,8,3,0.2830911918387185,23.0,1
Healthcare,21836.97908258942,2,0,0.6519946857422575,18.0,0
E-commerce,395252.7262445975,1,1,0.0709343164640494,7.0,0
Healthcare,41848.17976419691,3,1,0.4216800019618514,9.0,0
Finance,29038.402084138022,11,9,0.3538227412615855,24.0,1
SaaS,153527.62181017,1,1,0.2835271940231726,3.0,0
Manufacturing,14519.298615235786,2,1,0.1744669249108468,19.0,0
SaaS,67870.42385295701,4,3,0.291893671957258,30.0,1
SaaS,32947.05482569793,5,5,0.1831754541227503,16.0,1
Finance,164096.13677702102,0,0,0.0356760701290636,19.0,0
SaaS,75321.41750013886,6,6,0.3523524035405144,32.0,1
Manufacturing,39560.5457137904,2,3,0.0646545548731477,18.0,0
Finance,80893.17060018436,12,8,0.4515254721054967,25.0,1
SaaS,46643.87836683376,7,2,0.1267038375799624,16.0,1
E-commerce,9864.281369414724,3,1,0.1674085363496035,11.0,0
SaaS,262005.603845236,3,5,0.527437519407369,0.0,1
SaaS,39651.00460449031,4,3,0.4374784518133989,13.0,0
SaaS,143683.08350818712,4,1,0.3250258328235214,29.0,0
Healthcare,24140.179721616423,2,0,0.595320009863681,30.0,0
Healthcare,73954.01219102423,1,4,0.4096025994265422,21.0,0
E-commerce,80661.46667237613,3,2,0.5809821411498018,9.0,0
E-commerce,39242.47160245276,2,0,0.1145172792332559,19.0,0
E-commerce,46606.4764800789,2,3,0.2011826435596952,21.0,0
Manufacturing,146053.14166564605,3,6,0.3287803544096539,2.0,1
SaaS,137725.18523200927,6,7,0.3059539407675101,42.0,1
SaaS,134035.60970833228,2,5,0.2170221871857632,11.0,0
E-commerce,34600.34154183431,8,4,0.4109197593513682,23.0,1
SaaS,148754.11798037164,4,5,0.1488854524883424,21.0,1
SaaS,152976.48701342585,1,1,0.5894218212333853,6.0,0
E-commerce,49461.879408781744,4,1,0.4055212482629336,7.0,0
E-commerce,88005.78789228735,2,3,0.1461138745959335,25.0,0
Healthcare,119915.36091768747,4,3,0.4455433919436548,3.0,0
Healthcare,50270.92791460806,7,8,0.3150287608151024,40.0,1
Finance,51914.17416428103,6,4,0.3506376791641882,30.0,1
SaaS,152503.47207400075,3,3,0.1493299964207883,5.0,1
Finance,454928.0988375352,3,7,0.0532985508008879,4.0,1
SaaS,26187.791829193648,3,3,0.4568765234135318,5.0,0
SaaS,244740.3600538037,1,5,0.2875196814909854,2.0,1
Healthcare,40373.30008179378,2,2,0.1877833480570928,8.0,0
SaaS,245966.0517852875,0,0,0.1970352786643733,8.0,0
Finance,47706.52496502236,7,8,0.2124432982418919,17.0,1
Finance,307096.807834558,0,0,0.1945847018424026,5.0,0
E-commerce,12816.9212793174,1,1,0.5986283643555188,22.0,0
Healthcare,50842.83753175665,7,2,0.2641517941893196,9.0,1
Finance,28559.951136036336,1,1,0.3639449113884764,11.0,0
SaaS,63865.11798174322,5,1,0.2171665326405236,5.0,0
E-commerce,59320.164806794535,9,5,0.3147726739313376,26.0,1
Finance,137405.5675700172,4,0,0.38324206816697,16.0,0
SaaS,319807.99210750376,2,4,0.2093249339621223,1.0,1
Finance,82150.24829981446,2,2,0.1212497818501519,26.0,0
Finance,34274.09077694508,1,0,0.1911216550647038,11.0,0
SaaS,132311.6046596211,5,3,0.1655262955586277,17.0,1
SaaS,376955.22033353976,1,0,0.1834918639372441,7.0,0
SaaS,92658.78571706256,5,3,0.2722105854746139,19.0,1
SaaS,13788.429318065711,0,0,0.619867488947684,15.0,0
Manufacturing,50010.63933272068,9,2,0.3926745142345258,9.0,1
SaaS,34378.115581668295,2,1,0.0997625863913422,26.0,0
Healthcare,23689.191619569203,1,0,0.7594366225231703,54.0,0
E-commerce,23404.437502176228,9,3,0.4667048142402623,24.0,1
Healthcare,19092.21585536896,1,0,0.7414880400885775,43.0,0
Healthcare,44956.51180890605,5,2,0.1454256806284354,11.0,0
Finance,9735.548961011998,0,0,0.6725977827919738,19.0,0
Finance,84352.77130410698,2,2,0.152586190931265,18.0,0
Manufacturing,55033.25825283741,1,1,0.3562497369260196,4.0,0
E-commerce,42685.14723083983,7,7,0.4296950194989319,33.0,1
SaaS,27053.50598543059,3,1,0.1906923637405335,10.0,0
Healthcare,214354.75528581845,4,5,0.3764357788081341,30.0,1
Finance,11207.936686818228,0,0,0.2835271940231726,41.0,0
Finance,102132.06978326075,3,1,0.1875705875010992,12.0,0
Healthcare,264951.39484062715,2,2,0.3640757094456661,5.0,1
SaaS,27079.025812503634,4,3,0.1617180703539996,18.0,1
SaaS,13940.21305954732,1,0,0.7367067898039609,15.0,0
SaaS,22360.88444477821,4,3,0.2587487897635052,14.0,1
Healthcare,483095.6140563244,2,2,0.4872936929734103,9.0,1
Manufacturing,97224.4849734827,2,2,0.5090541076796435,7.0,1
SaaS,20956.37667302344,2,0,0.8067865798234297,31.0,0
SaaS,328850.5538924856,4,1,0.3354395451032248,20.0,0
SaaS,14711.292023870406,1,0,0.8999600488227429,50.0,0
Healthcare,60112.26756134677,6,0,0.419273950772578,9.0,0
Finance,43076.052409765936,4,2,0.0979810032987366,7.0,0
Healthcare,53099.4562870104,7,5,0.1732820235468584,43.0,1
E-commerce,42827.36145258996,8,4,0.2761183160838107,27.0,1
Finance,116647.3981723506,2,4,0.2442061145747298,2.0,1
Finance,70589.20405464243,3,1,0.2594728005961142,19.0,0
Finance,314414.4321406523,0,0,0.1802477313961953,4.0,0
Finance,73058.56196493196,7,5,0.5347413945407481,19.0,1
E-commerce,12555.23277440029,1,0,0.4994652256744403,59.0,0
SaaS,100395.73618962296,3,4,0.4071378134982983,14.0,1
SaaS,38174.21059597279,3,0,0.2518849961329405,6.0,0
Finance,42778.7036635688,7,3,0.2465740465626183,10.0,1
SaaS,167728.56111135354,2,1,0.3268244907235685,2.0,1
SaaS,74054.39087261494,6,2,0.1970408606331391,20.0,1
Finance,287921.1431098266,4,3,0.2835271940231726,10.0,1
Healthcare,115098.41980020312,11,5,0.4052170820876985,30.0,1
Healthcare,76928.5608001895,8,5,0.3007425121111994,21.0,1
SaaS,44244.584847256825,3,3,0.1237964772571122,15.0,0
SaaS,96996.93770421507,5,2,0.6293738602531634,17.0,0
Finance,90742.2285141728,0,0,0.0178143523585392,14.0,0
Healthcare,56637.2878908121,13,14,0.3235499403394514,38.0,1
SaaS,52827.86849128416,3,1,0.5075065149655674,16.0,0
SaaS,123609.29673341922,3,3,0.0968878784340446,13.0,1
E-commerce,59235.53649231934,1,1,0.1699718461168815,34.0,0
SaaS,254829.54925960163,1,2,0.2452132555502381,3.0,1
Finance,55923.30289095286,3,1,0.2423691625847526,8.0,0
Finance,37199.85296114289,3,3,0.1009203483629118,11.0,0
SaaS,130554.66483879308,3,4,0.3619013511658667,15.0,1
Finance,72385.40349538866,4,7,0.2851353979570911,33.0,1
SaaS,66206.99288523811,3,3,0.5644575667551881,18.0,0
Manufacturing,135085.68015584053,2,1,0.1100180894454281,2.0,0
SaaS,57600.10418932828,3,0,0.2506577257443846,22.0,0
Healthcare,65424.5454789384,1,0,0.1178135793468218,19.0,0
SaaS,92660.50782022878,7,1,0.2536676557030031,21.0,1
SaaS,63279.84010278448,2,1,0.1036117431393954,20.0,0
SaaS,36740.97816717664,2,1,0.1701618036108588,21.0,0
Manufacturing,137427.9876799388,1,5,0.5041219367041244,1.0,1
Healthcare,148771.84868416103,3,3,0.314533040114434,14.0,0
Manufacturing,31226.08892504053,4,2,0.3283828904098099,25.0,1
Manufacturing,59405.606439271134,4,0,0.455998196405114,19.0,0
Finance,133800.65046445906,2,2,0.1655277985119914,21.0,0
Finance,55702.20316898407,3,2,0.1363996319271721,19.0,0
Finance,32941.87541525085,3,1,0.2994806453572636,38.0,0
Finance,199694.6695596536,2,0,0.1626880132691094,18.0,0
Finance,78847.30064945343,0,0,0.0688253527182873,10.0,0
SaaS,23234.03560405937,7,3,0.218623638785813,6.0,0
Finance,47840.505931385145,5,3,0.3848233445490873,23.0,1
Healthcare,27172.004455891736,0,3,0.2784624656280969,20.0,0
E-commerce,152963.3714488603,1,2,0.2040406265677948,6.0,1
Finance,45463.57681732994,6,2,0.1775804634918218,10.0,0
E-commerce,39064.65821137225,7,5,0.4506684528136587,29.0,1
Healthcare,192266.35922048884,2,0,0.2504110549138577,31.0,0
Finance,88064.14311887512,4,4,0.2369557026125006,21.0,1
SaaS,54700.48707647731,4,0,0.2791752284524267,13.0,0
SaaS,13239.183811910243,2,0,0.646121267566565,45.0,0
E-commerce,34175.65588226137,1,1,0.0373719613712003,29.0,0
SaaS,72747.3369565617,6,3,0.2088126871144672,14.0,1
E-commerce,371349.03120773984,1,3,0.2621536042517672,10.0,1
Healthcare,233633.44337528577,0,0,0.0848349540662609,7.0,0
Finance,84291.57817862564,6,5,0.171807002154238,42.0,1
E-commerce,12513.732264394754,7,2,0.2845037987158857,18.0,1
E-commerce,22884.70226202012,5,1,0.2117304752794419,16.0,0
Manufacturing,52856.8846247082,8,5,0.3728662858989643,16.0,1
Healthcare,26495.597423526626,4,0,0.2061221027613758,9.0,0
Healthcare,24506.762235979742,5,3,0.2170895694295951,38.0,1
E-commerce,34106.796266205914,7,7,0.3115612429993741,23.0,1
Healthcare,231826.04870700467,4,6,0.2835271940231726,3.0,1
Manufacturing,26158.098010894588,6,3,0.2235318597328883,31.0,0
E-commerce,50478.29267765216,4,1,0.1851567212810765,19.0,0
Healthcare,110961.92726584732,2,0,0.1192806215911436,10.0,0
E-commerce,17366.07243303117,8,8,0.4367152938527109,38.0,1
E-commerce,29680.980118835872,2,3,0.4453831926410634,16.0,0
Finance,252843.7424228176,2,3,0.1842243853667404,2.0,1
Manufacturing,9122.981870769232,2,0,0.5862656624019145,51.0,0
SaaS,141952.90968288475,0,0,0.161577735741465,10.0,0
E-commerce,219210.09730451787,4,2,0.4271282061908399,2.0,1
Healthcare,62139.55388250102,3,1,0.2273877322790683,8.0,0
E-commerce,308453.82238040573,0,0,0.2220734391892179,14.0,0
Healthcare,15947.965545899962,1,0,0.7749794333233265,34.0,0
Finance,92832.610504643,6,3,0.2763911878240969,15.0,1
Manufacturing,25727.727518739623,7,3,0.2816137063081868,20.0,1
Finance,221922.8979994525,1,2,0.1647026501030316,14.0,0
Healthcare,37725.612982149294,4,1,0.1946378052683743,23.0,0
Manufacturing,21555.972751671517,6,5,0.3928685935299998,23.0,1
Manufacturing,11760.995585083843,1,1,0.7272504103786687,32.0,0
SaaS,9027.188084093805,1,1,0.7765109357811862,19.0,0
SaaS,54480.51268389416,5,3,0.246273679043384,15.0,1
Healthcare,232094.68893228995,2,2,0.1458465772927185,11.0,1
Healthcare,58684.51105523659,6,1,0.2963733239310723,16.0,1
Healthcare,240633.16344877685,3,4,0.2863001552810194,2.0,1
SaaS,26431.67451816173,2,2,0.4197748797503473,31.0,0
E-commerce,165003.12152219057,2,2,0.2669780592885497,17.0,1
E-commerce,137571.95766038392,2,2,0.1624952505777548,1.0,0
E-commerce,32953.70828639016,3,2,0.2500329752508573,23.0,0
Finance,93369.80555668449,6,6,0.4078653360704564,22.0,1
SaaS,16691.36088510372,2,0,0.725409469393648,37.0,0
Finance,47513.2946956212,9,6,0.4071535329668878,23.0,1
SaaS,67303.86877443336,5,5,0.2197346725753017,26.0,1
Healthcare,20172.989979494658,2,0,0.6253252934060574,54.0,0
E-commerce,102257.82886339484,9,4,0.4409024960334168,27.0,1
Healthcare,258484.99652547564,2,3,0.2871748682142442,1.0,1
Finance,53100.39282173759,3,1,0.133927264182181,15.0,0
Finance,129993.37565425056,1,2,0.3229517046869035,0.0,1
E-commerce,116614.29474443429,1,2,0.1769780986331763,8.0,1
SaaS,22025.434282516697,9,4,0.5924174491406938,12.0,1
Finance,90203.33420291918,5,4,0.236370013763182,14.0,0
Finance,30828.37453261448,16,12,0.5424992287995686,33.0,1
SaaS,35630.89919646572,3,2,0.3042769125904796,17.0,0
Finance,16373.566212076345,1,0,0.6429303665292606,83.0,0
E-commerce,18108.899530273924,7,5,0.1201436138860445,22.0,1
SaaS,67753.5798991516,3,3,0.3869339148521628,14.0,0
Finance,17406.40994832742,4,0,0.6527456423137072,17.0,0
Finance,22552.590664757467,8,3,0.1952789141314223,17.0,1
Manufacturing,65977.00555659733,1,1,0.0329517130531188,13.0,0
Healthcare,167070.72223412024,10,4,0.2606431171346415,20.0,1
Healthcare,61033.4346635554,2,2,0.2936070410142871,24.0,1
E-commerce,16667.179823907903,2,0,0.6555701851446796,41.0,0
Manufacturing,154309.89536829936,2,0,0.1149211706727491,41.0,0
Manufacturing,53435.87201220591,5,3,0.2877198738086537,22.0,0
E-commerce,34076.336992159806,4,1,0.1403663326598321,21.0,0
Healthcare,57604.49634293567,6,2,0.2132897546243684,5.0,0
Finance,49007.62382659166,5,3,0.1837784071003773,17.0,1
E-commerce,37254.34303148357,2,0,0.1997776562346046,19.0,0
SaaS,28735.347268158144,3,4,0.1542786200386089,23.0,1
Healthcare,55393.10603001658,9,5,0.3777580966407768,28.0,1
Manufacturing,24308.21356780059,4,3,0.2890853558234997,22.0,1
Finance,44671.35642409476,8,0,0.3808178797090258,16.0,1
SaaS,37037.55059068839,1,1,0.3829427101539809,16.0,0
Finance,15028.516139991125,2,0,0.705698995778054,37.0,0
SaaS,26975.55051885108,2,3,0.3885942261077583,12.0,0
Finance,200619.51873556568,0,0,0.3732789585633159,9.0,0
Finance,105417.799956589,1,0,0.1885766484477083,24.0,0
Finance,99203.47502503057,3,1,0.3695293674789045,16.0,0
SaaS,12728.745427064754,4,1,0.1869190661541376,7.0,0
SaaS,22292.726823323526,2,1,0.2835271940231726,22.0,0
SaaS,29585.304672526683,8,4,0.3542487417699665,13.0,1
Manufacturing,172653.03294858328,1,1,0.1717529135212696,13.0,0
Healthcare,36555.12070240476,1,1,0.2028349899046218,8.0,0
Healthcare,47587.92822087661,1,3,0.1845650707538705,32.0,0
E-commerce,46610.41654894914,3,3,0.2423521972361773,28.0,0
Finance,62159.58495806524,6,2,0.2681312651983681,10.0,1
Manufacturing,42181.85437741301,1,0,0.0437260397246487,22.0,0
Finance,76302.35259898868,5,2,0.3179775303271374,27.0,0
Manufacturing,34709.09326010994,0,0,0.0304531752891162,18.0,0
Finance,110038.17559987356,10,7,0.2928352476563539,19.0,1
E-commerce,195821.79958372103,0,0,0.2522505337981554,8.0,0
SaaS,41144.76608298469,3,3,0.0861650804083628,26.0,0
Manufacturing,53713.81392244839,2,1,0.3556716375489963,20.0,0
Finance,14426.584759519574,3,0,0.6896224661291241,59.0,0
SaaS,229595.89715779497,0,0,0.2054555201742513,12.0,0
Manufacturing,86033.34062732018,3,2,0.2086610557684182,19.0,0
SaaS,32555.35166508179,3,1,0.2059049583450229,7.0,0
SaaS,13998.884638711996,2,0,0.5395502262720075,47.0,0
SaaS,52034.231285622496,10,11,0.3437731495516269,30.0,1
SaaS,58203.113586578,0,0,0.1364043396536157,12.0,0
SaaS,15039.159088636794,3,0,0.6137356077044895,18.0,0
SaaS,235532.21363904013,2,1,0.1989502183632556,10.0,0
Manufacturing,43142.79701162411,1,2,0.0431137009491226,11.0,0
Finance,396903.2236362048,4,5,0.2432069961559962,6.0,1
Healthcare,83834.39992126715,2,2,0.1372982996987007,16.0,0
Manufacturing,56416.94096660656,8,3,0.3381810029057843,10.0,1
E-commerce,12589.383613916803,0,0,0.7382513869269396,66.0,0
SaaS,10765.005650588262,2,0,0.6139426647194002,79.0,0
SaaS,352736.3216854806,1,1,0.2835271940231726,11.0,1
Healthcare,13946.730229245331,1,0,0.8518144586276175,42.0,0
Finance,151795.3419825753,4,9,0.3919388350232521,5.0,1
SaaS,58658.66498650764,6,2,0.3254953890395242,18.0,0
Healthcare,250682.2131527218,1,2,0.250650852916594,7.0,1
SaaS,128213.88018424284,14,5,0.5458104703910458,24.0,1
Finance,173125.4426555839,6,2,0.2172211115940801,14.0,0
Manufacturing,12310.03221928774,0,0,0.6845246619945176,32.0,0
Manufacturing,111247.89978446232,1,3,0.1084515904242315,4.0,1
SaaS,213231.3400667195,1,0,0.2399581866815318,19.0,0
SaaS,101766.96571920518,1,3,0.1468731039464295,9.0,1
Healthcare,58100.57393441915,3,1,0.2747831513051,22.0,0
E-commerce,11711.36209576078,1,1,0.6250230548161398,34.0,0
SaaS,37596.44151704276,11,5,0.2518295093244158,26.0,1
Finance,43897.76250670446,6,4,0.2406695001730641,9.0,0
Manufacturing,21650.42957402641,2,3,0.6223687247187583,20.0,0
E-commerce,94954.2711506727,6,4,0.25699178765207,25.0,1
Manufacturing,37388.66127229789,1,0,0.1632777423703997,30.0,0
SaaS,19681.35924950473,1,0,0.7599807731632517,41.0,0
SaaS,145847.75104834506,3,5,0.2691833280030623,19.0,1
Healthcare,38241.37212262215,2,0,0.1926458185634939,11.0,0
Manufacturing,10147.91273657612,1,0,0.7308080716849278,63.0,0
E-commerce,26714.65949469922,4,2,0.1148042259577102,12.0,0
Finance,23227.70921448032,2,0,0.2101137769915188,9.0,0
Finance,31425.649382509404,2,3,0.1147495389685115,13.0,0
Healthcare,46870.631108572656,10,4,0.3289404855341473,22.0,1
E-commerce,73223.99739721954,4,1,0.2272466245426976,13.0,1
Manufacturing,49944.35845971819,2,1,0.2174738772861267,16.0,0
Finance,70489.92996515546,4,2,0.1894399413252731,24.0,0
SaaS,30273.125500369177,6,3,0.2697277118904509,23.0,1
Healthcare,180473.6405810509,8,3,0.2835271940231726,14.0,1
Manufacturing,18305.7873307864,17,10,0.5238561150071139,35.0,1
E-commerce,30176.71336484773,3,1,0.1403454881818053,9.0,0
E-commerce,24530.322969737696,1,3,0.2328324571416812,14.0,0
SaaS,110123.363602339,5,2,0.1810069848565962,21.0,0
Healthcare,93725.2645220309,3,3,0.1458288365462944,23.0,1
Healthcare,255848.74384848788,3,3,0.2187964468625086,13.0,1
Finance,32545.58829246917,6,5,0.2592715559769451,16.0,1
E-commerce,139924.9447341885,1,0,0.2310070423179968,2.0,0
E-commerce,69991.10152216475,3,1,0.3034824228780183,13.0,0
Manufacturing,27400.336058869223,8,7,0.3658617976953726,23.0,1
Manufacturing,64277.377608809926,8,5,0.3487639556792922,34.0,1
SaaS,165243.6303920886,2,1,0.0453753532372143,5.0,0
E-commerce,22573.05283582133,7,2,0.3407590588638917,13.0,1
Manufacturing,35859.81233909638,2,4,0.5210157257706092,8.0,0
E-commerce,12972.056885310403,4,0,0.7838992380549866,37.0,0
Finance,211463.95318650632,1,1,0.2531778120862927,0.0,0
SaaS,44396.12750154852,3,0,0.3733455753088242,8.0,1
Finance,65958.08191720488,3,4,0.1266187372416024,21.0,0
Manufacturing,396978.5975720153,3,3,0.2530414275028857,13.0,1
SaaS,32437.260064216043,13,2,0.3650316151285505,13.0,1
Finance,14246.496128390154,7,3,0.2448350232851807,10.0,1
SaaS,98696.4075349287,6,3,0.3953428664432331,30.0,1
SaaS,77377.15469118605,3,1,0.1714483223719402,15.0,0
Healthcare,39715.876630353065,5,5,0.3264834193409945,11.0,0
Finance,18299.17750782807,5,3,0.2238556756289335,24.0,0
SaaS,25393.85616417385,8,4,0.2883567349199499,24.0,1
SaaS,13957.201350213987,2,0,0.857125510496271,53.0,0
E-commerce,351873.3341523496,4,7,0.0732354025160035,8.0,1
SaaS,46460.27978104177,4,3,0.3412248605439749,29.0,0
E-commerce,33062.71038354602,1,0,0.2915973345837775,12.0,0
SaaS,73646.08913387901,0,0,0.0906861361956285,11.0,0
SaaS,26635.37169498354,7,5,0.4082411710806327,24.0,1
E-commerce,51610.69822667229,0,0,0.0863853984597558,7.0,0
Healthcare,38818.89112684589,5,2,0.2543434724492425,15.0,0
Finance,313923.79576723813,1,1,0.1714588429894884,2.0,0
Finance,80719.50073513521,2,0,0.125009225964518,27.0,0
E-commerce,15522.401153153593,3,0,0.5343550051589719,41.0,0
SaaS,42042.19031823376,2,0,0.2866834029136301,13.0,0
SaaS,328161.3083879166,5,6,0.4792133859539912,4.0,1
Finance,69649.17931301263,2,0,0.1305104324047803,26.0,0
Finance,284920.84667873883,1,5,0.2535607311449409,5.0,1
Finance,14016.532809285502,1,0,0.7809728718487617,36.0,0
Healthcare,371312.7436704905,6,9,0.3564048656410443,6.0,1
SaaS,37035.47914162235,3,0,0.2514176738037433,13.0,0
Healthcare,25425.687862461586,2,0,0.2142254490594868,10.0,0
Healthcare,57427.0855276188,2,3,0.2835271940231726,9.0,0
Manufacturing,52362.88822113347,7,6,0.2014403220344015,19.0,1
Healthcare,66202.26064431042,0,0,0.1013843260749052,7.0,0
SaaS,33020.18402645467,6,5,0.2835271940231726,32.0,1
E-commerce,37268.19085328434,2,2,0.0905740103542875,18.0,0
Healthcare,16241.698937872758,1,0,0.8195865293456904,67.0,0
SaaS,71611.695843648,5,4,0.148809085322037,19.0,0
E-commerce,91295.7406680434,6,2,0.2545226151638556,25.0,1
Manufacturing,20616.16397889288,1,0,0.1133254086865678,20.0,0
Finance,97794.81269270516,4,1,0.4155395155742523,19.0,1
Manufacturing,28019.145111357357,9,1,0.3195152791418092,13.0,1
SaaS,143570.71365896202,3,2,0.2855015788968718,5.0,1
Healthcare,59081.1373266392,2,0,0.1133969116209736,6.0,0
SaaS,56264.35479931529,3,1,0.4145481470139511,6.0,0
Manufacturing,72058.02094879097,2,2,0.110155840242276,14.0,0
SaaS,46696.42543985923,3,6,0.3530830805175797,16.0,0
Healthcare,66680.18223684934,4,3,0.154384933988624,17.0,1
SaaS,143481.5725691536,3,3,0.1420455477875213,9.0,1
Finance,21234.705866004915,2,0,0.6912338192998342,40.0,0
Finance,477584.0086711549,1,4,0.1356617540828282,11.0,1
Finance,34544.48113370639,6,5,0.2335550171990026,15.0,1
Finance,45565.56338164137,4,0,0.2558893978009149,8.0,0
Finance,264559.40158760647,3,5,0.4124767622981286,4.0,1
Finance,52842.99479012961,3,4,0.1594468183720153,29.0,1
SaaS,38169.295568222544,2,1,0.1092612709464303,21.0,0
Finance,178676.42053999347,3,4,0.1996358816590576,19.0,0
Healthcare,19297.200398449204,0,0,0.7456078965798998,58.0,0
E-commerce,72793.4111428442,1,0,0.0409537951623012,17.0,0
SaaS,55478.30833782524,6,6,0.3592252767476256,27.0,1
SaaS,33204.03896851845,8,5,0.3486830778185439,28.0,1
Finance,74665.82231809312,7,2,0.5335570677710653,13.0,1
Finance,148386.56678406187,2,4,0.410763401880543,14.0,1
Finance,71210.80366815404,7,1,0.1918692871502048,3.0,0
Finance,253116.5439680826,0,0,0.2406108568981279,5.0,0
Healthcare,10851.94008824147,0,0,0.5913831447942208,21.0,0
Finance,50921.385662559696,5,1,0.1862648295171464,23.0,0
Finance,42412.22367722278,5,4,0.1996585945834926,27.0,1
Finance,48801.03909013302,5,1,0.4086833992219225,9.0,0
SaaS,6703.403828456661,1,0,0.7983138503155293,40.0,0
Finance,50172.940750485184,5,3,0.3261663245407053,11.0,1
Healthcare,108041.6217935976,8,4,0.3947535641715739,24.0,1
SaaS,77620.25924889189,1,1,0.1326909410204351,10.0,0
SaaS,211724.1669299476,5,1,0.2859282098694516,17.0,1
Finance,188655.55735406408,4,0,0.2461632840282719,16.0,0
E-commerce,68202.86058393924,3,1,0.2193673618123015,17.0,0
SaaS,58197.89248750138,1,4,0.2070595246168038,6.0,1
Finance,25787.901316864714,2,0,0.7734449038517479,69.0,0
E-commerce,65309.11461905479,2,1,0.2677283817019311,24.0,0
Manufacturing,74129.53416924877,9,7,0.3747543581473719,34.0,1
Finance,58423.1659876639,8,7,0.2275152666637772,29.0,1
Healthcare,123215.08147679584,6,4,0.3379953300795374,19.0,1
E-commerce,123495.58160904238,1,0,0.2888407461617984,2.0,0
SaaS,68582.37125112566,0,0,0.2057650319278125,3.0,0
Finance,119193.58764303885,4,0,0.2410003712750595,3.0,0
Finance,23073.494341157755,0,0,0.6256111514572984,16.0,0
Healthcare,73743.57853067965,7,1,0.3126445496411709,32.0,1
SaaS,22696.472929112228,2,0,0.1705475629380357,17.0,0
SaaS,51983.25204830439,3,4,0.1386396381978241,17.0,0
Healthcare,38127.82312052391,9,4,0.3407282260592841,20.0,1
SaaS,61066.74485575167,5,2,0.2935305888672878,14.0,1
SaaS,66285.78911690475,11,7,0.4879989994473907,23.0,1
Finance,15793.967905259868,2,0,0.7869595291854643,51.0,0
Healthcare,100549.9534151699,10,6,0.3759087839302646,26.0,1
SaaS,47462.05816174203,2,2,0.1918995752634762,18.0,0
E-commerce,34426.853933051134,8,4,0.2152919096305931,20.0,1
SaaS,17006.03815648966,0,1,0.5819203982145773,44.0,0
SaaS,81122.95621224756,4,4,0.3212344804273553,15.0,0
Finance,72283.13136936481,3,2,0.2835271940231726,22.0,0
Healthcare,44278.01045654532,5,2,0.3880831192981893,20.0,1
SaaS,95490.63044185496,3,1,0.4434012288847412,10.0,0
Finance,76354.52011523099,2,1,0.1062041743332184,36.0,0
Healthcare,52933.605906435885,3,1,0.2057011686165084,20.0,0
Healthcare,14011.842614198282,1,1,0.5633156423920939,32.0,0
Finance,80902.93733980674,3,2,0.0976143878830074,16.0,1
Healthcare,60482.00375972154,4,6,0.2371305710539764,36.0,1
Finance,65565.1930003586,4,3,0.4265477746454506,29.0,0
Healthcare,78288.91749230502,11,6,0.2869612486784659,25.0,1
Finance,21638.37759214496,2,0,0.5391375933673116,34.0,0
E-commerce,413108.2116119086,1,0,0.2344817639925986,8.0,0
SaaS,39148.98298598525,11,3,0.3943160364845849,19.0,1
SaaS,37647.71740388759,7,3,0.3148644914658913,29.0,1
E-commerce,60704.428344198765,3,0,0.0782995844219577,16.0,0
SaaS,25114.833292305982,2,1,0.1157969670698727,8.0,0
Finance,39410.27954997249,7,6,0.2473895827440433,16.0,1
SaaS,55051.65750635245,8,5,0.3180319428892782,26.0,1
SaaS,60275.865643147714,3,0,0.3276058260057209,10.0,0
SaaS,53198.49659153982,5,6,0.2285585203864485,29.0,1
Healthcare,47967.78731339644,3,3,0.2673630523208978,13.0,0
Finance,161820.50184169938,10,9,0.4937843267264497,23.0,1
Healthcare,109390.01223316518,6,2,0.3842347862642528,15.0,0
Healthcare,27063.715605939557,6,4,0.1842202230768454,21.0,1
SaaS,58240.20206120148,3,1,0.2835271940231726,3.0,0
SaaS,29923.646398992896,5,3,0.1962312866136768,18.0,1
Healthcare,70266.0803546092,2,0,0.3011804687204845,23.0,0
Manufacturing,128779.6189386584,0,0,0.1803852142673173,9.0,0
SaaS,88918.76837482423,3,1,0.2838897227718229,12.0,1
Finance,75653.54632564871,3,3,0.4116039180957592,6.0,0
Finance,104659.24804834009,4,5,0.1843282584660924,15.0,1
Finance,308037.8051280741,0,0,0.0683635742539141,1.0,0
Finance,351026.2899326452,3,1,0.2420036650443359,5.0,1
Finance,14126.9384441189,2,1,0.6902756189881513,43.0,0
Finance,27952.1190519342,4,2,0.2545027493940423,19.0,0
Healthcare,249187.60046967,1,2,0.1543878873630434,7.0,1
Finance,139502.96369015973,2,3,0.0726101835399566,29.0,1
E-commerce,22526.520135887484,2,0,0.5997250432076074,27.0,0
Finance,17912.05210661994,5,0,0.2835271940231726,71.0,0
SaaS,189526.4511600448,2,2,0.1848371650153518,19.0,1
Healthcare,360876.5196367417,1,2,0.2049582627325944,4.0,1
Manufacturing,133176.06130075894,9,9,0.3400570781508699,44.0,1
Finance,124820.82142886551,6,7,0.2624622539770464,30.0,1
Healthcare,54956.672750251215,4,4,0.2536940165553669,20.0,1
Manufacturing,148963.14316186737,1,1,0.1916949249833736,2.0,0
E-commerce,13956.279671592429,0,0,0.3794425565045088,55.0,0
E-commerce,45549.546568445934,4,3,0.5075723345598568,6.0,0
Healthcare,99581.06296098142,1,0,0.1110147487964742,40.0,0
Finance,18335.193082240818,2,0,0.4893546067400636,34.0,0
SaaS,50220.64919751206,2,1,0.1586669618763914,27.0,0
Manufacturing,13682.518562082929,4,2,0.3615033800917015,14.0,0
SaaS,10807.758123380354,0,0,0.8285033016575879,77.0,0
SaaS,39070.459198078745,1,2,0.3008641206211113,9.0,0
Healthcare,178952.1284924789,4,6,0.546761408671009,13.0,1
E-commerce,52290.44717288194,6,4,0.1872783181972763,20.0,1
Finance,21602.620318190253,0,0,0.7584433374392922,60.0,0
Healthcare,70875.84113665405,2,0,0.1925724178920657,6.0,0
Healthcare,108534.1692325073,1,3,0.144889411773101,3.0,1
SaaS,97735.3592488045,1,0,0.1621699682513597,2.0,0
Finance,174426.99866445063,0,0,0.1102780546236025,15.0,0
Finance,80346.15273715697,9,5,0.2135465964416562,30.0,1
SaaS,69567.27790747916,7,0,0.3701564840637179,8.0,1
Healthcare,19052.529594932417,11,8,0.4058906501933707,53.0,1
SaaS,28028.97697477837,5,1,0.2423993896972822,15.0,0
Finance,90073.1212280498,4,2,0.165083098389234,19.0,0
SaaS,40441.01574223077,4,1,0.2623738607743728,6.0,0
SaaS,90763.85922370144,1,4,0.2392416443218688,10.0,1
Finance,51582.689236769285,2,1,0.3104928052788755,11.0,0
Healthcare,155565.90578865976,0,0,0.1810311791242985,11.0,0
Finance,62918.81695886787,6,1,0.2361521636350179,23.0,0
Finance,376303.79417658783,2,1,0.1409156188478637,7.0,1
Manufacturing,113043.44667908868,4,1,0.0820060564907275,11.0,0
Healthcare,169661.2139849848,1,0,0.163618181235503,16.0,0
E-commerce,47837.46283118258,5,5,0.2909389089910761,37.0,1
Healthcare,118309.33691180598,4,0,0.1349029123236438,16.0,0
SaaS,248510.3438895776,0,0,0.1929117665173561,4.0,0
E-commerce,178405.23330743457,6,4,0.1362790761733956,30.0,1
SaaS,13989.079743838698,1,0,0.4937225507410057,38.0,0
SaaS,140941.0004255743,6,3,0.4128156050074674,24.0,1
Healthcare,65888.52332219789,3,1,0.1475163527832866,17.0,0
Healthcare,36040.89259454058,0,0,0.0853025207813681,12.0,0
Manufacturing,150533.72454457066,3,6,0.5412328115556703,5.0,1
E-commerce,12087.272711771106,4,0,0.7993515673764396,45.0,0
Manufacturing,120445.775022398,1,0,0.2042138332700906,12.0,0
Finance,314337.7517563112,3,3,0.3482514134249043,12.0,1
SaaS,15069.347893228854,1,0,0.8210343783412754,43.0,0
Manufacturing,42735.272179177184,12,6,0.334677961549893,31.0,1
Finance,15846.360414229352,1,0,0.8416012675183978,40.0,0
Finance,73564.86182312125,1,2,0.1351966584851012,14.0,0
SaaS,31035.5274364237,5,5,0.2835271940231726,21.0,1
SaaS,40918.61148735587,10,4,0.1734724428152454,24.0,1
E-commerce,26697.347868755613,5,3,0.3560844998131149,14.0,0
Finance,71806.36704743191,7,2,0.3303104647919622,8.0,0
E-commerce,40923.57645417292,4,0,0.3960906452533841,11.0,0
Finance,151290.21965935145,0,0,0.1594485421111768,3.0,0
Finance,31224.52292726479,3,3,0.1403461352237516,20.0,1
Finance,34421.90086731906,0,1,0.2694863474373931,17.0,0
E-commerce,23042.876683964525,3,2,0.1755406528244609,17.0,0
SaaS,43148.21317283097,12,8,0.5546806545100469,33.0,1
SaaS,80095.26800803574,1,0,0.181494558368969,18.0,0
Healthcare,77752.53797141217,2,2,0.311807208401077,21.0,0
E-commerce,13725.122092610776,0,0,0.636000772520961,18.0,0
Healthcare,66041.84405133493,8,8,0.283537497407312,31.0,1
E-commerce,50276.04532682175,3,4,0.4128845392785539,13.0,0
Healthcare,21078.522490941767,1,1,0.6818787928242181,31.0,0
Healthcare,243879.2028223583,2,2,0.2697742579168594,4.0,1
SaaS,271255.29558691906,1,1,0.3132164199810828,7.0,0
Healthcare,248266.5031035813,16,11,0.4343023350411797,33.0,1
SaaS,22207.540401880426,8,0,0.5616519205188681,96.0,0
SaaS,36180.470723616905,2,1,0.1955973317099229,11.0,0
Finance,58463.09523981453,5,2,0.2230041477116163,9.0,0
E-commerce,74606.12144986518,0,0,0.03887354817765,7.0,0
Healthcare,62260.50539878321,3,1,0.2659336904346865,26.0,0
SaaS,141953.61815203354,3,3,0.1418727863597352,18.0,0
Manufacturing,18226.762600655376,5,4,0.3737022724445016,14.0,0
SaaS,167392.7011812269,3,4,0.1433014478874833,6.0,1
Finance,39314.42513055815,3,2,0.3265914029391908,19.0,0
Manufacturing,33151.21759931391,15,5,0.4243421118462949,33.0,1
SaaS,55931.75997762165,7,3,0.4206827252046088,44.0,1
Healthcare,122569.88513220404,3,1,0.1499865081833981,12.0,0
Finance,184655.7425860671,3,6,0.24729680916777,3.0,1
E-commerce,50249.07467659348,2,2,0.107225845088185,15.0,0
SaaS,185510.8811369369,0,0,0.2338284642743328,10.0,0
SaaS,142581.51573190096,2,0,0.1530647296721519,29.0,0
E-commerce,14477.367956279017,1,1,0.7435291267500063,52.0,0
E-commerce,50504.54220143782,6,1,0.310129036925921,25.0,1
Finance,196431.0258095065,1,0,0.283054844038872,4.0,0
Healthcare,86466.52757995861,1,1,0.2109332336013225,11.0,0
Finance,51702.10549409785,1,0,0.0996799730229787,13.0,0
SaaS,9801.539800633387,0,1,0.5905611964527774,64.0,0
Finance,103315.78521808192,4,2,0.1943534904133594,16.0,1
SaaS,48444.51623753172,2,1,0.1116834743398806,18.0,0
E-commerce,22294.887310590664,5,6,0.2848114548184184,25.0,1
E-commerce,44276.74657870885,5,2,0.3280336936737623,9.0,0
Healthcare,99824.80943105053,2,2,0.1613873064936194,11.0,0
E-commerce,45117.99283269274,7,5,0.4433052266302505,16.0,1
Finance,85072.65116380576,6,1,0.3007372463926347,33.0,0
E-commerce,65323.20973422574,2,1,0.2963761613478073,16.0,0
Finance,48356.4803701503,4,4,0.2835271940231726,12.0,0
Healthcare,13897.149314687043,4,0,0.8871292155465577,25.0,0
E-commerce,12450.971259518265,2,0,0.8797144001689284,45.0,0
Finance,272761.74928456463,1,0,0.4151516207246111,0.0,0
Finance,13604.894970770674,0,1,0.7124188206686732,50.0,0
SaaS,43240.00282823637,3,4,0.4120564388200676,15.0,1
SaaS,83518.75705346729,3,1,0.1702589967166129,9.0,1
SaaS,14640.743048756563,2,0,0.6470834572122706,21.0,0
SaaS,106914.4461135174,2,4,0.2608547600731563,21.0,1
SaaS,19849.74065168371,6,3,0.2483367557814746,16.0,1
Healthcare,60427.8763963336,8,4,0.3761658446439831,21.0,1
Healthcare,186944.51191015635,8,4,0.3731025851193784,32.0,1
Finance,35865.55483649974,1,1,0.1713144498748077,12.0,0
Manufacturing,186478.2879988594,0,0,0.3662460439578123,1.0,0
SaaS,14774.109975538186,2,1,0.7393422232541385,22.0,0
Healthcare,237150.3001787326,0,0,0.222261844112335,8.0,0
SaaS,133748.65146563476,5,8,0.1945929995440625,37.0,1
Manufacturing,17533.731694012746,2,0,0.6547965568148881,53.0,0
Finance,70383.8116372872,0,0,0.1382109843008808,20.0,0
SaaS,14760.81145613898,1,1,0.5696528679026479,68.0,0
SaaS,96477.77946700245,5,2,0.3618660516374595,21.0,1
SaaS,267523.0011255357,3,5,0.4517403816794744,6.0,1
Finance,274931.3601588979,0,0,0.2161258626124215,19.0,0
E-commerce,17628.36282168771,3,0,0.7179592253452217,16.0,0
Manufacturing,52195.73301606701,3,0,0.2730804427561717,10.0,0
SaaS,13906.601259184376,2,0,0.777773156280437,59.0,0
SaaS,84663.97048741067,9,8,0.3293373314306578,20.0,1
Manufacturing,344364.6383188316,1,2,0.1449965623128251,19.0,1
SaaS,122510.48695976338,4,0,0.6164026526345678,11.0,0
Finance,64634.0390305244,8,6,0.2663641210487889,17.0,1
SaaS,260450.8140541987,2,1,0.2260870984322081,4.0,0
SaaS,223161.2251056037,4,3,0.2081879265247526,18.0,1
Healthcare,37435.1498486148,13,16,0.5260563584055492,45.0,1
SaaS,152691.09681744914,1,1,0.1080256009641228,7.0,0
Manufacturing,25599.409054909916,4,0,0.6547075265192664,72.0,0
Manufacturing,46391.22662594353,4,3,0.2830277757490465,16.0,0
SaaS,77414.95355253367,9,5,0.3413228362298793,13.0,1
Finance,110797.5608841286,9,5,0.4585507594403523,19.0,1
Manufacturing,31986.34405957557,5,3,0.1836057716571883,19.0,1
E-commerce,77443.88975159773,1,1,0.1154643481935051,16.0,0
Finance,350096.43288039207,1,0,0.1142805932831131,14.0,0
Manufacturing,26728.64850914329,0,0,0.0724739422236706,9.0,0
E-commerce,102037.93385390012,4,5,0.2212048791025202,23.0,1
SaaS,28648.285697627605,4,2,0.2094729577329342,9.0,0
SaaS,76766.29711026042,5,1,0.3617053092192576,35.0,1
Healthcare,23111.021297285955,4,3,0.1663466193750091,18.0,0
Finance,13323.917912150508,2,0,0.5114168339902475,50.0,0
Healthcare,57579.51009971533,3,3,0.2718163470356188,10.0,0
E-commerce,90734.03033435182,1,1,0.2118081048505333,19.0,0
Finance,205282.5884030943,0,0,0.1070325787474047,4.0,0
Healthcare,35570.33491331261,3,3,0.2897352581319861,24.0,0
Healthcare,206060.85038032755,0,0,0.2492768182712707,9.0,0
SaaS,32028.7743767878,3,1,0.2339477396064252,24.0,0
Manufacturing,13728.297544285328,4,3,0.1693638552098521,17.0,0
Healthcare,391576.9848702471,1,2,0.1134715147921115,6.0,1
Healthcare,75045.42246964072,3,4,0.1545552527334129,33.0,1
SaaS,35588.613048965984,8,1,0.2404119023199321,12.0,1
SaaS,48217.02309091408,2,0,0.1761355010646994,7.0,0
Finance,18945.396487608017,1,0,0.6121839752940093,61.0,0
SaaS,379447.2962150832,3,2,0.3951332289226946,7.0,1
Finance,48083.94839389122,5,3,0.221788650923436,20.0,0
Finance,25429.465439654905,0,0,0.8238601133854864,56.0,0
SaaS,41775.23330375708,3,2,0.1985516770633285,13.0,1
Healthcare,46967.65616617512,0,0,0.1341451458921783,7.0,0
Manufacturing,35065.9487465747,5,3,0.1652535389955489,18.0,1
Healthcare,28971.95991749087,2,0,0.2137158626700351,12.0,0
SaaS,36059.8554049168,2,3,0.1425915930227881,11.0,0
SaaS,36529.5316720472,3,8,0.368725205207368,11.0,1
Finance,87387.8285943097,5,2,0.2933977007726067,11.0,1
SaaS,43407.10595438488,1,1,0.4232280904988829,24.0,0
Finance,68676.50586041056,1,0,0.1416970303423386,27.0,0
Manufacturing,16299.485643300706,2,0,0.6718534246374736,82.0,0
Finance,162795.1803274019,1,3,0.4209698403169742,9.0,1
Healthcare,164518.84242772596,0,0,0.0429864024083981,9.0,0
Finance,23878.96603139899,15,10,0.2835271940231726,53.0,1
Manufacturing,27737.63420445197,2,0,0.1879486894070137,27.0,0
SaaS,73722.28522434455,12,4,0.4182855459127658,35.0,1
SaaS,193948.3919772643,4,4,0.345949257302018,11.0,1
Finance,76723.11904919811,6,4,0.2289955879513385,11.0,1
SaaS,37756.00923457023,5,1,0.4207234289801527,8.0,0
Finance,110332.1440110898,3,2,0.2352893423079232,17.0,0
E-commerce,90648.15821091026,3,3,0.2718740950586824,16.0,1
Finance,19757.684060990145,2,0,0.7235051659373629,53.0,0
Finance,151252.94446065504,1,0,0.2319112008767508,14.0,0
Finance,39550.476081482055,4,2,0.3288016756410147,19.0,0
SaaS,209749.3916003636,1,0,0.2835271940231726,3.0,0
SaaS,22005.36849287295,5,4,0.3632832360604485,24.0,1
Finance,132672.2260956315,3,3,0.1322062181177107,33.0,1
E-commerce,138779.23555310292,4,3,0.2110579230381246,12.0,1
SaaS,10598.778763953997,2,1,0.6211275095427305,42.0,0
SaaS,170139.2416493276,1,1,0.2698164233713227,10.0,0
Healthcare,32614.118145933087,4,2,0.1307992161588224,26.0,0
Healthcare,196752.90837215085,1,2,0.2593464051845103,5.0,1
SaaS,133520.88586226365,11,6,0.2863645025374347,25.0,1
Finance,342180.3022138932,1,1,0.1512038241290829,12.0,0
Finance,144282.7020044806,7,2,0.3903185235235155,20.0,1
E-commerce,52206.46222547969,5,1,0.2169063735694027,14.0,0
Manufacturing,61996.21866138373,4,1,0.17832800851053,13.0,0
Healthcare,111161.63844407884,0,0,0.4308307291396241,10.0,0
Healthcare,163378.7315827283,3,5,0.2831994677060398,27.0,1
SaaS,121882.41170344617,5,5,0.3562700872793018,24.0,1
Healthcare,12421.104322330337,1,0,0.6340578533620934,28.0,0
Finance,29253.172514704085,3,2,0.1158737005382689,20.0,0
Finance,23957.295609365752,0,0,0.76098196952279,27.0,0
SaaS,83142.52632656555,6,1,0.3931752316454828,18.0,0
SaaS,44521.50821811215,5,3,0.1412475699308112,27.0,1
Finance,311287.78059061646,2,3,0.2657053391162636,7.0,1
Finance,31815.255271143025,1,1,0.1518066516055869,12.0,0
Finance,48497.173197824726,3,3,0.233673736455969,6.0,0
SaaS,322981.9289251917,5,6,0.266101793037929,12.0,1
Finance,89496.58453555038,4,1,0.3159433380136963,19.0,0
Finance,12843.023755153505,6,1,0.213665987033529,26.0,0
E-commerce,27529.361757608476,3,1,0.2581453812575607,14.0,0
Finance,25284.933557141117,1,1,0.0379150440370283,14.0,0
SaaS,156419.61858792955,1,1,0.0815579080247692,3.0,0
Finance,11704.96843691146,4,0,0.4302031907737857,50.0,0
Finance,35740.17272189923,5,2,0.0872629383891402,30.0,0
Finance,490128.9688456472,2,3,0.0190551635644088,17.0,1
SaaS,36031.86688735817,2,3,0.2128445521796872,33.0,0
E-commerce,187563.1159363365,0,0,0.2855183859508867,11.0,0
E-commerce,32207.644107070573,0,0,0.1035218394918104,9.0,0
Healthcare,44480.60570495248,1,2,0.2984034310350381,3.0,0
SaaS,162156.96597168018,4,1,0.1839922173964325,26.0,0
Finance,228397.4803946372,3,4,0.279117198298569,9.0,1
Healthcare,283381.8213494598,1,0,0.371902501152907,2.0,0
E-commerce,11113.709779241475,2,0,0.5858805272913387,37.0,0
Finance,342126.4244482828,3,4,0.2835271940231726,5.0,1
Finance,13081.621202589977,1,0,0.5877161341709424,36.0,0
Finance,27856.32737207949,3,0,0.0869876320293385,6.0,0
Finance,103298.356119036,5,2,0.2433536432170421,26.0,1
Finance,15198.92255611535,0,0,0.0372465878709507,6.0,0
SaaS,88180.03336393446,3,1,0.1429034389130141,20.0,0
Healthcare,17608.773076913283,18,7,0.4545824506228443,23.0,1
E-commerce,73444.71336160028,4,1,0.1622375748625257,14.0,0
E-commerce,48229.29776793349,4,2,0.4115662962931179,27.0,0
Healthcare,119973.13458851851,2,2,0.2835271940231726,26.0,0
Healthcare,52501.73314030376,1,0,0.1346461310702359,8.0,0
Healthcare,18711.62454915777,1,1,0.418306232983432,42.0,0
SaaS,153328.96927509253,1,3,0.2360483527748614,6.0,1
Healthcare,75832.04104489375,5,4,0.1337281941601786,17.0,1
SaaS,15029.600075886803,0,0,0.6372754937045575,48.0,0
Healthcare,102583.28064505804,7,8,0.1883659801425415,21.0,1
SaaS,63709.873548829695,8,6,0.5044095273649017,28.0,1
Healthcare,288944.31531016267,2,1,0.5696404146890767,6.0,0
Healthcare,317032.29559411714,4,7,0.1739450010013327,5.0,1
Manufacturing,52100.10079721399,1,1,0.6584213664904971,15.0,0
E-commerce,37000.74059083293,0,0,0.0611545653433078,11.0,0
Finance,16206.769281978635,1,0,0.8302254868292975,59.0,0
E-commerce,72667.1699714175,3,2,0.2302290786366826,24.0,0
SaaS,66051.59326567792,6,7,0.3644966703482658,22.0,1
E-commerce,14498.61156469072,2,0,0.6821398988467108,77.0,0
E-commerce,250347.1869190604,4,7,0.2614299060278376,16.0,1
Healthcare,102870.77751425856,7,6,0.148068462069114,19.0,1
Finance,11888.136880754591,1,0,0.7648374449190911,42.0,0
Healthcare,45894.50661101218,7,3,0.4404988598172835,15.0,1
SaaS,48177.1460587288,5,0,0.2007593047251702,6.0,0
SaaS,60588.17047980309,5,1,0.2234933554311147,20.0,0
Healthcare,59901.76399858874,8,2,0.2576604196322254,29.0,1
Finance,67070.69796188899,2,2,0.2251444592633955,16.0,1
E-commerce,60224.31681057775,2,4,0.4239087373782726,11.0,0
Manufacturing,13386.457642828498,1,1,0.6759224212470467,87.0,0
SaaS,55511.57280911117,4,2,0.1678518297311307,21.0,0
Finance,44626.12732192528,4,2,0.0743106530431133,11.0,0
Healthcare,183702.68221616183,1,2,0.2762716558470375,0.0,0
Finance,121756.42950576164,5,4,0.117355204843122,50.0,1
Manufacturing,225887.2762420154,1,4,0.0268654723322638,10.0,1
Finance,354211.917673657,2,3,0.2521490098688058,13.0,1
SaaS,171245.66016124072,4,11,0.518706429416762,8.0,1
Healthcare,104209.77165413355,4,4,0.2250341206546584,18.0,1
SaaS,104070.66046397822,1,0,0.1697438117461869,5.0,0
SaaS,10649.276798499124,2,1,0.8657267767250661,56.0,0
E-commerce,13945.12917180156,1,0,0.7251114240771634,36.0,0
Finance,25260.00970502313,4,0,0.3739366079664962,35.0,0
Finance,35081.03881852489,1,0,0.1332552929923165,35.0,0
Finance,196594.199637488,1,3,0.2440651724773254,5.0,1
Manufacturing,25049.32354478848,6,6,0.2882683134189669,25.0,1
E-commerce,13746.094131520773,2,0,0.5290720996558326,49.0,0
SaaS,55353.50134417971,7,5,0.2658706197779187,24.0,1
SaaS,275608.8580690539,3,6,0.2084865069922538,7.0,1
SaaS,19899.160452881755,2,3,0.213867771222358,42.0,1
Finance,18158.18764069207,1,0,0.5686841488845424,19.0,0
Manufacturing,145880.52381386483,1,1,0.3171478046676399,7.0,0
Healthcare,47790.860332299584,3,3,0.159590766776167,26.0,1
Healthcare,65315.510933687896,3,1,0.2242871688873746,6.0,0
SaaS,31486.183423610368,4,2,0.4142409129161632,17.0,0
Finance,39000.653404102566,6,3,0.3625824448095739,41.0,1
Finance,69895.85186231165,5,4,0.1174494075731922,20.0,1
SaaS,62273.947473731685,3,0,0.1696833392601107,8.0,0
Finance,9361.477779772766,2,0,0.6795819817341947,41.0,0
SaaS,58937.50013974321,3,1,0.1352076849173854,12.0,1
Finance,59302.777638390166,5,2,0.6035016035573687,10.0,0
Healthcare,40627.10691911583,3,3,0.2264619565340408,11.0,0
Healthcare,90394.50128181626,13,7,0.459432708144484,33.0,1
Healthcare,712010.9689609978,1,4,0.1919258374357479,6.0,1
SaaS,328513.9461996844,5,8,0.3674179620419861,7.0,1
Healthcare,25734.395991765035,1,1,0.0591610529181774,10.0,0
SaaS,54139.18725092695,6,2,0.2533635488995588,10.0,1
SaaS,140106.33719876045,0,0,0.2485962614437546,4.0,0
SaaS,20617.735292873607,6,1,0.1341631054072514,16.0,0
Manufacturing,31491.7715053145,2,1,0.2835271940231726,16.0,0
SaaS,15874.886618679557,1,0,0.3229642181926723,49.0,0
Finance,69245.10248787326,6,2,0.2092875272076015,28.0,0
Finance,169712.00688121977,3,1,0.3186759429943231,23.0,1
Healthcare,55194.29330171814,1,2,0.4141363903325594,11.0,0
SaaS,78976.93298595709,8,5,0.2404277267028303,27.0,1
Finance,135455.62644711815,0,0,0.1339411927256024,25.0,0
SaaS,53595.5278051358,5,0,0.3370203285269241,22.0,0
SaaS,19100.16337401061,4,2,0.1270635494301247,14.0,0
Healthcare,59184.13801084789,5,1,0.2552946481107724,12.0,0
E-commerce,21694.857189671817,3,2,0.1053747882767723,17.0,0
Finance,49478.74573269675,4,4,0.3609557481057865,11.0,1
Finance,118622.4992676732,4,2,0.1861130031070343,10.0,0
SaaS,11248.158090972607,2,0,0.4729506818116182,67.0,0
SaaS,7914.482719559299,1,0,0.7678269314597571,18.0,0
SaaS,165064.9041566263,3,0,0.2369120304593287,6.0,0
Healthcare,243997.4466807272,0,0,0.1396033694227422,4.0,0
Finance,37513.90031915154,0,0,0.0829962941415522,21.0,0
E-commerce,158474.86795681503,7,10,0.3781353048080205,31.0,1
E-commerce,41687.54379656076,3,2,0.1689667603868009,28.0,1
SaaS,95304.14138041963,2,1,0.1009494637360615,26.0,0
Healthcare,50071.71141731735,3,1,0.1419307846771991,33.0,0
SaaS,40669.775234449335,2,2,0.3920733260320287,15.0,0
Healthcare,155789.44633342387,7,3,0.3124205836327722,25.0,1
Finance,94623.8476919551,2,2,0.1642075783316877,23.0,0
Manufacturing,42410.24530204707,2,3,0.1774588378200162,15.0,0
Finance,98876.66219032258,2,0,0.127169402441154,14.0,0
Manufacturing,8103.421499575086,0,0,0.2835271940231726,38.0,0
Healthcare,61748.36999495867,1,0,0.0419526209848814,2.0,0
Finance,59334.95158763722,5,3,0.1955935184775893,14.0,1
SaaS,220986.276133786,4,6,0.4286342957521998,6.0,1
E-commerce,32820.56815012663,11,8,0.278799855057672,44.0,1
SaaS,12240.972235149016,2,0,0.4292826086752701,56.0,0
E-commerce,272779.32946742297,0,0,0.1831150293786185,6.0,0
SaaS,30462.651925462065,8,7,0.3254900533551989,31.0,1
SaaS,25366.533731570216,3,2,0.1142931742609537,22.0,0
E-commerce,28162.674506048515,1,0,0.0984480104463484,27.0,0
Finance,73277.30332544348,6,3,0.3485015033520411,20.0,1
SaaS,45694.56929793592,3,1,0.3620342381744332,21.0,0
Finance,117660.54665256845,1,0,0.1283691513303842,7.0,0
Manufacturing,53765.1353219199,10,8,0.4902078098249514,33.0,1
Manufacturing,28526.62779225,3,0,0.3211766434692517,8.0,0
Finance,20953.50664363142,0,0,0.8154870646854724,86.0,1
SaaS,86053.40358438487,9,3,0.3081728937419973,21.0,1
Manufacturing,58012.381062088665,11,9,0.4909017647352611,31.0,1
Finance,52812.17336895126,3,1,0.1863912434854257,16.0,0
SaaS,131666.38659476992,5,4,0.3625429366342999,22.0,1
Manufacturing,62580.56688273109,4,0,0.3311929076701534,10.0,0
Finance,46991.4946946559,0,0,0.1169214454371757,10.0,0
SaaS,136884.8658182556,2,0,0.1609736633100289,9.0,0
Healthcare,480071.9879913145,3,5,0.2835271940231726,3.0,1
Manufacturing,205225.8201679863,13,9,0.3026866724086849,37.0,1
Manufacturing,64208.80913128991,2,1,0.3408364718806178,8.0,0
Manufacturing,27609.33282829763,2,3,0.4720130831061723,13.0,0
SaaS,22797.81685287701,3,3,0.206758134832167,15.0,0
E-commerce,146609.57289096,2,2,0.3002834859837574,18.0,1
E-commerce,72766.88714274121,2,2,0.5669128939958583,3.0,0
Healthcare,74429.4652927896,4,0,0.2835271940231726,10.0,0
E-commerce,113594.07084078928,0,0,0.2672750769420421,8.0,0
Finance,14939.35016475574,2,1,0.743319810282908,65.0,0
SaaS,132475.85339579463,3,2,0.2951546923631025,14.0,1
Finance,57503.22479684538,2,1,0.2832876636096553,10.0,0
Finance,62143.45238894816,9,3,0.3093452360182633,17.0,1
Finance,39136.60639201405,6,0,0.4906375412906366,9.0,0
SaaS,25515.54151853497,7,3,0.1916578032725291,32.0,1
Healthcare,72725.53788611376,4,1,0.2628544623648252,10.0,0
SaaS,14323.210533357193,1,1,0.6702639828022707,23.0,0
Finance,56222.57930952999,2,2,0.3202370786096113,21.0,0
Healthcare,20495.6816396248,4,2,0.1557194816558287,25.0,0
SaaS,33426.77262251696,6,2,0.2392342349869483,27.0,1
E-commerce,47647.80067276554,0,0,0.1329730482615199,10.0,0
Healthcare,48640.135835588255,0,0,0.1780766717545848,12.0,0
SaaS,22073.233154661844,6,2,0.2746051876050642,24.0,1
E-commerce,38686.15971148844,5,2,0.4379874896352806,12.0,0
SaaS,27603.825290401102,9,6,0.5338177972564516,32.0,1
Finance,411308.6715692759,0,0,0.1980292723169692,1.0,0
Finance,34049.90999897835,5,2,0.1792931965496409,21.0,0
E-commerce,54290.18498847091,6,0,0.2830389829245192,18.0,0
Finance,283788.9815275703,1,2,0.2238280817141573,14.0,1
E-commerce,204129.53084149607,1,2,0.3195391235596765,9.0,1
SaaS,633500.2010130292,2,1,0.4070157007809575,3.0,1
Manufacturing,10818.366736467702,6,3,0.1296779348085817,38.0,0
E-commerce,43143.80434706694,7,4,0.3154250238291529,29.0,1
Manufacturing,95673.53251541236,10,6,0.4442057899506861,22.0,1
Healthcare,16579.654038650617,0,0,0.6503354129583118,74.0,0
E-commerce,33077.614106115856,3,2,0.1676111883905595,17.0,0
Healthcare,264159.19820668653,6,2,0.194488571119743,24.0,0
SaaS,261903.57345060687,2,1,0.136892100088986,12.0,0
SaaS,40935.6919333535,3,1,0.0741219650255225,17.0,0
E-commerce,44911.09965427115,7,3,0.2656477864486332,19.0,0
Manufacturing,126427.812657586,3,1,0.1063519698512385,12.0,1
E-commerce,93256.04440689084,3,0,0.0936548741864692,12.0,0
Healthcare,28799.787340262417,10,10,0.3440866975190199,25.0,1
Healthcare,182216.368800902,0,0,0.3176825146756106,9.0,0
SaaS,149237.47959328527,0,0,0.0675145168550466,3.0,0
Finance,219489.18088597248,1,1,0.4750666773461924,9.0,0
Finance,18288.58555769143,4,1,0.6265149519694104,50.0,0
Healthcare,78299.8543509235,5,5,0.2905947564938568,20.0,1
Healthcare,100188.31320612314,9,9,0.2733015382061252,30.0,1
Healthcare,17899.67218671283,1,0,0.5377206037075334,33.0,0
Finance,111705.2552851354,7,5,0.3365731854083141,33.0,1
Finance,36003.16019611643,4,2,0.2298446449149871,11.0,0
Finance,229330.24446190792,2,1,0.2022466646194421,9.0,0
Manufacturing,14562.778595312537,2,1,0.8107788911270578,71.0,0
Healthcare,26717.22055214227,5,1,0.2725817189996772,9.0,0
Healthcare,39715.81607884212,6,4,0.5047199663093145,28.0,0
SaaS,25197.535348103676,2,1,0.746524535098455,27.0,0
Finance,151168.48454697928,0,0,0.0391576446528494,8.0,0
Manufacturing,100449.43121950173,13,10,0.3740884937309452,37.0,1
E-commerce,28816.99580899752,3,0,0.2164406605625001,17.0,0
Finance,19800.663986862597,0,0,0.7131210343018075,43.0,0
Healthcare,79790.64150933547,2,2,0.3860781263675,14.0,0
E-commerce,41976.332278958886,0,0,0.032750351859082,9.0,0
Manufacturing,28670.676896552628,3,2,0.2030412924005846,18.0,0
SaaS,38194.55536017524,0,1,0.3987683741074168,7.0,0
SaaS,98136.1596304595,4,1,0.1999100652989857,17.0,0
Finance,81284.26106013956,4,3,0.161575521735299,22.0,0
Manufacturing,59170.44866385046,8,2,0.3253035625399484,19.0,0
Finance,66500.24609078345,4,3,0.2296611392077312,13.0,1
Manufacturing,17474.190708440052,2,1,0.2824962382762299,18.0,0
SaaS,48370.098876774224,4,3,0.2547888598913544,27.0,1
SaaS,221886.70342731505,3,2,0.3328372689915363,1.0,1
SaaS,10418.28565978817,2,0,0.5399187137978398,54.0,0
Finance,84560.47762370917,4,3,0.3324598691813431,28.0,0
Finance,17450.98478662761,2,1,0.7995919810899381,46.0,0
Finance,162310.11549596486,5,4,0.2269272414826253,26.0,1
Finance,55283.22367165011,2,2,0.0792962113995131,15.0,0
E-commerce,53492.85611222511,2,0,0.1631473053070525,9.0,0
Healthcare,52756.37110377931,2,3,0.2694224272667685,25.0,0
Finance,17244.26473588003,0,0,0.5497268352535812,52.0,0
Manufacturing,44140.80068722779,6,4,0.3881991259417836,18.0,1
E-commerce,29268.48256377888,6,6,0.1528576558375856,25.0,1
Manufacturing,27298.757227706206,3,1,0.555634142304066,21.0,0
Manufacturing,119727.34694146804,4,1,0.2612710062839953,15.0,0
Finance,278114.5929047362,1,2,0.1935499827712484,7.0,1
Healthcare,124181.20585784536,5,1,0.3515251318109993,8.0,1
E-commerce,75934.70012298421,2,1,0.2141244071983014,29.0,0
SaaS,14916.75051297271,0,0,0.4477962982435139,82.0,0
Finance,87156.15723335353,3,2,0.1868653488893493,11.0,1
E-commerce,31896.88967892382,11,12,0.4670191845053493,36.0,1
Finance,21321.12827083521,4,0,0.6619320808632548,83.0,1
Finance,293860.7734843731,3,2,0.2039176537085822,18.0,1
SaaS,72736.08300849305,4,2,0.4230165365985031,17.0,0
SaaS,61241.92435588166,8,7,0.4849557378770704,35.0,1
SaaS,29706.776906555995,1,0,0.1596788602025261,7.0,0
Finance,49977.85868032764,2,0,0.099198937785541,30.0,0
E-commerce,26427.643442134387,4,1,0.0953346295855462,14.0,0
Healthcare,78812.30194254025,4,4,0.2017259064237822,13.0,1
Finance,47026.08766736251,2,2,0.5183643344520349,21.0,0
E-commerce,42939.53330604729,3,2,0.0887784747014128,16.0,0
Manufacturing,9885.847518719527,3,1,0.5855214644165846,18.0,0
E-commerce,94297.74608077278,0,2,0.1839857608924985,8.0,0
E-commerce,78940.98202899063,5,5,0.0512503851174987,15.0,1
SaaS,159136.74092099612,1,2,0.2144177638106662,11.0,1
SaaS,73900.13476811472,8,3,0.2627679124616486,36.0,1
Finance,111775.67477873949,14,13,0.3193662574192105,37.0,1
Healthcare,54479.81134697486,5,1,0.371578429385447,14.0,0
Healthcare,62522.296237862734,4,2,0.2967172362278219,24.0,0
Healthcare,69795.79271821288,4,0,0.2157656462274831,16.0,0
SaaS,70842.09157997904,4,3,0.2315245373102775,38.0,1
SaaS,11962.775907980931,1,0,0.7491316771651371,38.0,0
Finance,25138.48093369855,2,0,0.4532086522478635,45.0,0
Finance,57499.66134076335,8,2,0.491473875241068,19.0,1
SaaS,146114.121608457,4,3,0.2223394341183984,15.0,1
Finance,448103.7290376362,3,4,0.2835271940231726,12.0,1
E-commerce,11474.75457983987,2,0,0.7789389439853319,48.0,0
SaaS,46426.684228514605,9,7,0.451011230971113,19.0,1
SaaS,109931.01302972384,6,8,0.1826967783820128,24.0,1
SaaS,32236.230669787517,1,1,0.0478538855277014,23.0,0
E-commerce,26529.605710951564,4,0,0.1964646923271614,23.0,0
Healthcare,186118.42782138733,3,0,0.1433590719517905,6.0,0
SaaS,21331.70929769649,0,0,0.8492305557107928,32.0,0
SaaS,28628.207020509966,0,0,0.0498528057820223,15.0,0
Healthcare,187098.32427040517,3,4,0.2835271940231726,16.0,1
E-commerce,19262.97470502022,1,0,0.1188892602592277,8.0,0
E-commerce,57625.698856624535,4,2,0.2072553587048629,20.0,0
SaaS,15380.200385658727,2,0,0.6653998249258815,17.0,0
E-commerce,36669.21621731792,5,4,0.2598714971137874,22.0,1
E-commerce,27136.80922053993,6,5,0.2398036511818348,26.0,1
SaaS,215045.0064662728,1,3,0.2727157086040262,3.0,1
E-commerce,116359.27654638124,8,3,0.407788471156798,29.0,1
SaaS,88911.55176103281,1,4,0.340513483755195,23.0,0
SaaS,137377.1981373686,5,0,0.1388852668268449,11.0,0
SaaS,24240.01261940608,11,8,0.3413268696682331,30.0,1
E-commerce,14322.72951940317,0,1,0.562204107022694,61.0,0
Finance,25283.62746108549,8,5,0.3410881370902898,17.0,1
E-commerce,230514.7616256053,3,4,0.3416993345782472,9.0,1
E-commerce,35595.71161567698,3,1,0.1423211936764657,25.0,0
Finance,39655.50365050399,6,6,0.2423709016649932,13.0,1
E-commerce,17627.727353339465,1,0,0.7042608512100347,35.0,0
Finance,19806.25881022813,1,0,0.7206917351341802,29.0,0
Healthcare,74932.46655052592,10,5,0.3659896505731099,22.0,1
SaaS,49543.82146025099,6,2,0.1744052131690308,15.0,0
Finance,26715.17071561786,2,0,0.6792653322795649,54.0,0
E-commerce,34336.36442433512,7,5,0.3786794792497231,30.0,1
E-commerce,174820.04359495686,1,3,0.3030987748102126,6.0,1
SaaS,9169.712848510871,3,0,0.7844387816965303,80.0,0
Finance,70924.89486871561,3,2,0.4908484749152102,45.0,0
Healthcare,338339.0985098977,1,2,0.2571931850260029,1.0,1
SaaS,26573.590592575143,2,3,0.207341810095609,12.0,1
Manufacturing,37284.21910758984,3,2,0.1690981661027045,19.0,0
SaaS,22838.995209569803,2,2,0.1716970485483419,22.0,0
Healthcare,108953.3950452137,5,4,0.2304298296798393,19.0,1
SaaS,31363.20384686745,7,3,0.3250845789727795,12.0,1
SaaS,124688.28034261629,2,1,0.071768981393152,19.0,0
E-commerce,56984.54488156049,6,3,0.3898815077331631,20.0,1
Finance,84997.7839630667,1,0,0.2165529151587792,10.0,0
E-commerce,110177.10849484522,4,5,0.2835271940231726,30.0,1
SaaS,142850.24652131784,1,1,0.1272058014440872,3.0,0
Manufacturing,33044.6912323171,2,0,0.1221938993330496,11.0,0
Healthcare,79607.00795351646,7,5,0.3766062755772684,16.0,1
SaaS,137546.10768245117,2,2,0.2380435883397433,19.0,0
Manufacturing,28058.2486754809,4,0,0.4175455650549866,14.0,0
Finance,54633.02669728936,2,3,0.2658323987839466,17.0,1
Manufacturing,78516.17641819706,9,9,0.3285456101835579,35.0,1
SaaS,165855.15858799632,0,0,0.0693519128724219,4.0,0
Finance,19354.555784659067,2,1,0.084737412690503,28.0,0
Healthcare,20918.714117696447,3,0,0.5936782950853741,20.0,0
SaaS,14068.682839805411,5,4,0.4114972683123233,22.0,1
Finance,52570.13585428412,5,1,0.2807907972550452,11.0,0
SaaS,338224.2993485201,0,0,0.0735910888347351,7.0,0
Healthcare,19378.82679992932,2,0,0.3382422503677016,34.0,0
SaaS,26648.521554103158,7,2,0.2295193351274601,11.0,0
Finance,304384.98109127366,2,2,0.3214030182596699,13.0,0
E-commerce,13368.430241078711,3,0,0.5345884544121488,34.0,0
Manufacturing,35485.548944686896,3,4,0.0841660402337909,16.0,0
Manufacturing,10347.80303519517,5,0,0.6696670938591641,43.0,0
SaaS,34410.37122062876,1,1,0.3520097873110979,5.0,0
Finance,41784.64426724446,2,1,0.1093544538098887,23.0,0
E-commerce,13618.331315096668,1,0,0.6810290626533536,44.0,0
Finance,166042.07719985105,4,3,0.2473874014771722,27.0,0
Finance,203403.2140857881,4,2,0.1357004278908307,15.0,0
Healthcare,72843.68033501999,10,2,0.3906529904833646,29.0,1
SaaS,55931.76316634614,9,3,0.3018972885124326,10.0,1
E-commerce,23439.00731376139,0,0,0.1194035720646381,15.0,0
SaaS,154984.54169344137,1,0,0.1590975714477183,3.0,0
Healthcare,25048.787977249485,3,0,0.5080468393343779,71.0,0
Healthcare,215506.4722201233,1,5,0.3689666869347126,16.0,1
Manufacturing,80988.02396513963,2,1,0.3485341850031268,20.0,0
Healthcare,287797.64034207904,1,3,0.3138863967052293,4.0,1
SaaS,51451.78092161288,5,4,0.2026246338437374,22.0,1
Finance,49047.21569614303,14,8,0.2835271940231726,25.0,1
E-commerce,206538.29866189347,1,0,0.1143947617494764,6.0,0
SaaS,92103.53555201058,6,5,0.2680897863970983,26.0,1
Finance,22130.45064660909,0,0,0.8654167177447056,34.0,0
Finance,34673.98384111839,1,3,0.280941177723764,9.0,0
SaaS,28661.95232272733,1,1,0.1463466418885313,30.0,0
SaaS,60980.14679440704,1,2,0.3322529152259473,11.0,0
Healthcare,77665.76147811217,2,2,0.5021649312086592,22.0,0
Manufacturing,195211.9880401383,3,6,0.5807519340215258,7.0,1
Finance,47498.645845122766,2,1,0.3232527005867696,23.0,0
Healthcare,148295.28446194454,7,5,0.4463058840237777,17.0,1
Manufacturing,37526.38535913133,7,4,0.2582624096911647,31.0,1
Healthcare,70539.45151855468,3,1,0.1661701645349378,18.0,0
SaaS,43252.25103080702,3,2,0.3530506058455057,10.0,0
Healthcare,35078.453224571706,7,5,0.3757164432519495,29.0,1
Healthcare,78537.29024332738,0,0,0.0940445999161651,11.0,0
Manufacturing,11766.541075328696,1,1,0.5694043049647216,51.0,0
Healthcare,40034.181358059686,6,3,0.3465944378730238,8.0,0
E-commerce,73808.17712612684,8,5,0.302690385907017,39.0,1
Finance,54060.17539190082,1,0,0.0401749197955332,21.0,0
Finance,306778.00416931964,2,2,0.3088702322857133,4.0,1
Finance,40580.91989011239,3,1,0.1331638499765975,8.0,0
SaaS,429557.1592571364,0,0,0.113793406229417,2.0,0
Healthcare,85336.92381847957,1,1,0.1156629531408738,10.0,0
E-commerce,172553.97286814122,6,5,0.3341466648251178,22.0,1
SaaS,56595.56615342875,2,2,0.0898398318645528,14.0,0
Manufacturing,30195.96219317455,0,1,0.7066589045771849,10.0,0
Finance,24614.892742848828,3,0,0.8057736838469642,25.0,0
E-commerce,22421.335575520545,1,0,0.6823778754788088,42.0,0
E-commerce,35471.99672210137,5,3,0.1537292461616723,44.0,0
E-commerce,339075.6073080601,0,0,0.3894623646257918,5.0,0
E-commerce,31145.58863988264,2,1,0.5102566485468035,11.0,0
E-commerce,147361.00778847648,1,1,0.1980829290150074,11.0,0
SaaS,62925.276427449375,1,1,0.0430116227750427,24.0,0
Finance,36286.3982952252,1,1,0.2315465648646559,19.0,0
Finance,25053.656499259585,3,2,0.299509257262341,17.0,0
Manufacturing,51715.88141146727,6,1,0.3012284325939816,40.0,0
SaaS,71553.94270316897,5,2,0.3648272851684975,15.0,1
E-commerce,61846.521246078926,9,4,0.4453431882638985,24.0,1
SaaS,47698.25088888105,7,0,0.339622102517441,14.0,0
Finance,151395.4537573918,7,1,0.2320976211208035,13.0,0
Finance,46336.74022549391,5,2,0.2371224434629828,17.0,1
SaaS,12470.563745956106,2,1,0.8165927974774669,19.0,0
Healthcare,88956.00851811784,5,4,0.2433912582641467,25.0,1
Finance,405898.2830538733,2,4,0.3308312648422066,12.0,1
SaaS,35063.33486384205,4,2,0.3718007186636312,26.0,0
Finance,131578.21770194158,6,3,0.348086586889905,16.0,1
SaaS,26299.28593709675,9,0,0.5436281750754686,45.0,0
Healthcare,21786.454950731924,1,0,0.5164795425247272,33.0,0
E-commerce,9677.69713009406,1,0,0.5546250188972872,19.0,0
Healthcare,39519.4259889966,1,3,0.1214063598287025,20.0,0
SaaS,60294.19297084509,3,5,0.4199672197199209,12.0,0
Finance,38542.48691097088,9,2,0.2700036940134643,22.0,1
Finance,48217.04089613212,3,1,0.2488773684970493,23.0,0
Healthcare,86372.59422200956,2,1,0.1267243985702987,19.0,0
SaaS,23457.355296458725,1,0,0.8909225280974674,40.0,0
SaaS,35742.74732585799,5,2,0.338158943825594,10.0,0
Healthcare,19956.04369281656,1,1,0.2835271940231726,23.0,0
SaaS,239193.91445412103,2,1,0.3982262052116379,6.0,0
E-commerce,173476.67960046674,2,2,0.2835271940231726,13.0,0
E-commerce,140806.1231555045,7,4,0.2487784076206851,20.0,1
Finance,323721.237404245,1,0,0.2850715601012805,7.0,0
SaaS,250007.94102992225,2,1,0.4010868999398362,1.0,0
Finance,15927.224363185447,1,0,0.7026191465296855,85.0,0
Finance,38998.087153590765,4,0,0.6334374573544791,29.0,0
Manufacturing,103772.97824532136,8,3,0.2835271940231726,21.0,1
Finance,74557.37472002857,5,5,0.2859683081283658,18.0,1
SaaS,79755.1260590571,4,4,0.2622675860818427,30.0,1
SaaS,16025.16712273319,1,0,0.6634925193010038,51.0,0
SaaS,19281.23359072596,3,0,0.8021731412576089,76.0,0
SaaS,29624.18728304401,5,2,0.1645162011689737,20.0,0
Finance,161665.97912439168,2,1,0.0878119123967383,6.0,0
Healthcare,85803.64839990692,2,1,0.143896147151639,18.0,0
SaaS,111758.80103734945,2,0,0.5343689444686524,7.0,0
Finance,55935.199409982655,5,4,0.2262484453045717,12.0,1
Healthcare,16138.83066461136,2,0,0.789991017410324,72.0,0
Finance,179886.0170600017,4,2,0.2178008200429926,28.0,0
Finance,66973.88184516507,3,1,0.3351702392439222,21.0,0
Healthcare,81731.2824346078,7,4,0.3300811417541412,12.0,1
Finance,13482.394760554243,0,0,0.8202693776661217,95.0,1
SaaS,40005.14586936432,2,2,0.1077753087448226,12.0,0
SaaS,39293.38743380277,3,1,0.3055477473367236,17.0,0
E-commerce,147785.41493143377,1,1,0.3104706317596976,7.0,0
Finance,96679.21449593671,2,2,0.2831166723500323,1.0,1
Finance,85863.34655829002,5,2,0.3805808389978946,7.0,0
Finance,224741.74402357516,3,7,0.0705555369294336,4.0,1
SaaS,84400.7865982282,3,0,0.2831200766912784,7.0,0
SaaS,20701.60783785726,6,0,0.7721218765530512,48.0,0
Finance,25675.61515664922,3,2,0.2900547770832465,19.0,0
Manufacturing,105441.08071913688,1,1,0.3316403958848115,2.0,1
Finance,70314.73085508801,1,2,0.1379109437891573,20.0,0
SaaS,194763.33169260147,2,3,0.273209479814929,3.0,1
SaaS,188189.8391198984,1,3,0.2615122323269397,3.0,1
E-commerce,228779.53450227145,1,1,0.1895696356520945,11.0,0
SaaS,30532.88320485893,8,7,0.4209200286998046,48.0,1
E-commerce,275080.5873151424,1,2,0.1649041732257332,13.0,1
Healthcare,28801.91840389237,4,1,0.3601052852065784,16.0,0
E-commerce,173910.40540003832,2,4,0.2682408347794041,8.0,1
Finance,531924.3238620481,2,5,0.3800110774732629,7.0,1
E-commerce,42727.27510040316,4,1,0.1175622001107593,21.0,0
SaaS,52513.2511835856,3,0,0.2913151840329581,7.0,0
E-commerce,21782.902745986397,10,6,0.4548488582953055,26.0,1
SaaS,82568.28770229005,9,8,0.2809653696837377,53.0,1
SaaS,93375.57412018949,3,2,0.1710920120924951,19.0,0
SaaS,20376.87078586839,5,5,0.1848764463952896,17.0,1
SaaS,90749.89425164142,4,0,0.5524610530528414,12.0,0
Finance,112556.49081902648,2,1,0.3159044556459114,13.0,0
Finance,70659.81796040895,7,6,0.3462210345986272,44.0,1
Finance,38311.75600254426,7,2,0.2572192207029178,13.0,0
Finance,29378.38166231167,4,4,0.1338162655381709,12.0,0
E-commerce,9820.264421946737,1,0,0.762489547044441,69.0,0
Finance,263557.1554579833,1,0,0.3532867828483302,6.0,0
Manufacturing,18342.861256258875,6,6,0.2631188993079189,22.0,1
Healthcare,17521.137533579626,1,0,0.7921801743234952,47.0,0
Finance,127686.151259537,6,1,0.1406072164254489,6.0,0
E-commerce,285167.8904317934,1,2,0.2561426559902127,5.0,1
SaaS,32482.6147210121,6,4,0.2835271940231726,21.0,1
SaaS,149544.33890702244,1,0,0.1103423858159581,10.0,0
SaaS,69095.56287081882,3,3,0.4059232700663562,18.0,1
SaaS,94376.90486294188,6,4,0.347481015626396,5.0,1
Finance,79555.0211603229,2,1,0.1420709994481958,16.0,0
Manufacturing,66795.60119627557,5,4,0.3934546159945329,25.0,1
Manufacturing,124734.01562944496,2,4,0.4112872003418383,18.0,1
SaaS,76047.35325929434,2,1,0.2078468612745836,21.0,0
Finance,20966.365595416413,1,0,0.5861160722922131,37.0,0
SaaS,275106.4589009753,1,3,0.1353040003818898,5.0,1
Finance,102133.22699933368,6,1,0.1877416060366716,24.0,0
Finance,83540.74963872788,6,2,0.4276830760750821,7.0,0
Healthcare,23728.6256242255,3,3,0.2776519609321186,11.0,0
SaaS,101433.71636426118,1,2,0.264077094841448,8.0,1
E-commerce,75090.14302594926,4,1,0.2064625595388795,40.0,0
SaaS,55889.25490950973,5,4,0.1224717128919502,19.0,1
SaaS,41940.08848750855,4,2,0.1574921637070622,16.0,0
Healthcare,37420.5630022024,4,1,0.2154282668027354,4.0,1
Healthcare,57579.722829026505,1,0,0.1679441024481797,7.0,0
Healthcare,196377.2843454342,1,1,0.3506595121272302,19.0,1
Manufacturing,205493.52487171,3,4,0.3464726893453142,4.0,1
Finance,59802.60617166356,6,8,0.4634020326348534,33.0,1
E-commerce,64240.8847036595,3,2,0.3612512969900527,21.0,0
SaaS,216696.3652991952,3,3,0.1707478030968593,4.0,1
Healthcare,15939.458747484803,1,0,0.6912223249203814,44.0,0
SaaS,23061.15706866188,6,3,0.2988176185803013,14.0,0
SaaS,21837.5994316424,8,6,0.3600256988085533,41.0,1
E-commerce,245800.30483236135,1,1,0.3852785144968335,0.0,1
Manufacturing,254141.56761027023,1,1,0.2802539876203716,15.0,1
Healthcare,149067.04621009057,1,2,0.4296968478696877,14.0,1
Healthcare,47611.92774162331,4,6,0.4142018262446633,24.0,1
SaaS,47820.67527686878,6,4,0.1405232477479667,21.0,1
Manufacturing,30580.78652228295,1,3,0.1335509393000988,26.0,0
Finance,39954.87092024184,0,2,0.2756714086816525,10.0,0
SaaS,52726.20214054525,9,6,0.2122073891630693,14.0,1
SaaS,61676.687335659306,3,4,0.1989558772090021,5.0,0
SaaS,8064.227957733393,1,0,0.5542101875066794,32.0,0
Finance,51550.10568976215,4,2,0.1855256006531168,30.0,1
SaaS,41966.41634385314,4,1,0.3242903834509537,18.0,0
Manufacturing,23541.318970700228,10,6,0.4200965832912167,30.0,1
Finance,17244.1368182439,0,1,0.6159967468703892,29.0,0
Finance,62711.7291864505,6,3,0.3487551883605741,12.0,1
Manufacturing,19854.925882851043,3,0,0.3580834554767883,16.0,0
Finance,29135.493699571976,2,0,0.8597200625330852,47.0,0
E-commerce,85730.5482718592,9,5,0.3225247814572298,17.0,1
SaaS,118211.69413746774,3,4,0.4259680825872606,15.0,0
Finance,54658.72628696407,5,3,0.3794156228399547,17.0,1
E-commerce,61450.90366591061,4,0,0.4562534323755066,16.0,0
Healthcare,122823.5343889907,10,6,0.4891701775533096,24.0,1
SaaS,28317.249054838005,2,0,0.427068859720153,11.0,0
Healthcare,19511.041578879423,0,0,0.6419155182399546,28.0,0
SaaS,149040.62552896625,1,2,0.3598064928147436,4.0,1
Finance,32704.474867331563,4,3,0.3476642523369263,13.0,0
Healthcare,108210.01474423752,11,6,0.3106215892312018,26.0,1
Manufacturing,45114.07220621594,11,7,0.3666930486038558,32.0,1
Healthcare,127695.46199494644,4,1,0.2439017521603854,14.0,1
SaaS,16032.45492915068,2,0,0.716768000704028,54.0,0
Healthcare,37738.45771487742,6,3,0.1453603461345211,20.0,0
E-commerce,197314.5941017792,0,0,0.158007127878708,7.0,0
Finance,178528.35732669855,2,2,0.1486146236233775,11.0,0
Manufacturing,66869.80464752542,12,9,0.4451787624297235,30.0,1
SaaS,42811.5952941701,1,3,0.1239700163363297,10.0,0
Finance,287645.2792106372,1,0,0.3924039677613632,3.0,0
Finance,144405.77214807554,5,8,0.2444109779496293,4.0,1
Finance,56403.86792217753,4,1,0.1328500360943524,11.0,0
SaaS,27481.730752612293,3,2,0.1488017863515372,14.0,0
Healthcare,43852.9829309688,5,2,0.1848404710220554,18.0,0
E-commerce,16229.293509221665,1,1,0.6477012897475768,44.0,0
Healthcare,48207.12123322855,5,3,0.2876502646242959,24.0,1
Finance,65530.59206304068,0,0,0.0342889024351606,12.0,0
SaaS,9229.96904588692,2,0,0.7587693026436051,36.0,0
SaaS,34096.05767349928,7,4,0.3037472541314661,24.0,1
Finance,236454.1383122399,1,0,0.2134150327452151,1.0,0
Finance,101318.09293393447,2,0,0.2197319939382836,9.0,0
Finance,46617.05142145497,6,4,0.4796909168006293,15.0,1
SaaS,22677.40929136839,1,3,0.2523854364482495,22.0,0
SaaS,31433.30294698306,1,1,0.1964197071175759,22.0,0
SaaS,84847.23480979176,8,5,0.5202295495248603,24.0,1
E-commerce,217191.11743883044,1,0,0.2103546500223992,4.0,0
E-commerce,44432.23326088672,4,2,0.2299462656935225,23.0,1
SaaS,27332.66022860786,2,2,0.2262989439879872,19.0,0
E-commerce,16096.858315084924,1,2,0.1311947507524754,3.0,0
Finance,250905.35740289176,1,1,0.0611307909777352,9.0,0
Finance,130129.11527348754,4,0,0.3275571339991364,11.0,0
Healthcare,246941.36071726884,1,2,0.1375134426520897,10.0,0
Finance,168498.99545118216,2,1,0.1336821675721734,1.0,1
SaaS,41333.38177646969,0,0,0.2125851427244844,14.0,0
Manufacturing,10348.148790627203,1,0,0.7804375948787724,40.0,0
Finance,21864.47223444264,13,4,0.4552791558756369,14.0,1
Finance,46260.16031626896,10,2,0.2908379561942203,10.0,0
SaaS,57784.5896297643,2,1,0.2835271940231726,13.0,0
Manufacturing,26996.99884037497,7,5,0.2674092156293464,29.0,1
Healthcare,39136.14254983948,3,0,0.2317368801920293,16.0,0
SaaS,7313.304880266131,1,0,0.53902655192948,104.0,0
Finance,79661.57439645506,6,3,0.3055310440120171,13.0,1
Finance,37096.26592646501,8,2,0.3517016094940977,10.0,1
Manufacturing,20185.046963000663,8,2,0.3619640190129695,18.0,1
Manufacturing,25646.921697495723,1,1,0.6126576825605177,17.0,0
Finance,562474.5875720741,0,0,0.3611111212696298,13.0,0
Manufacturing,96546.81427387596,14,5,0.4967232127570363,28.0,1
SaaS,122693.31351326568,0,0,0.250708763948536,0.0,0
E-commerce,26380.62394060511,3,0,0.2326788979412985,19.0,0
SaaS,158902.64412341997,1,3,0.2414572070090977,12.0,1
SaaS,97119.13794114246,3,2,0.2230289991014079,30.0,0
SaaS,22163.76993672724,8,8,0.4279059576095807,43.0,1
SaaS,53520.531990336174,5,1,0.3925034400154902,15.0,0
Finance,21703.56755306032,5,1,0.0992770974995199,5.0,0
Finance,78478.40032652642,3,2,0.0530095936680396,23.0,1
Healthcare,101017.96593285134,6,1,0.2286799418476662,17.0,0
SaaS,39805.71233556503,12,7,0.4585777289038177,21.0,1
Finance,70288.18915205177,0,0,0.1559677390923689,16.0,0
SaaS,34468.26995634692,1,1,0.3034405397669172,25.0,0
Manufacturing,7435.790797588773,1,0,0.9077385509101435,53.0,0
Finance,160583.31155994252,4,2,0.4467231991506074,11.0,1
SaaS,10784.540124473844,1,0,0.5800185170166726,30.0,0
Healthcare,26107.475760444704,0,2,0.2760131266633428,7.0,0
E-commerce,24785.78065595041,1,1,0.2162628799536028,8.0,0
Finance,107089.45408607366,3,2,0.157689066923564,24.0,1
SaaS,70692.71894123501,11,7,0.3632779273582571,36.0,1
E-commerce,83279.29207003771,6,1,0.4085717664820493,10.0,0
Manufacturing,186338.71174531104,1,2,0.1156432561303838,4.0,1
SaaS,41572.90539471495,9,6,0.4653935767902017,21.0,1
SaaS,430902.3546637976,2,8,0.2437131446439209,5.0,1
SaaS,25811.76255662933,2,0,0.272587900017928,7.0,0
E-commerce,359400.1650828692,1,2,0.2483440275556414,26.0,1
SaaS,40775.43864162263,2,2,0.2616134048397445,21.0,0
Finance,94816.08811626902,5,2,0.2176800336736501,10.0,0
Manufacturing,106805.14964269332,1,0,0.2408342404434192,13.0,0
SaaS,63259.12681712369,5,2,0.2987581900162333,20.0,0
SaaS,6595.958084559815,0,1,0.5254774875657209,46.0,0
Finance,20826.96087010508,4,4,0.264367319792019,26.0,1
SaaS,25591.22615626955,3,0,0.1361402068604088,18.0,0
Healthcare,13850.288022372884,2,0,0.7007909701272745,60.0,0
SaaS,150688.69501642694,2,3,0.4405238452568743,13.0,1
Finance,90439.22600736129,2,2,0.1548577825694163,18.0,0
SaaS,12719.005351779697,0,0,0.7975713907527407,49.0,0
Manufacturing,63726.62392717194,0,0,0.0410745678397677,13.0,0
Finance,173548.57146774768,5,8,0.2835271940231726,6.0,1
Manufacturing,217825.6656206232,1,1,0.1416407791155499,11.0,0
Healthcare,160270.1577603324,0,0,0.0195961955392402,14.0,0
E-commerce,16981.90385166646,1,0,0.4890942284469175,35.0,0
E-commerce,26562.451518187143,0,0,0.115204280388741,21.0,0
SaaS,322751.41440814285,1,3,0.4300877035434487,27.0,1
SaaS,11412.389062695362,2,0,0.5997321705675117,43.0,0
E-commerce,67624.72558279362,3,5,0.1467650927767201,16.0,1
Healthcare,74911.02714695608,6,2,0.2353915764960289,28.0,0
Healthcare,80519.72039984753,1,1,0.1734210219677134,9.0,0
SaaS,154507.76573824818,1,1,0.2835271940231726,1.0,0
E-commerce,30666.742412782623,8,3,0.3233701904225751,24.0,1
E-commerce,46448.07799962144,7,4,0.3158395276859069,12.0,1
E-commerce,10514.011115689136,0,0,0.718521010292991,66.0,1
Healthcare,45266.26731976852,3,3,0.1775785327801309,15.0,0
E-commerce,23831.17662593265,7,5,0.2496873938740993,31.0,1
Finance,80584.99957121514,4,1,0.2607553705664176,9.0,0
SaaS,61105.94596693847,4,3,0.2292193591923616,28.0,1
Finance,41097.914828156005,4,4,0.2806863484978668,23.0,0
Healthcare,224806.07717397672,1,2,0.3125934454974572,6.0,1
Healthcare,76449.08043041424,3,2,0.1541390555236831,17.0,0
Healthcare,42945.64171439875,2,0,0.6262513879071936,65.0,0
SaaS,36768.71181124238,3,0,0.2842901016674939,4.0,0
Healthcare,43986.89189916212,3,0,0.2236547199627565,8.0,0
Healthcare,93024.81514354638,2,2,0.5313888385071873,10.0,0
Finance,94372.22161862456,4,3,0.2098462717286894,47.0,1
Healthcare,26630.17923048379,1,0,0.7332343615743843,69.0,0
Finance,44302.90188765641,3,4,0.2011189616735433,3.0,0
Finance,70803.04142838929,1,1,0.058005432563944,31.0,0
SaaS,13300.54334235658,7,3,0.2012858732020722,15.0,1
SaaS,26759.64684762564,4,5,0.3003203384656155,15.0,1
SaaS,528848.3385276047,4,6,0.3732272964524805,20.0,1
SaaS,27754.70258624873,2,1,0.1719552008210213,16.0,0
Healthcare,19288.8462574033,1,0,0.4702232209089225,17.0,0
E-commerce,69552.10002092175,4,0,0.1338001912095818,4.0,0
SaaS,17343.980990625405,2,0,0.439140649252334,49.0,0
SaaS,96877.52851414285,1,1,0.0931528599653163,7.0,0
Finance,62821.23089047571,4,7,0.1483359935868254,33.0,1
Healthcare,21153.26967472822,0,0,0.656836002845605,24.0,0
Healthcare,121872.20174239104,0,0,0.0255112803816797,21.0,0
Healthcare,32990.48680283521,5,1,0.2097316742677342,13.0,0
SaaS,37131.898602481895,12,1,0.552667404041213,11.0,1
SaaS,97596.35980626804,4,4,0.1066193094569644,3.0,1
SaaS,15219.464144152438,3,0,0.7310540660254781,50.0,0
E-commerce,12761.151091890868,1,0,0.8538180894092053,19.0,0
E-commerce,171451.16740612913,3,6,0.3439880473727352,4.0,1
SaaS,109974.6931574985,4,7,0.3198725530305794,23.0,1
Manufacturing,70762.75185530692,6,4,0.2819800934590263,16.0,1
Finance,90470.80562301882,4,6,0.4571171775615645,20.0,1
Finance,98941.6715601885,5,2,0.2865704203568904,12.0,1
Finance,35325.98293401292,1,2,0.1681481263590148,12.0,0
SaaS,58921.581094917216,3,1,0.3649039923678253,8.0,0
E-commerce,183068.70238851025,1,2,0.2290492630118728,14.0,1
Finance,48935.09729561224,4,0,0.1527248933107765,15.0,0
Manufacturing,45457.14678147872,2,3,0.2258470881247748,24.0,1
Finance,71919.86705954865,2,2,0.0845010702841595,19.0,0
Manufacturing,139650.3651132163,1,1,0.2637798938967262,17.0,0
Healthcare,31298.948323181463,3,0,0.3119904649297437,44.0,0
Finance,248798.5065367531,2,2,0.3813167631945221,2.0,1
SaaS,38181.6167486277,7,8,0.3107636540241423,53.0,1
Healthcare,56316.95054489527,1,0,0.1009373672027675,13.0,0
Healthcare,426365.8048530024,2,2,0.1762445076005548,13.0,1
Healthcare,110669.93360034132,4,6,0.2207621805491695,27.0,1
E-commerce,64749.788148973086,2,1,0.1403991847121855,24.0,0
SaaS,73417.92456715336,2,1,0.141321522478825,14.0,0
Healthcare,49874.2811639334,11,3,0.4293128225138892,19.0,1
SaaS,309636.90773472714,1,3,0.1485385123512336,1.0,1
SaaS,89369.62969060213,8,9,0.3788353628527904,37.0,1
Healthcare,245803.88374229,1,3,0.1422232013212099,5.0,1
Healthcare,62895.31927034721,3,2,0.173905095607806,19.0,0
Finance,85776.65365560584,4,5,0.2469008910236844,39.0,1
Finance,67599.89263033771,10,2,0.4550637939720596,25.0,1
SaaS,100224.98541021351,20,11,0.5847576889013141,38.0,1
Finance,34955.86598855838,6,5,0.1865271846901003,22.0,1
SaaS,17865.426096495965,5,2,0.3739401699803539,11.0,0
SaaS,37317.34428180315,6,4,0.2264007431703516,16.0,1
Finance,114643.44435860352,3,2,0.2602863600975838,9.0,1
SaaS,88432.30264093286,3,0,0.2659202485358392,38.0,0
Healthcare,40583.49802740132,1,2,0.4367686712617969,6.0,0
Manufacturing,30922.63556271032,2,3,0.5295916105407524,31.0,0
SaaS,91582.49963147644,1,2,0.2941196877346401,27.0,0
E-commerce,103299.31011121298,1,0,0.166018211784313,15.0,0
SaaS,62931.58033789961,4,2,0.13327764081468,15.0,0
Finance,31237.96478331801,6,6,0.3868470969038984,29.0,1
SaaS,67467.97509208521,9,8,0.4614095217226804,41.0,1
Manufacturing,378588.0173091944,2,5,0.5062728872434976,5.0,1
SaaS,53362.95396689091,5,1,0.2738464126722028,6.0,0
E-commerce,82454.1396349838,7,5,0.2537829304403182,34.0,1
E-commerce,86717.15686875938,13,8,0.4191239525904117,18.0,1
Finance,71008.03344131207,1,0,0.0789754025428871,26.0,0
Finance,61921.238597364805,9,5,0.4456536364624515,29.0,1
SaaS,60415.137617812165,12,6,0.3133631310413822,26.0,1
Healthcare,28168.89034734337,7,5,0.310001596625057,20.0,1
E-commerce,148567.16697010194,3,7,0.7127108838884678,18.0,1
Manufacturing,31435.25596386971,4,2,0.1159218682787641,16.0,0
Healthcare,61020.39864444015,4,1,0.3346299452630175,11.0,0
Finance,11932.619345500358,2,0,0.6934992642960609,38.0,0
E-commerce,12350.59029141168,11,3,0.2835271940231726,15.0,1
Healthcare,131957.7289934174,2,0,0.3439635165812105,15.0,0
E-commerce,75502.21743090039,2,2,0.207790584874086,9.0,0
Healthcare,17872.28371024823,2,0,0.5378454437187096,52.0,0
SaaS,183332.49602921243,1,2,0.1627654184074779,10.0,1
Finance,69382.25368892681,6,2,0.2835271940231726,26.0,0
SaaS,184789.16872601368,5,10,0.4980349017241398,8.0,1
SaaS,34254.578613447855,10,10,0.325213861864381,34.0,1
SaaS,12331.358904420042,5,1,0.4195444821920346,58.0,0
Finance,57765.12225266533,4,2,0.4511053832010435,19.0,0
SaaS,393335.14893578086,0,0,0.175573020863027,11.0,0
E-commerce,7768.933044826712,1,0,0.7369360811161575,49.0,0
Finance,108781.4467620792,8,2,0.2453891652148803,22.0,1
Finance,151743.61242810034,3,6,0.2575220285905009,17.0,1
Finance,68585.75439466095,2,0,0.1178781978111894,1.0,0
SaaS,46299.79574644279,1,0,0.1218086434209792,21.0,0
SaaS,75541.8987504936,11,5,0.4276243272620985,19.0,1
SaaS,179879.96248373046,7,6,0.2370857591183909,33.0,1
Finance,235090.57556648427,1,0,0.2395627096601752,9.0,0
Healthcare,16697.493917964315,1,0,0.7894246512820484,24.0,0
SaaS,177916.16554351113,3,0,0.4104882571730588,9.0,0
SaaS,31328.9771835132,18,11,0.2835271940231726,46.0,1
Manufacturing,64104.90870231255,5,3,0.2759385412314611,11.0,1
Finance,50472.91088496964,1,0,0.1527714426855319,17.0,0
SaaS,53204.92863191509,3,2,0.3992456866018762,14.0,0
Healthcare,321982.431314478,2,4,0.5234015470852843,1.0,1
Healthcare,33801.358387191474,1,0,0.1240512140544888,7.0,0
SaaS,108043.14384518728,0,0,0.1155168569078623,8.0,0
SaaS,23967.238029089112,4,3,0.2121928634239749,8.0,0
Manufacturing,42708.71421670092,13,10,0.3806416925339327,48.0,1
Finance,24936.82500163788,2,0,0.8000478875015373,71.0,1
Finance,30827.21036319711,2,0,0.7615189189075706,19.0,0
SaaS,29466.655171843617,2,0,0.2412875659922031,29.0,0
SaaS,65832.00911232733,9,6,0.3728121368300064,14.0,1
Healthcare,47769.18461675818,2,3,0.2816036804722998,35.0,0
Finance,216062.7551360846,5,8,0.3275759379888288,9.0,1
Finance,13339.28666910382,5,0,0.3401255043425832,29.0,0
E-commerce,72419.87069621513,5,4,0.1728184975968296,40.0,1
Finance,80366.54642853639,2,2,0.3035717119762451,10.0,0
Healthcare,229714.7783801669,5,3,0.0716975834765121,15.0,1
Finance,92414.29548347104,3,2,0.3345156770820585,8.0,0
Healthcare,22696.09339130508,2,0,0.1649739106254903,11.0,0
Finance,60639.21296698655,3,2,0.2304620535404555,18.0,0
SaaS,87113.18676648146,10,5,0.2660414587568204,20.0,1
Finance,43773.945740857,3,2,0.2571180557503396,17.0,0
E-commerce,315543.43889751914,0,0,0.2112716467046556,4.0,0
Finance,517712.638220388,1,2,0.230704425469097,19.0,1
SaaS,73448.70810604081,2,5,0.5492999696590593,26.0,0
E-commerce,41207.1418415051,4,1,0.1444777139566702,8.0,1
SaaS,14485.72351373044,2,0,0.797073186676335,29.0,0
SaaS,19476.435004776948,1,0,0.6456783240774042,45.0,0
Healthcare,38386.6423588612,7,6,0.2009919241355741,25.0,1
Healthcare,253214.623118676,0,0,0.0847467893024204,4.0,0
SaaS,39195.76855818177,3,5,0.1682637897213125,40.0,1
Manufacturing,14564.563606577218,1,0,0.5718069157866189,18.0,0
SaaS,322508.4853157868,1,2,0.1195727242245337,15.0,1
SaaS,25618.68837955945,3,3,0.0940256239809102,12.0,1
SaaS,125720.01531701827,0,0,0.2414775736442233,7.0,0
SaaS,31508.600429989856,10,6,0.3370435047817078,37.0,1
Finance,9442.56500921017,0,0,0.4942805042640382,28.0,0
SaaS,126234.72200804758,0,0,0.0746499709348123,9.0,0
Manufacturing,268370.700332683,3,6,0.4460587642367186,8.0,1
Finance,221940.71583108327,2,1,0.2728205633664832,4.0,0
SaaS,227672.4893573492,1,3,0.0797547796355957,5.0,1
Finance,81121.06296939126,3,1,0.2547808285955484,13.0,0
SaaS,66593.93337665223,6,2,0.1014636648755854,14.0,0
Finance,20067.397936118927,1,0,0.3986755306961616,38.0,0
SaaS,24290.584925917577,7,5,0.3590536932487239,5.0,0
E-commerce,44043.26410712597,14,3,0.4382451759636544,19.0,1
Healthcare,136454.4251297315,6,4,0.2835271940231726,17.0,1
SaaS,33200.6648537034,4,1,0.1843731132816747,13.0,0
E-commerce,42797.53748478857,4,3,0.2777435736521379,17.0,1
Manufacturing,14567.083576565974,0,0,0.4669281617377412,22.0,0
Finance,94331.1723609186,7,2,0.247325244675055,10.0,0
Healthcare,58630.957621900045,5,3,0.2359796394789795,27.0,1
Finance,37873.52483209625,3,3,0.3471979169527731,16.0,0
Manufacturing,35103.03670691048,0,1,0.2150862253639806,19.0,0
Manufacturing,15259.737138466522,6,3,0.3102188812148628,4.0,0
SaaS,62210.13518095226,1,0,0.3229381430393431,10.0,0
E-commerce,38230.04963065994,3,1,0.2473950529743226,17.0,0
SaaS,36386.13935618911,1,2,0.214259426271364,22.0,0
SaaS,37971.08298669076,7,1,0.3435123404493536,11.0,1
Finance,19330.38719368434,0,0,0.3758488946799072,56.0,0
E-commerce,227939.75496882747,1,2,0.0935127745052514,1.0,0
Finance,56457.9776378577,1,3,0.5779844839699525,8.0,0
E-commerce,41794.57109347598,4,1,0.400672241114312,18.0,0
E-commerce,186899.0616431214,1,3,0.3324431633661061,1.0,1
SaaS,238140.1044851168,3,2,0.2523784116190209,35.0,1
Finance,64591.64952305328,2,3,0.3455403293813271,19.0,0
Healthcare,36508.30831709422,8,4,0.1357767278267502,18.0,1
Healthcare,361840.44883725577,2,4,0.2409433762058979,7.0,1
Healthcare,353637.2554596012,0,0,0.1919843641644986,7.0,0
Finance,85232.23440697594,12,7,0.4003200562486578,33.0,1
Manufacturing,63950.23660370381,8,6,0.3882309543477895,27.0,1
SaaS,28081.980981497465,10,6,0.4036302322270029,23.0,1
Healthcare,10494.820626043866,5,3,0.2087074641318803,22.0,0
Healthcare,63980.75760339783,5,1,0.410082340980724,25.0,0
Healthcare,13041.208272090022,3,0,0.8200469932159647,46.0,0
SaaS,101857.88945450047,5,3,0.2383276826133692,22.0,1
SaaS,20098.66320774482,7,5,0.3967551470509792,25.0,1
Manufacturing,107089.40633283192,3,0,0.2076991498556541,8.0,0
SaaS,31296.27349724923,2,0,0.1565396699764216,14.0,0
Manufacturing,25609.052157967224,0,0,0.0695994134457731,8.0,0
E-commerce,37888.516209532405,7,2,0.3532470793125618,26.0,0
Finance,38863.57949199282,9,1,0.3589025929893641,16.0,1
Manufacturing,50989.357901217496,2,0,0.0632037303204368,24.0,0
Finance,71830.530059175,8,5,0.2874958082897433,19.0,1
E-commerce,384157.63256645954,3,4,0.2950781647428412,8.0,1
Healthcare,19314.93085969253,1,0,0.7545947881004805,56.0,0
E-commerce,181807.19346401168,2,3,0.4875236997421909,6.0,1
E-commerce,14097.314066926276,0,1,0.708154312370905,29.0,0
E-commerce,99408.22408143112,7,3,0.3497079000711093,32.0,1
E-commerce,333898.7092185606,0,0,0.2535742598206013,4.0,0
Healthcare,16255.441348202452,2,0,0.7758867789330882,32.0,0
Finance,24945.92947291788,2,0,0.7648425647625013,43.0,0
Healthcare,138749.97401438607,7,5,0.274456368860245,31.0,1
Finance,79974.94727223502,10,2,0.4480029398414017,19.0,1
SaaS,8636.240264813794,0,0,0.7822907098876312,42.0,0
Healthcare,262516.95361321553,1,2,0.2160072912859683,6.0,1
Manufacturing,8550.951545472804,1,0,0.6934256490528155,59.0,0
SaaS,27525.10498283832,6,5,0.2370233999172054,25.0,1
E-commerce,16432.936407881014,1,0,0.7619107106103485,29.0,0
Finance,51910.17630585592,4,5,0.1833559210277511,20.0,1
E-commerce,86415.7859407277,3,1,0.238481983739653,12.0,0
Manufacturing,79854.2136848089,0,0,0.2992828824627305,8.0,0
SaaS,48402.11883348352,1,0,0.1166792957242783,6.0,0
SaaS,13093.220840759228,1,1,0.865459672782904,32.0,0
E-commerce,23468.396202263688,16,10,0.4900786709150119,45.0,1
Finance,15340.513879965063,2,0,0.2835271940231726,26.0,0
SaaS,33994.20857497726,4,5,0.2583271657746684,15.0,1
Healthcare,18967.173393968034,7,2,0.3478818928055238,17.0,1
Finance,68680.46488090538,1,0,0.1929954879835476,25.0,0
Healthcare,18665.48926857699,0,1,0.5596138737473974,36.0,0
Finance,16022.33435979022,1,0,0.6198585661527535,47.0,0
Finance,234999.0729275429,1,3,0.3912049489225951,5.0,0
Finance,122921.17439185372,11,11,0.4631992221852847,41.0,1
Manufacturing,41365.969313893045,4,1,0.3245720727750499,22.0,1
SaaS,266750.0844153523,4,6,0.3716640017377454,15.0,1
Manufacturing,145515.76629811837,5,10,0.4736419678918801,19.0,1
Healthcare,50040.45712136323,6,2,0.4308674496507119,24.0,0
Healthcare,240189.36354616864,1,2,0.3057370969941164,12.0,1
SaaS,10522.862789895837,1,0,0.7249682554428509,32.0,0
Healthcare,357307.270442316,0,0,0.1193502010397604,3.0,0
Finance,35240.60703223364,4,2,0.154423782676943,29.0,0
SaaS,34624.701873633865,4,0,0.0960888164509474,21.0,0
Finance,259177.04276336744,9,7,0.2515030004521399,26.0,1
SaaS,87771.83917013991,1,0,0.2088645843421864,12.0,0
SaaS,102869.93823339646,6,1,0.4011935354427957,21.0,1
Finance,132971.1773341862,3,1,0.1306559492871943,28.0,0
Finance,219356.21767824388,2,1,0.1481224255838801,8.0,0
E-commerce,134614.82125219418,4,1,0.2538842396647059,20.0,1
SaaS,66266.29923096999,1,0,0.2975681868538264,18.0,0
Finance,22305.197631074105,0,1,0.4094651697725796,58.0,0
Manufacturing,73242.30235827349,5,2,0.3239475584958066,39.0,0
Finance,447647.4409663618,2,2,0.23634894412161,10.0,1
SaaS,102518.10738345416,1,2,0.2410279828114978,16.0,0
Manufacturing,21342.992828184422,1,0,0.7715985475289397,47.0,0
Finance,14057.52894860454,2,0,0.5863770297728967,53.0,0
Finance,323768.70502552495,3,4,0.3561527143583652,1.0,1
Finance,122089.66814035868,3,3,0.1590348046374151,14.0,1
Healthcare,41071.33292308825,2,1,0.5768938666219378,12.0,0
Finance,45707.54024824713,2,5,0.216863882875625,20.0,1
SaaS,63593.946436534985,1,3,0.3911377343970386,21.0,0
Finance,79244.3327732946,5,0,0.3204393181779776,6.0,0
SaaS,124318.06676014894,0,0,0.1462022763526132,2.0,0
Manufacturing,20779.03121085711,5,6,0.3856456828554984,28.0,1
E-commerce,189788.213879265,2,3,0.2962439070327278,4.0,1
SaaS,309791.34864111576,2,1,0.1804376186019891,2.0,1
Healthcare,117113.81197569102,8,3,0.3337421036826764,32.0,1
SaaS,16730.147723428603,2,0,0.900777124850386,19.0,1
SaaS,16970.347078796873,2,0,0.57588956100009,51.0,0
Healthcare,40520.12228427671,2,0,0.2760157423882452,8.0,0
Finance,62125.43483058635,4,1,0.2835271940231726,18.0,0
E-commerce,115019.2571003002,2,0,0.2188011445928252,10.0,0
Healthcare,30671.595908500392,4,3,0.2209016720566887,17.0,1
Finance,60284.56193572447,1,1,0.0695277331835884,29.0,0
Healthcare,63271.82402977567,1,0,0.1187541975234532,11.0,0
Healthcare,23290.55288622004,1,0,0.732517172586441,47.0,0
E-commerce,8945.704223691646,3,0,0.6319387596507178,48.0,0
SaaS,83506.66440766308,0,1,0.1085322801140046,18.0,0
E-commerce,11001.79996943316,0,1,0.6655821498862395,31.0,0
Finance,75093.17086939958,13,9,0.4216645336430499,36.0,1
Healthcare,112699.99859966636,6,5,0.3076721930257032,23.0,1
SaaS,107962.20760687153,2,3,0.1586783472345816,8.0,1
Finance,336034.0223334315,0,0,0.2609387896188338,6.0,0
Healthcare,299600.2968138328,3,1,0.320450473116354,1.0,1
E-commerce,14907.14671982956,1,0,0.7273903164733527,40.0,0
Finance,394685.0052349589,2,7,0.1219667625478191,7.0,1
SaaS,172490.3582475716,4,5,0.1966025775603201,20.0,1
Finance,35463.6755715212,8,4,0.3733587835382736,19.0,1
Finance,48420.57115331895,5,1,0.2431061716784304,26.0,1
Finance,18108.64747628424,0,0,0.2835271940231726,57.0,0
Manufacturing,81760.28156753881,6,2,0.3160428197825442,8.0,0
E-commerce,27073.99417150942,1,0,0.095687167842804,10.0,0
Manufacturing,33919.162538721466,1,0,0.0924545129093087,21.0,0
SaaS,32653.763213491915,6,7,0.3099986885387383,35.0,1
Finance,62111.06034980643,8,1,0.255986441598778,21.0,1
SaaS,28409.34250917936,5,3,0.337888645499306,19.0,1
SaaS,51312.79348718673,5,1,0.1723333668955883,19.0,0
E-commerce,134326.65115010756,5,5,0.5907278803427035,8.0,1
Finance,21954.66967624143,10,6,0.4186966160441695,19.0,1
SaaS,14634.233929862892,1,0,0.7369129967704213,47.0,0
Finance,218141.82957403324,4,5,0.5614718036479506,28.0,1
Healthcare,53264.41409982558,3,4,0.1978957107347802,18.0,1
SaaS,9394.580513437137,1,0,0.4698755484661153,85.0,1
SaaS,141199.39476679047,2,3,0.1112033553199188,9.0,1
Healthcare,271747.03177085833,1,2,0.4175618473269177,2.0,0
Healthcare,238362.1230416963,4,7,0.2344657705093656,2.0,1
SaaS,277090.2374092088,2,1,0.3253309394858805,4.0,0
E-commerce,202217.6365406348,4,5,0.4629466390443942,15.0,1
E-commerce,11683.325726715912,0,0,0.7045709520702422,35.0,0
Manufacturing,13289.657816159815,0,0,0.7609327279334411,95.0,1
E-commerce,132821.58060172727,7,7,0.3058330743410168,27.0,1
Healthcare,12526.838920698076,1,0,0.673788698354842,20.0,0
SaaS,139867.3349297141,0,0,0.3479199617014112,4.0,0
Healthcare,40268.59346514088,11,14,0.4274420852407857,42.0,1
Healthcare,140862.33215224775,10,5,0.2861374933169385,17.0,1
E-commerce,27428.628861229143,6,3,0.2639108283313586,27.0,0
Finance,15541.503771988646,2,0,0.7595182478880712,36.0,0
Manufacturing,37356.4665548648,6,2,0.4652567423022785,10.0,1
SaaS,111825.6445869292,6,2,0.2371057054779042,24.0,1
SaaS,51844.94623943988,1,0,0.0938255366385458,22.0,0
SaaS,23731.23808257391,6,3,0.2328559543477015,12.0,1
E-commerce,64820.89597917741,3,2,0.168234681435185,18.0,1
SaaS,94785.47833750436,1,0,0.0791122504978069,29.0,0
SaaS,29656.97550196463,5,1,0.3810982131822502,17.0,0
Finance,131608.9774796512,3,1,0.5582418385168562,6.0,0
SaaS,32413.02742685853,3,2,0.2071778999401107,17.0,0
Finance,59446.78567366037,4,1,0.2075357828993045,11.0,0
SaaS,167451.33589935405,0,0,0.2835271940231726,11.0,0
SaaS,68026.90122624159,7,4,0.3099104166827909,17.0,1
SaaS,320583.47686902067,3,4,0.2173838269763388,2.0,1
Finance,40597.50028521616,2,6,0.4365025667878605,18.0,0
Finance,49193.02067169496,2,0,0.3321775671038396,8.0,0
SaaS,15015.848176751146,1,0,0.8166597180503289,40.0,0
Finance,80244.26563696485,5,3,0.4240387388154444,11.0,0
Finance,242650.1933460564,3,6,0.2118237139048456,6.0,1
Finance,114482.84512048303,5,1,0.4217950388007792,29.0,0
Manufacturing,229018.35615942825,3,9,0.3556888585146603,9.0,1
SaaS,44810.97247022241,3,2,0.5599345581277514,29.0,0
Healthcare,43829.39970675352,3,4,0.1118375616084816,15.0,0
Healthcare,43265.541530116505,1,2,0.1676648454147192,12.0,0
Healthcare,27560.31141720026,7,3,0.2190633276563568,18.0,1
E-commerce,213815.614113732,2,2,0.2835271940231726,4.0,1
SaaS,38414.06641701768,3,1,0.1249337498111524,31.0,0
Finance,514417.65651515895,1,3,0.1687002434765567,4.0,1
Finance,282594.3438310723,1,1,0.1881040708092499,4.0,0
Finance,283445.4822186355,2,4,0.0959310756875275,5.0,1
SaaS,44493.387329601566,6,2,0.2715842093245753,16.0,0
E-commerce,16424.37521544294,8,1,0.370366452795663,20.0,1
Healthcare,261378.09239513616,5,6,0.4757101536899222,8.0,1
Finance,210761.3460169207,0,0,0.2074277055286268,12.0,0
Finance,16908.401745174862,1,0,0.7152738792357994,43.0,0
Manufacturing,22437.964294689707,7,6,0.3093465943234748,22.0,1
Healthcare,35400.22270317679,2,0,0.2113535255072592,17.0,0
E-commerce,15593.99790157958,2,0,0.811478124302306,40.0,0
SaaS,71996.74984770577,8,3,0.3245388291809842,16.0,1
Healthcare,19227.752442031306,1,0,0.6372104467127213,46.0,0
Finance,21292.33540933153,11,6,0.3628218292024629,41.0,1
Finance,190321.10114701177,10,8,0.3028106398108833,30.0,1
SaaS,128120.7819861768,3,2,0.4016821660157915,19.0,0
E-commerce,55462.35026914263,9,5,0.5592849165906935,16.0,1
SaaS,118033.0176985528,5,2,0.4106608836828021,22.0,1
SaaS,14845.11643632383,3,0,0.661161993400103,20.0,0
Finance,18342.8361355038,2,0,0.7034348655449671,14.0,0
Manufacturing,45382.03418972629,7,1,0.1974077822943638,24.0,0
E-commerce,104076.88887284284,2,7,0.1513015055594726,3.0,1
Healthcare,252621.1694797052,3,4,0.4900488535758138,4.0,1
Manufacturing,29011.43344439404,2,6,0.1525375005893814,4.0,1
SaaS,22376.434254261287,7,3,0.2899913133184404,13.0,1
SaaS,50435.16104822326,0,0,0.1499339905111817,31.0,0
SaaS,93250.38734273646,2,0,0.0310378301815049,8.0,0
E-commerce,50367.46441938314,4,2,0.1216921792209849,12.0,1
SaaS,304191.6824447217,4,8,0.2682075298631658,7.0,1
Finance,159821.199846489,6,5,0.3462175259487225,38.0,1
Healthcare,153738.37765226862,2,1,0.1436899165965053,25.0,0
Manufacturing,202334.3499799491,2,2,0.4055596712491114,1.0,1
Finance,375658.16873411415,0,0,0.3344167060283784,16.0,0
Healthcare,212528.65021916025,0,0,0.2937489943847187,11.0,0
Healthcare,187502.44099133185,7,2,0.4906577150236919,28.0,1
Healthcare,62538.953956164354,2,0,0.1597736225042013,16.0,0
SaaS,12826.59761199256,4,1,0.3153580957073249,28.0,0
Manufacturing,55246.4867867801,1,0,0.190629972227456,28.0,0
Finance,230336.1087959313,0,0,0.1655786998553255,4.0,0
Finance,60370.39030905071,5,1,0.3412459709440586,27.0,0
Finance,126752.8249789203,9,4,0.2149513810429476,15.0,1
E-commerce,13356.524448407745,3,0,0.5774718216582448,37.0,0
SaaS,85633.81352091552,1,0,0.0893455081083394,14.0,0
Healthcare,16636.734145694983,3,0,0.5603172722593025,49.0,0
E-commerce,53637.884684659526,6,4,0.2106646544174374,12.0,1
E-commerce,34426.15340768299,10,5,0.4511621309781536,17.0,1
E-commerce,173602.129128412,4,6,0.13970053626777,22.0,1
Manufacturing,37877.58714314341,1,0,0.0970319702581911,7.0,0
Healthcare,423372.4312795354,2,6,0.3581590322148416,6.0,1
E-commerce,66884.24494379829,3,5,0.2232799638851092,34.0,1
SaaS,39054.48640169963,2,3,0.2480995112215714,9.0,0
E-commerce,61463.42829690121,2,3,0.207726181339109,10.0,0
SaaS,47036.87084258105,2,1,0.2189557103938849,11.0,0
E-commerce,41818.4263010673,9,7,0.567038871774759,24.0,1
SaaS,234176.58716118135,4,3,0.4606202552732372,12.0,1
Finance,42441.086800605466,6,4,0.3121287272901574,16.0,1
SaaS,70778.02214146871,3,1,0.2503738456790078,30.0,0
Manufacturing,77503.29204899092,4,2,0.2013642355549567,21.0,0
Manufacturing,160877.042417775,1,0,0.2812501002622927,8.0,0
Finance,191501.90771267493,3,7,0.2996096112608776,9.0,1
Finance,289601.6701488647,1,2,0.0310762117937648,10.0,1
Finance,33772.4130348613,5,4,0.1752040889744961,22.0,1
SaaS,59281.65800928087,9,8,0.4251820992465104,23.0,1
E-commerce,45899.36022303016,2,2,0.0966888287050018,26.0,0
Finance,28642.865755494426,3,0,0.2828038873623927,6.0,0
SaaS,13703.048052814362,0,0,0.7130102332548317,91.0,0
E-commerce,53554.3017462909,3,1,0.1329319157079847,16.0,0
SaaS,52401.47084681411,2,1,0.1330211501997386,28.0,0
SaaS,49883.03487057175,6,3,0.3708549086000678,18.0,1
SaaS,32520.95097740523,9,9,0.2262570706336201,26.0,1
SaaS,37142.11567212858,1,2,0.3624128686283194,25.0,0
Healthcare,26747.817866879053,2,0,0.2161576643276812,16.0,0
SaaS,22207.162693206577,14,8,0.5226189141613303,29.0,1
SaaS,32344.856625468008,2,2,0.3506127440311318,18.0,0
E-commerce,9715.479439018833,2,0,0.6580620420542161,59.0,0
SaaS,149023.85412589868,1,3,0.1671073023871376,5.0,1
E-commerce,158359.83191398912,2,5,0.1495698636241535,8.0,1
Finance,55496.58708261311,7,1,0.2414631846645522,6.0,0
SaaS,259997.20498311476,3,9,0.2468813488909515,10.0,1
Finance,7372.267994726589,2,0,0.7491293551773264,28.0,0
Finance,14071.8970899561,2,0,0.4610341435988276,73.0,0
SaaS,81832.38931284,8,2,0.4635560494778584,14.0,1
Manufacturing,47891.91681821605,5,3,0.5360868607034227,22.0,0
Finance,87984.65288038415,6,2,0.3146122393457802,12.0,1
Healthcare,103121.60271154444,0,0,0.2361442727108753,16.0,0
E-commerce,110956.96184348033,0,0,0.0598545185361169,15.0,0
Finance,21990.30400185048,2,2,0.4959336881771143,32.0,0
SaaS,12898.185650351605,2,1,0.6595944243165287,37.0,0
SaaS,12282.31713181354,0,1,0.587638639394105,50.0,0
SaaS,148526.78846881937,1,2,0.2835271940231726,9.0,1
Finance,112061.67189875264,6,1,0.4264339329060009,18.0,1
Healthcare,111287.32958675,2,3,0.2407945989116593,12.0,0
E-commerce,244175.4053346941,2,5,0.3632060732660148,13.0,1
SaaS,180180.8899604815,2,3,0.2187652637558204,9.0,1
Finance,55874.6019605392,4,2,0.2326764846571984,39.0,0
E-commerce,42040.95947433956,8,6,0.3192290542040387,16.0,1
Finance,68185.75363748136,2,2,0.3214134056186351,9.0,0
SaaS,63808.90971395418,2,2,0.2345673491518403,13.0,0
Finance,53849.54956260881,6,4,0.4157307878533215,51.0,1
Manufacturing,24841.917416124717,3,0,0.22439708970076,10.0,0
Healthcare,62357.84815484273,3,2,0.4578212860305828,13.0,0
Healthcare,43679.48653509391,4,2,0.5319019404236914,17.0,0
Finance,366951.3636983573,3,4,0.2290878957639444,9.0,1
Healthcare,35341.007632427696,9,3,0.3975864997359813,31.0,1
E-commerce,22439.853053115112,4,4,0.3068631790949296,22.0,1
Manufacturing,16478.15970302308,1,1,0.8038099235150372,51.0,0
Healthcare,25006.788321823344,7,6,0.2540187257595728,31.0,1
Healthcare,67993.77939158367,12,10,0.4494935420551802,39.0,1
SaaS,31840.37864421718,7,3,0.160645502191071,25.0,0
E-commerce,29939.46718917821,4,3,0.2369007737332348,11.0,1
SaaS,26786.28414283559,3,0,0.3450325633151568,16.0,0
Healthcare,12458.094683881382,1,0,0.8060924900753987,58.0,0
Healthcare,45860.533850405656,0,0,0.0402059720440785,18.0,0
SaaS,104147.16011620215,0,0,0.0404339495402443,19.0,0
Finance,11481.13504934553,3,0,0.9403116946302404,82.0,0
SaaS,170052.09101162117,3,6,0.203437569697038,6.0,1
Healthcare,58013.2544408762,6,4,0.36312543509932,36.0,1
E-commerce,8160.015983339551,2,0,0.8583341282372834,61.0,0
Finance,33879.88611696387,7,7,0.2630669629696104,18.0,1
SaaS,160489.03447666016,0,0,0.1843636723301052,10.0,0
SaaS,194582.79363917824,0,0,0.3637708535793185,10.0,0
SaaS,105384.74741833062,2,2,0.366848032136316,19.0,0
Finance,23844.876564662394,1,0,0.6420126912281136,52.0,0
SaaS,15559.561961702457,3,1,0.2835271940231726,16.0,0
SaaS,28336.707451894385,6,1,0.2505872284023809,31.0,0
SaaS,128658.9170775857,0,0,0.2857005839358698,12.0,0
SaaS,236246.58720753668,1,2,0.0727993446621144,6.0,0
SaaS,38904.9044512492,4,3,0.2972914995123057,18.0,0
E-commerce,120233.75720510932,3,2,0.3260918422978053,11.0,1
Healthcare,75639.05481207758,6,6,0.1850525930260843,18.0,1
E-commerce,21493.83990830759,1,4,0.2831564314794297,32.0,0
SaaS,242009.16687402155,0,0,0.0584015925598331,5.0,0
Finance,75703.83782071059,3,3,0.367821094937193,37.0,0
Finance,272158.7407575482,4,6,0.5817711759566545,2.0,1
Healthcare,328562.7296545237,2,2,0.4248443392223497,4.0,1
E-commerce,21222.941054254672,3,0,0.7591080290839686,37.0,0
SaaS,34986.26960039388,5,3,0.2589124031826855,25.0,0
E-commerce,40113.29940516393,5,3,0.2181316348461497,10.0,1
SaaS,25729.27837577489,0,0,0.0605351853913616,15.0,0
Healthcare,20266.575063928394,0,0,0.8605480955257874,37.0,0
Finance,18591.168820986,2,0,0.6251304179880525,34.0,0
Healthcare,31961.80166294119,3,2,0.1814290602064941,27.0,0
Healthcare,135645.42692117533,0,0,0.100439903602023,10.0,0
Finance,80487.93227363864,0,0,0.121584268161712,47.0,0
Finance,251633.7580586416,3,7,0.4037238765512101,8.0,1
SaaS,244174.38279243157,1,3,0.1408612808444053,11.0,1
SaaS,33260.6469735969,7,4,0.1907279059874647,46.0,1
Manufacturing,29432.12690076048,9,5,0.4502690769646861,31.0,1
Manufacturing,15188.64137556477,4,4,0.2099754328736124,14.0,1
SaaS,52736.98975811344,5,4,0.2623108162511076,28.0,1
Healthcare,78182.11340825356,5,4,0.222045152190726,12.0,1
SaaS,26865.760739968577,7,3,0.3146043855423197,33.0,1
E-commerce,33542.77113034716,1,0,0.1312550685197101,12.0,0
Finance,31412.27471241568,5,4,0.4032861402930146,15.0,1
Healthcare,23413.128788602644,2,2,0.1745992086644563,5.0,0
E-commerce,17553.175808151696,2,0,0.7865521722403721,25.0,0
Healthcare,217983.14280917932,3,5,0.3831732339525113,18.0,1
SaaS,35925.216456961534,12,5,0.4717535183413101,23.0,1
SaaS,50942.9843058272,0,1,0.5168991570857617,6.0,0
Finance,105503.06694848914,1,0,0.1566024766629252,20.0,0
Healthcare,504631.8947073152,0,0,0.2828208859840725,10.0,0
Healthcare,17235.23956316852,2,0,0.6441872225898205,38.0,0
Finance,49005.96977313483,0,0,0.1875678747895082,37.0,0
Finance,263551.530294592,0,0,0.1715107069151432,2.0,0
E-commerce,12717.4188792085,3,0,0.8522906832413276,52.0,0
Healthcare,67984.12521288112,5,1,0.3170629013603222,14.0,0
SaaS,37489.53652966369,8,2,0.4773381084696823,34.0,1
Healthcare,422707.633024596,0,0,0.0378261336007644,10.0,0
Manufacturing,144817.4045700873,6,2,0.2090561023026631,19.0,0
Healthcare,60897.79253570132,2,3,0.2548635003404821,6.0,0
Healthcare,96043.3407948255,1,0,0.0569138880086435,7.0,0
E-commerce,82298.20827249344,4,3,0.3639352989778486,13.0,0
E-commerce,11297.10586010161,2,0,0.8170442658370062,48.0,0
Finance,143454.56612632115,2,3,0.477615929987381,5.0,1
E-commerce,128014.58478061174,1,1,0.1913159195370626,1.0,0
SaaS,42691.006775497786,3,1,0.2573009707381479,24.0,0
SaaS,294746.5188487036,2,2,0.4411896141798136,10.0,1
Finance,54680.02803724944,0,0,0.452685353968138,23.0,0
Finance,36713.364010920064,9,5,0.2951795698575134,26.0,1
SaaS,19902.15072341167,1,0,0.8869364608418169,71.0,0
SaaS,59978.71003352971,0,0,0.2673915680848768,3.0,0
Healthcare,42633.51940629383,5,2,0.1781667032595193,9.0,1
SaaS,27232.364062713183,5,2,0.1738583681193555,34.0,0
E-commerce,222811.62826324397,2,2,0.20111084751347,12.0,1
Finance,317305.535831557,0,0,0.2704820634621932,3.0,0
SaaS,49076.45251177308,8,1,0.2258726083892176,11.0,1
Finance,258825.0517251122,0,0,0.1793018999525204,15.0,0
E-commerce,68976.41171975418,0,0,0.0722680870294274,7.0,0
SaaS,136283.62718748997,2,3,0.2835271940231726,3.0,1
Manufacturing,49830.90035408278,1,0,0.1766760244511838,10.0,0
Finance,13319.852469493077,3,0,0.5681872895733234,56.0,0
Finance,19771.99062337877,7,5,0.2535045231432481,36.0,1
Healthcare,13985.582873556288,3,0,0.7670689098266927,22.0,0
Healthcare,53188.10711545547,6,4,0.2299505809848943,15.0,1
Finance,206752.60699973875,4,5,0.3767433455887921,2.0,1
Manufacturing,7705.596851669561,1,0,0.6660040062383821,33.0,0
Finance,46613.10983559494,0,0,0.2835271940231726,14.0,0
Healthcare,66205.74101711196,10,2,0.5173321823539062,17.0,1
E-commerce,29479.186377686816,5,3,0.2290310008630727,12.0,1
Healthcare,69550.17015559954,6,0,0.2242357557904082,26.0,0
E-commerce,50540.20314755891,7,4,0.2883670100046503,37.0,1
Finance,51093.53964516021,3,1,0.3061536539973476,5.0,0
SaaS,118981.44720611646,3,0,0.1345825369003175,9.0,0
Finance,89028.83550790201,5,1,0.1643267047296724,21.0,0
Finance,30002.13983260352,3,0,0.8993113476717539,36.0,0
Manufacturing,79970.41402839217,0,0,0.0570417361543005,16.0,0
Finance,49964.20108148929,5,3,0.229349730692169,36.0,1
SaaS,7697.784351822571,5,0,0.6453748730514918,38.0,0
Healthcare,90300.71642674712,7,2,0.405377108660154,19.0,1
Healthcare,370497.3974099143,1,3,0.3273638507602553,8.0,1
E-commerce,47788.8462358351,7,3,0.3354613926509576,22.0,1
Finance,245290.6265983876,2,5,0.4663054706988813,20.0,1
SaaS,163862.74782408646,0,0,0.1991520308095672,4.0,0
Manufacturing,36440.10317961503,4,2,0.6934248905980385,20.0,0
SaaS,77529.99271452053,5,3,0.2667140107680527,8.0,1
Manufacturing,80216.04586580629,15,8,0.6265318310704204,18.0,1
Finance,52411.95761664094,1,0,0.1803429093229735,16.0,0
Healthcare,93324.0494518583,7,3,0.4301332769015396,37.0,0
Healthcare,556200.3746528524,1,3,0.1669044651152931,18.0,1
SaaS,18867.89660153893,9,6,0.165520965134083,27.0,1
Manufacturing,45705.2797203181,2,0,0.2835271940231726,5.0,0
Healthcare,39117.35041338214,6,0,0.5757992300913584,6.0,0
SaaS,10556.57295931382,2,0,0.6452170331921431,17.0,0
Finance,45193.85447179861,4,2,0.1444477486502152,26.0,0
SaaS,16536.645683394636,2,1,0.4681875384615538,36.0,0
SaaS,92118.85605167552,6,3,0.2835271940231726,16.0,1
Manufacturing,35073.74430186796,4,4,0.0947933754203656,23.0,1
SaaS,50255.142152746,4,2,0.1379797777570984,21.0,0
Healthcare,60504.50391039208,9,2,0.4501811969012382,38.0,1
Finance,38169.06956333779,1,0,0.5297576510350831,34.0,0
Finance,148230.18759135288,3,0,0.1708897615501983,7.0,0
Finance,88124.69047437551,2,3,0.2049867459733679,18.0,0
Healthcare,16861.458053966453,1,0,0.7145101790336937,45.0,0
E-commerce,77607.55564448661,2,1,0.2133849828345034,22.0,0
SaaS,67921.64482389402,3,3,0.3179283159391636,9.0,0
SaaS,74476.86766147621,3,5,0.1932102820239018,34.0,1
Finance,116938.49062599156,5,3,0.2277079992440428,20.0,0
E-commerce,36346.94959726535,13,8,0.3901778200604289,34.0,1
SaaS,158074.0309115474,0,0,0.1711889720015647,18.0,0
Finance,57807.70215710843,2,1,0.3326764754640877,5.0,0
SaaS,71886.06335353042,3,1,0.1765599680143587,7.0,1
SaaS,21346.228830077605,7,3,0.2403060301653357,20.0,1
Finance,217567.67015449904,0,0,0.1388019992153926,3.0,0
SaaS,11978.296772773952,2,0,0.8388105917992982,62.0,0
SaaS,16355.414319328993,0,0,0.80535693559518,29.0,0
Finance,44299.93695436619,4,2,0.0423680798925289,26.0,0
Manufacturing,44631.01580712772,5,3,0.2767165601822923,25.0,1
E-commerce,31743.167615506965,2,0,0.1870651025285349,12.0,0
SaaS,25481.006426147364,2,1,0.1732773825997045,12.0,0
SaaS,38832.672066106265,10,9,0.1725047826541194,40.0,1
Healthcare,92094.7885172914,2,3,0.3410443462581718,10.0,0
SaaS,191878.92305965917,3,7,0.2191535633023048,15.0,1
SaaS,104589.77379977044,4,4,0.0964020386733834,24.0,0
Finance,35731.29711442645,4,1,0.2164831570716699,29.0,0
SaaS,21442.531011508338,9,6,0.3924223449545601,26.0,1
E-commerce,207757.2063602608,3,4,0.2480187120194995,24.0,1
SaaS,39083.426838388754,5,2,0.3018451426428127,17.0,1
Finance,45993.31353162743,4,3,0.1548042501708873,16.0,0
E-commerce,70900.0844120768,2,4,0.4208972407624469,6.0,0
Finance,15809.818799567784,1,0,0.7037902732157851,27.0,0
Healthcare,82016.9389594854,2,1,0.2042954947427266,19.0,0
Finance,94125.7812666218,7,7,0.3327065718338123,30.0,1
Healthcare,24124.39087122847,1,0,0.7363623894896943,52.0,0
E-commerce,56826.96554610141,1,0,0.2659400209048179,8.0,0
SaaS,45716.24975484238,3,1,0.3735979498553407,21.0,0
Finance,197291.6545175065,3,4,0.3435132781495971,2.0,1
E-commerce,115064.435389087,2,0,0.1060828914241229,25.0,0
E-commerce,59774.06362115129,2,3,0.192124436489475,16.0,0
E-commerce,97467.89935023231,3,2,0.2629840351130634,26.0,1
Finance,254073.6750128221,2,0,0.431773743660438,9.0,0
SaaS,31711.30451405623,2,2,0.1160711244265679,25.0,0
Manufacturing,84255.24902428995,1,2,0.3020325634277671,6.0,1
E-commerce,94011.91733515495,3,0,0.1612184140273734,50.0,0
Finance,35090.45565662596,6,1,0.2631716334720304,25.0,1
Finance,58283.52325732927,6,5,0.309092678155647,21.0,1
SaaS,211176.5783623128,1,1,0.3181298820195586,13.0,0
Manufacturing,11067.60451945725,3,0,0.902561978659038,23.0,0
SaaS,218228.48234042412,1,1,0.2920871572956039,14.0,0
SaaS,13236.337094830658,2,0,0.7159055526086134,55.0,0
Finance,191927.4495338089,2,1,0.2758625234976187,8.0,0
SaaS,38382.77946101111,6,4,0.2094500287207179,26.0,1
E-commerce,20912.70186274071,7,2,0.3684985118812481,13.0,1
Healthcare,53355.8871260867,3,3,0.2835271940231726,13.0,1
E-commerce,13619.65426558947,2,1,0.4890552538710978,36.0,0
Manufacturing,11556.253764009123,2,0,0.6435202423012152,53.0,0
Finance,268979.1351678559,3,2,0.307739232935536,0.0,1
SaaS,20350.5767549374,7,2,0.5327770138622174,14.0,1
Healthcare,39743.16652380971,10,5,0.4002396251330188,51.0,1
E-commerce,180503.48333280144,2,3,0.3930538462678687,6.0,1
SaaS,336928.77256859106,3,3,0.2555140174869912,6.0,1
SaaS,115679.55070128372,5,4,0.2208895076309008,17.0,1
E-commerce,56704.82316186578,2,2,0.2099355273209018,27.0,0
Healthcare,25125.243163036703,2,0,0.1380276152622231,35.0,0
Manufacturing,54538.21268224827,5,3,0.1816638996443994,12.0,0
SaaS,12232.602864834238,1,0,0.8311458579924802,42.0,0
Finance,48848.88589382423,0,0,0.1173867947221545,23.0,0
SaaS,42052.054746616406,6,3,0.599801881047473,26.0,1
E-commerce,19105.31159817609,1,1,0.6077318571859681,51.0,0
Healthcare,57560.55800873916,0,0,0.0213047399758365,14.0,0
E-commerce,35577.24990513256,1,0,0.1911597322534396,17.0,0
Manufacturing,9878.630126541591,3,1,0.5237437888768034,63.0,0
Healthcare,42268.73049024573,5,3,0.3023916568158891,21.0,0
Manufacturing,232366.11368902287,0,0,0.3617633019512919,11.0,0
Finance,191629.8168370137,5,4,0.3585896435869031,7.0,1
Finance,81289.24097230288,3,1,0.1674281037179182,16.0,0
Finance,29522.565171744296,2,0,0.7098670241623413,86.0,0
E-commerce,76362.5546655015,4,1,0.3023980859487647,23.0,0
SaaS,90690.82658217876,14,11,0.5528180581339531,58.0,1
Finance,295205.383822726,0,0,0.2487205820643098,7.0,0
Healthcare,225481.6075926701,2,0,0.2833618708248515,13.0,0
SaaS,17481.27448172769,11,4,0.2835271940231726,16.0,1
Finance,60224.01130598601,4,5,0.1884235225098524,24.0,1
E-commerce,81390.26951658186,6,5,0.2581002592456276,19.0,1
E-commerce,15234.735687596807,4,0,0.6027541793010952,83.0,0
SaaS,47668.10344587029,1,1,0.3387546085322378,9.0,0
Manufacturing,71587.4601983825,1,2,0.1353756476022757,25.0,0
Healthcare,30458.9626600096,3,2,0.3864333359482686,33.0,1
Manufacturing,15392.712403127069,2,0,0.5932990291284468,19.0,0
SaaS,83224.11511795485,2,1,0.2325126771812227,14.0,1
SaaS,16697.734101369544,1,1,0.5734497523734436,121.0,0
Finance,87058.66338851134,6,2,0.2423647659072789,14.0,1
E-commerce,74365.95289463892,5,2,0.2171239394484971,21.0,0
Healthcare,81727.53051565577,1,4,0.1039095576315204,18.0,0
Finance,71903.31908209085,5,4,0.2452798974985953,23.0,1
Finance,13552.734336823538,1,1,0.5262765698873004,39.0,0
SaaS,15202.873438588498,0,0,0.7296916315265147,28.0,0
SaaS,134086.89994818412,0,0,0.190546573009723,3.0,0
SaaS,214352.9730174813,3,4,0.2835271940231726,10.0,1
E-commerce,9350.38040599446,0,0,0.5213514447860136,71.0,0
Finance,91398.65067053704,8,5,0.227390474076565,30.0,1
SaaS,93250.7130051155,10,3,0.4956047736112681,26.0,1
Finance,281521.0960204397,3,9,0.2504770621568578,12.0,1
E-commerce,71492.78216851816,6,4,0.320587388882997,17.0,1
E-commerce,21704.95764871305,11,9,0.3201934061071155,29.0,1
SaaS,31110.180079130536,3,1,0.2897212586409666,17.0,0
SaaS,20343.40891962,4,3,0.1830212343025804,27.0,0
Healthcare,256197.9486727744,1,1,0.2835271940231726,8.0,1
SaaS,34516.49913244484,1,3,0.3221709506513993,13.0,0
E-commerce,46512.11415232314,1,0,0.1548679447780423,9.0,0
SaaS,234031.30408310145,2,4,0.1250609351596134,11.0,1
Healthcare,204411.29596979904,1,0,0.1990711587206688,16.0,0
SaaS,238068.40422140725,2,3,0.1384746665808531,9.0,1
E-commerce,13232.223298134888,0,0,0.7293926157876385,27.0,0
Healthcare,56864.45067687141,1,0,0.4362859495794724,12.0,0
Finance,51908.6176184079,2,3,0.3353599581498959,12.0,0
SaaS,150986.91399678524,1,4,0.163704822848242,4.0,1
E-commerce,62310.282553901794,4,1,0.2021222896653071,17.0,0
Finance,135073.8180019206,11,11,0.2633728808293001,30.0,1
Finance,24023.577012068108,1,0,0.7478550442306521,37.0,0
Finance,352751.8146409751,2,4,0.2782694600336264,7.0,1
Healthcare,210766.37441935032,1,0,0.1413224391123094,9.0,0
SaaS,58966.49697593442,0,2,0.4240504614392526,5.0,0
SaaS,94231.12633774316,5,4,0.3241557161876984,2.0,1
SaaS,27254.178772952964,2,1,0.336568328887856,24.0,0
SaaS,53739.490837102734,1,1,0.1409414796609487,16.0,0
Healthcare,41386.488598356,1,1,0.1761919728844845,11.0,0
E-commerce,16989.881537432015,1,0,0.4654641468193731,47.0,0
SaaS,10355.132762018042,1,0,0.4131884878807506,59.0,0
Manufacturing,18513.361838615885,1,2,0.1668703363991625,20.0,0
SaaS,86191.68479049545,7,2,0.4919771804037459,32.0,1
Finance,125087.5041767677,3,4,0.1331962732687538,25.0,1
SaaS,40143.13376129313,4,4,0.2822694670983017,17.0,1
Healthcare,60970.12763339134,5,3,0.382245825387169,14.0,0
SaaS,43585.65525713334,5,3,0.0616633137984079,34.0,0
Finance,80206.21007243464,5,5,0.1692510717006151,19.0,1
Finance,182365.5477929533,1,0,0.4504951995168169,3.0,0
E-commerce,52198.593811209095,1,1,0.0598832776968063,9.0,0
Finance,59629.98706381599,2,3,0.2624888595501407,18.0,0
E-commerce,56025.1490883882,5,1,0.1513124623850474,22.0,0
Healthcare,471597.1055162731,2,4,0.2473778285030416,14.0,1
SaaS,100654.18751191613,5,2,0.1300277351794771,16.0,0
SaaS,34990.399071251544,3,3,0.2888105917921273,12.0,0
SaaS,202520.02672226436,4,5,0.2610880773507472,10.0,1
Healthcare,19082.708936458825,4,0,0.6304325229061645,45.0,0
Finance,40924.7204518331,3,3,0.2844137342485119,20.0,1
Finance,51560.586279203126,3,2,0.2478056831601312,25.0,0
Healthcare,120742.6889067146,2,1,0.3220140478199206,2.0,0
SaaS,349629.5333729729,0,0,0.2204365286923554,2.0,0
Manufacturing,65518.992727517085,0,0,0.0761790352620178,12.0,0
E-commerce,15869.246879357132,1,0,0.1360403491686447,6.0,0
E-commerce,43622.66899016017,6,1,0.3116471604797337,24.0,0
E-commerce,41978.89801998463,8,6,0.4550268963735236,29.0,1
SaaS,72011.7241211149,2,4,0.2835271940231726,18.0,0
Healthcare,79135.67662276894,5,3,0.1879367308211466,31.0,1
Manufacturing,14995.7975576311,1,0,0.7889276062696119,35.0,0
SaaS,152912.78497100133,6,5,0.355337900460087,23.0,1
SaaS,18470.33227949519,9,5,0.3728214065826417,27.0,1
Finance,13578.529038178847,4,0,0.845358507295117,49.0,0
Healthcare,43515.9841777653,0,1,0.3018494833015768,20.0,0
SaaS,280465.54747789045,10,6,0.3557690906819881,27.0,1
E-commerce,136559.19118696215,1,1,0.2008187732658708,8.0,0
SaaS,21464.941109891537,4,0,0.7543745570256045,53.0,0
Healthcare,46343.81028366897,6,2,0.3051572017004202,19.0,1
Manufacturing,18969.76498866056,1,0,0.7926926981502226,50.0,0
Finance,59514.70031952309,3,0,0.3131747438684746,16.0,0
Healthcare,271998.5408187855,2,2,0.3262988928329413,6.0,1
Finance,44150.57302825722,8,1,0.3053685128818844,17.0,1
SaaS,161326.78420900877,1,4,0.3157424054396952,5.0,1
Manufacturing,343364.3673797955,0,0,0.1244104760474289,2.0,0
Healthcare,41685.93927509871,4,3,0.173562522325657,25.0,1
E-commerce,111395.83894189,2,0,0.2283103665537711,6.0,0
Healthcare,96834.91239854548,1,2,0.2646820538194314,19.0,0
Manufacturing,15225.56699566087,0,0,0.5751720062144327,35.0,0
E-commerce,24615.89113405323,3,2,0.2835271940231726,14.0,0
E-commerce,52893.309713565606,7,2,0.287082732411614,25.0,1
Finance,83236.6525001791,10,6,0.415442854953657,27.0,1
Manufacturing,32835.306971599064,8,5,0.1549104915897806,19.0,1
SaaS,26567.964368612644,1,1,0.1029548753671478,17.0,0
Healthcare,77484.92033642944,2,2,0.1808883652373573,20.0,0
E-commerce,63464.512381060325,4,2,0.2566666454555053,10.0,0
Healthcare,56555.996300093575,6,4,0.196076960781787,24.0,1
E-commerce,170611.39012246855,4,8,0.4834482660924878,1.0,1
Finance,18050.989393583768,4,0,0.5307819463536214,46.0,0
SaaS,336463.54728238506,2,5,0.2835271940231726,16.0,1
SaaS,252456.56627221743,1,2,0.219060405551878,10.0,1
Finance,263832.102385748,6,8,0.4639168372753545,9.0,1
Finance,31884.497411559507,2,2,0.4516239704860252,14.0,0
Finance,48575.45373510962,1,1,0.2835271940231726,23.0,0
SaaS,53128.59627753034,0,4,0.2187452789881597,16.0,0
Healthcare,12042.195714060805,0,0,0.7210177606558953,51.0,0
SaaS,142085.7352520698,0,0,0.2135558361205597,10.0,0
Healthcare,56454.67459860201,6,1,0.3164930268469831,29.0,1
Healthcare,10855.536648038633,2,0,0.7542011244407212,20.0,0
SaaS,11669.004353744822,5,4,0.2771110941767856,23.0,1
Finance,211454.64645154105,5,5,0.1605581844967664,19.0,1
Manufacturing,124918.36767812794,3,4,0.3894213003985673,18.0,1
E-commerce,17245.782843511006,0,0,0.5642572516843125,17.0,0
SaaS,57977.60357456325,4,3,0.1745093492513072,18.0,0
SaaS,80959.98012579272,2,0,0.1898374558644811,17.0,0
E-commerce,64307.00480490724,11,5,0.480658776673059,15.0,1
Finance,43990.790240023445,3,1,0.2401464548952704,19.0,0
Finance,16970.50175612882,0,0,0.6535731686186174,59.0,0
Finance,43852.542270236685,3,2,0.2430442075707566,16.0,0
E-commerce,167806.17108876302,0,0,0.1881903078779619,2.0,0
Finance,201965.92914586855,1,3,0.1624304811734747,5.0,1
SaaS,109768.9919688,6,4,0.1958914383020925,12.0,1
Manufacturing,41731.61025618012,4,2,0.2240958485231172,10.0,0
E-commerce,112466.5196195722,1,1,0.117527838924596,7.0,0
SaaS,153273.3336052967,0,0,0.2313325879309912,7.0,0
Finance,111800.24392754972,3,7,0.4829231856952383,26.0,1
E-commerce,348590.69599487673,2,3,0.3671007019685291,17.0,1
SaaS,9742.305364530575,1,0,0.5896157115648194,54.0,0
Finance,25859.1232435464,6,2,0.2984773100081656,18.0,0
Finance,69921.37916288122,2,0,0.1564251352010084,17.0,0
Manufacturing,52434.48371009682,7,6,0.3487062506487572,15.0,1
SaaS,89095.5244248937,2,1,0.1144983884852162,10.0,0
E-commerce,34145.70032954115,7,5,0.2201162425240418,18.0,1
E-commerce,32870.63543090987,8,7,0.2088219402211575,18.0,1
SaaS,37676.408822528734,8,5,0.4276307493553019,18.0,1
SaaS,8823.709056894126,1,0,0.5479629441043707,43.0,0
Healthcare,75948.76348748688,2,1,0.1115607850659545,11.0,0
Healthcare,72062.18924753019,1,0,0.1515179058149538,16.0,0
Healthcare,207828.3595347102,4,6,0.2073084516480901,24.0,1
E-commerce,12949.52468920256,2,1,0.2893548262926753,14.0,1
SaaS,106805.01454906612,6,1,0.5482435496273207,10.0,0
E-commerce,48137.87214118079,1,0,0.1837240863891743,13.0,0
Healthcare,249938.64493462045,0,0,0.3304966348668567,11.0,0
SaaS,57118.88528587451,8,5,0.1885366743244825,20.0,1
SaaS,44562.59996132562,4,2,0.4972597985596013,20.0,0
SaaS,123076.6961646346,0,0,0.1027971841233502,3.0,0
SaaS,77688.94606068233,3,2,0.5245616045551635,10.0,0
Finance,49854.94816000048,2,1,0.2508976357891795,8.0,0
SaaS,178615.83629358487,2,0,0.2132491136522034,6.0,0
Finance,206242.29245601408,4,0,0.2672519777545795,14.0,0
Healthcare,264528.5988542219,3,5,0.1560980246550592,12.0,1
SaaS,270600.54545193387,5,3,0.2036705655687569,12.0,1
SaaS,21207.03847761488,4,3,0.1802055523013791,25.0,1
Manufacturing,12417.880733169364,1,0,0.7313771174483481,37.0,0
SaaS,78641.06288299126,7,6,0.3146312854644036,13.0,1
SaaS,118598.38122683764,0,0,0.0171227717314946,16.0,0
SaaS,60627.33481356328,0,0,0.1328258163614074,9.0,0
SaaS,50803.41672522493,7,6,0.3685616504635918,39.0,1
Finance,27420.95502503893,8,1,0.3756431480638054,8.0,0
Healthcare,66166.47968994848,3,2,0.1414922483213711,20.0,0
Healthcare,26891.627255524385,6,4,0.1717355756053257,19.0,1
SaaS,10556.275891213929,0,0,0.7737638513037735,36.0,0
Finance,50080.31115250419,5,1,0.4771794168181247,27.0,0
Finance,11909.571499321137,1,0,0.5418089594671014,58.0,0
Healthcare,21892.6016525908,8,6,0.4657511605903982,50.0,1
Manufacturing,87333.24026584184,4,0,0.2180867456833531,1.0,0
Healthcare,12646.258984753806,2,0,0.7007889123645444,53.0,0
SaaS,238581.12184164903,0,0,0.1625138657416416,1.0,0
Finance,143629.62642375135,2,1,0.2041423283050254,6.0,1
SaaS,45393.036788089325,1,3,0.2840758749271753,15.0,0
Healthcare,56876.141258036136,3,1,0.1239693982326879,27.0,0
Finance,101268.43860288452,5,3,0.3367129552996761,23.0,1
SaaS,89106.7007943942,3,1,0.1497606753265986,14.0,0
Finance,14428.308482113236,1,0,0.3502020755791306,53.0,0
Finance,18887.5476313038,0,0,0.0252109269016542,6.0,0
Finance,50159.58106225972,5,1,0.1632711124480151,52.0,0
Finance,36823.50686976053,8,7,0.3300850059335161,32.0,1
Finance,292639.153378548,0,0,0.1922526721156421,6.0,0
Healthcare,116964.08541788308,7,1,0.3188500392752628,4.0,0
E-commerce,39309.10543853653,8,4,0.2247419636612094,29.0,1
SaaS,32160.14285142467,4,1,0.4004200770907119,18.0,1
SaaS,13299.773347966067,4,0,0.8902911022851896,71.0,0
Healthcare,166728.86371271173,3,1,0.3507444254790151,15.0,0
Manufacturing,69886.79813297302,3,3,0.1965110697212579,20.0,1
Healthcare,20383.481276223545,1,0,0.7081800387398851,19.0,0
Finance,39693.4631870126,5,3,0.2750564756335547,34.0,1
SaaS,30196.60874293616,7,2,0.4380174398226817,9.0,1
Finance,384370.4679159623,1,0,0.1580401533798331,4.0,0
Healthcare,224352.9052844222,4,3,0.2012307297658835,25.0,1
SaaS,27958.333880241174,8,6,0.412024915376136,23.0,1
E-commerce,33617.039196903206,2,3,0.160730861067835,25.0,0
SaaS,30658.067200007903,2,2,0.254198509937791,13.0,0
SaaS,12565.866683828695,5,0,0.6397545659301637,49.0,0
Manufacturing,32098.628243287545,6,7,0.3212740096563944,40.0,1
Finance,15988.518581813853,1,0,0.597575952962141,57.0,0
Healthcare,37220.18265069487,3,2,0.2370723963165157,7.0,0
Healthcare,124344.2631714022,2,1,0.2422091201282259,9.0,1
Healthcare,424557.73408484017,1,1,0.5431611262261107,8.0,0
Healthcare,35843.17748414955,6,4,0.264264098647743,16.0,1
Manufacturing,80930.0979091174,4,5,0.1459317881866957,26.0,0
SaaS,34792.80327999219,4,4,0.1988345510539818,25.0,1
SaaS,88510.31843449034,3,8,0.3451860945022507,9.0,1
Healthcare,37164.57632941668,0,0,0.2835271940231726,17.0,0
E-commerce,11475.472453535049,2,0,0.8319822726892832,60.0,0
Manufacturing,53332.18794504556,4,5,0.4780724057276547,19.0,1
E-commerce,30342.601646891544,5,3,0.2232233323551547,8.0,1
Finance,216571.2693279772,0,0,0.1668061499864395,7.0,0
SaaS,167838.69643779876,5,4,0.2317209339279117,16.0,1
Finance,298048.3836614092,2,0,0.4131177454827754,6.0,0
Healthcare,23374.136905782278,0,0,0.2146642764807148,15.0,0
Finance,28319.534871987333,3,0,0.2835271940231726,10.0,0
SaaS,17075.424244793925,4,2,0.1605339873818221,23.0,0
SaaS,42287.28708680232,3,3,0.280289341292239,17.0,1
Finance,16773.654292610063,1,0,0.8056024107455988,72.0,0
Healthcare,431878.4474047103,4,8,0.350748161604661,1.0,1
SaaS,215773.22974148588,8,13,0.5077139293642488,5.0,1
Healthcare,78210.64590617963,10,8,0.3841998985222877,28.0,1
Finance,58945.98273055985,5,1,0.279871132585313,28.0,0
Healthcare,364803.8422850446,2,2,0.4436598301280577,9.0,1
E-commerce,34510.37675969265,4,2,0.2884997958696398,16.0,0
Finance,14032.8570767147,1,0,0.545377828005133,94.0,0
Finance,16563.96981884767,0,1,0.5402123320608521,38.0,0
Healthcare,79773.0544486733,3,1,0.1968866754210301,33.0,0
Manufacturing,67316.66752300525,2,2,0.2443968459218448,17.0,0
SaaS,54545.80089873629,1,0,0.138076096330135,11.0,0
SaaS,409529.9904994772,3,6,0.5584131291276349,2.0,1
Healthcare,36525.16832322423,4,2,0.148567751336544,20.0,0
SaaS,198247.35719512435,5,9,0.398524107662679,3.0,1
Finance,119640.7237400802,0,0,0.2844330379551997,3.0,0
SaaS,94295.7912475605,3,1,0.2558198751359831,22.0,0
Manufacturing,31989.19324454987,5,7,0.2550438102695256,28.0,1
SaaS,22259.061304609324,0,0,0.6096214011438743,40.0,0
E-commerce,12556.20725435817,1,0,0.9084182150440792,41.0,0
SaaS,21236.277244306715,3,7,0.3155768854128137,34.0,1
Finance,30915.85328595507,3,0,0.5493319183130199,29.0,0
Manufacturing,13627.637082117191,6,6,0.2044071221103925,17.0,1
Finance,105203.9823668836,4,3,0.2118480923733936,13.0,1
SaaS,259983.24056746185,1,2,0.2664264202831659,4.0,1
Finance,59275.73200472481,4,2,0.7721395122212877,9.0,0
Finance,116344.70011428533,7,3,0.2538388953011318,16.0,1
Healthcare,15314.408121504584,0,0,0.4637791401210878,24.0,0
Healthcare,15403.035004875035,6,4,0.3532529742314043,22.0,1
SaaS,124227.5150675386,4,3,0.3612173564414775,12.0,1
SaaS,19359.783329359838,8,5,0.3916829138226711,20.0,1
Finance,446977.50343673193,3,3,0.3642922862850043,10.0,1
Finance,142629.5607170984,5,2,0.292100774442726,13.0,1
SaaS,19934.05529207586,4,0,0.4432054197492389,18.0,0
Healthcare,13563.272856917209,0,0,0.7466859074900835,25.0,0
SaaS,37994.80562064936,2,1,0.096288038468573,12.0,0
SaaS,265204.044667218,3,4,0.4249191464041995,5.0,1
E-commerce,30013.09163401401,4,3,0.2380384417047729,28.0,0
SaaS,23858.08541017945,3,2,0.1430287733334925,8.0,0
Healthcare,19150.108388305543,1,0,0.3982993146753287,20.0,0
SaaS,48767.3141865717,7,3,0.3152049517373891,13.0,1
Healthcare,84895.22327140809,7,6,0.205762966834646,19.0,1
Healthcare,354654.0909070847,0,0,0.0894311445844969,12.0,0
E-commerce,139865.02403902705,5,5,0.0886773436665174,18.0,1
Healthcare,135266.21150342532,11,2,0.4074706433582005,13.0,1
E-commerce,57015.15651276701,9,5,0.3862395606723905,19.0,1
E-commerce,8769.644655655962,1,0,0.5633681703568937,41.0,0
E-commerce,64124.98020505812,6,1,0.3636606758423642,35.0,1
Manufacturing,11973.474968371089,1,0,0.0858367457942319,17.0,0
Healthcare,157239.46993903464,5,4,0.2201564047858275,9.0,0
Healthcare,48343.0573594208,3,2,0.1487246405338644,7.0,0
SaaS,13732.787646829884,3,0,0.6105835897375932,18.0,0
Healthcare,23175.88157594678,7,8,0.3129795809607267,23.0,1
SaaS,86712.88043082441,4,0,0.1819287455245737,9.0,0
SaaS,41356.24987005612,11,6,0.3168915802241461,27.0,1
SaaS,16341.921420651752,1,0,0.7111716444495485,31.0,0
Healthcare,206677.4391521038,1,0,0.0397403261299721,7.0,0
Finance,33109.568316223806,1,1,0.0399326404771058,10.0,0
Healthcare,143314.66159959315,1,0,0.1561989699421144,24.0,0
Finance,105284.3651172388,5,2,0.1902753810473203,13.0,1
E-commerce,67635.58986547288,6,2,0.1993007080873705,40.0,1
Healthcare,41943.76213843384,1,2,0.4136119774071615,19.0,0
Finance,16989.46671294687,11,8,0.3671216684160783,38.0,1
Finance,217394.7934581312,0,0,0.1308435377960174,8.0,0
SaaS,25823.80223884876,0,0,0.0572275086740313,12.0,0
SaaS,17308.499316953606,0,0,0.5562621523208808,53.0,0
Healthcare,71618.28218758816,6,3,0.1917176176438389,25.0,1
Finance,38566.61025670676,10,5,0.3336056568986978,23.0,1
Healthcare,150796.12295579203,3,3,0.403740216472171,4.0,0
Healthcare,32080.03652931323,7,0,0.6481201122323991,23.0,0
SaaS,49766.06982293331,4,1,0.2835271940231726,22.0,0
SaaS,338455.4845723023,5,7,0.2926667461309483,1.0,1
Healthcare,238493.45488910604,0,0,0.1059081977157466,5.0,0
Finance,7784.800669335829,2,0,0.8423820423669472,18.0,0
Manufacturing,75545.74312884474,5,6,0.1781669189806712,32.0,1
SaaS,41819.60947033479,4,2,0.3738087635769009,7.0,1
SaaS,87257.20645431733,8,3,0.2376463338726525,22.0,1
Finance,55230.02957342337,3,0,0.2835271940231726,34.0,0
SaaS,11463.338826094878,3,0,0.8781478260865037,13.0,0
Finance,56211.90995802364,4,1,0.1937224373040745,26.0,0
SaaS,66757.56460804309,2,2,0.3381752656281173,6.0,1
Manufacturing,392246.203680493,0,0,0.1835363159584343,0.0,0
Healthcare,139062.3006170629,1,3,0.1032008666861594,3.0,1
Finance,44196.02921843218,0,0,0.0562643893066464,17.0,0
Finance,55401.3448136618,7,4,0.5560798502545644,19.0,1
Healthcare,135832.76312334364,5,3,0.3845483606044559,15.0,0
Finance,69572.6989101719,6,3,0.2855906561631711,25.0,1
Finance,41163.30404179071,5,4,0.1189054779762335,5.0,1
E-commerce,108204.35103914468,3,2,0.5186209117920816,9.0,1
SaaS,105540.02947667646,1,2,0.2599487135680978,18.0,0
Healthcare,69817.16428486988,5,6,0.3043863628287847,52.0,1
Manufacturing,55057.65463913136,11,3,0.466141637206062,29.0,1
Finance,196783.2404623992,4,3,0.2789046076929311,19.0,0
Manufacturing,43111.49133313204,5,4,0.3020741200526712,21.0,1
Healthcare,16175.413583024712,4,0,0.5835165397538564,58.0,0
E-commerce,56143.68812132731,7,2,0.241289693000895,17.0,0
SaaS,137276.8723444092,2,2,0.1553636707152584,13.0,0
E-commerce,136519.6212518747,2,0,0.1948975189983442,3.0,0
Manufacturing,39889.51236309821,1,0,0.0585525656326313,33.0,0
Healthcare,129854.5148006691,5,2,0.0899408606995668,49.0,0
Manufacturing,18429.39611498339,0,1,0.690566266502564,22.0,0
Healthcare,83497.85177938949,13,5,0.5204232222807468,15.0,1
Healthcare,94658.8934741617,2,2,0.4405809720156158,19.0,0
Healthcare,9806.207683040337,3,0,0.7246479468985992,68.0,0
SaaS,218281.42071540497,0,0,0.2409270607299727,4.0,0
Finance,21565.52426240172,5,0,0.8933767327880233,18.0,0
SaaS,40247.736575969895,4,5,0.2506963676245157,27.0,1
SaaS,46753.777345690185,10,9,0.401310831608554,30.0,1
E-commerce,29791.679681923863,10,6,0.3016205045334342,24.0,1
E-commerce,15150.862189166875,2,0,0.439961480342282,35.0,0
Healthcare,239278.0472257891,0,0,0.1653261457286306,3.0,0
Healthcare,370390.73780378746,0,0,0.2751648105615984,10.0,0
Healthcare,82273.35035613686,8,7,0.3839216903409417,19.0,1
Finance,98883.55715026136,8,5,0.3636991157152117,25.0,1
Finance,95773.61584944851,5,4,0.2835271940231726,12.0,1
Healthcare,19649.52581420285,2,0,0.2835271940231726,68.0,0
Healthcare,130755.37269024094,3,3,0.1546574938125372,24.0,0
Manufacturing,75473.97808651248,5,1,0.343315605028,24.0,0
SaaS,276101.2751698938,1,1,0.3806033439440326,4.0,0
Healthcare,43326.44815108909,6,2,0.2629953789490225,20.0,1
SaaS,15149.979321211136,1,1,0.5153551723972776,32.0,0
Finance,245663.2937988246,1,1,0.3963680786850913,7.0,1
Healthcare,14354.335011354213,2,0,0.7812577328863792,55.0,0
SaaS,55568.11452580547,3,4,0.1196998917623464,5.0,0
SaaS,25771.951498644536,5,1,0.5714646458004985,19.0,0
Healthcare,21070.983116262167,2,0,0.7749063285363983,28.0,0
Manufacturing,270814.1860951083,3,10,0.2453089703285663,14.0,1
E-commerce,24712.99954810813,2,0,0.1918132963787748,7.0,0
SaaS,48138.79104861859,8,4,0.2545129287755536,12.0,1
SaaS,79877.70487876574,2,2,0.249618794391248,16.0,1
SaaS,9000.639292381738,1,0,0.6429762416589011,53.0,0
Finance,33360.378932737374,1,0,0.6996275368295765,48.0,0
Healthcare,28606.133537675967,0,0,0.8234344345923835,30.0,0
Finance,275274.9517203529,1,4,0.2423770221294285,9.0,1
SaaS,82073.87573295033,0,0,0.1356623998706564,14.0,0
SaaS,38051.43534748472,4,5,0.2835271940231726,29.0,1
Finance,91729.83906561018,1,1,0.1717080100965403,18.0,0
Manufacturing,51396.60984229759,15,4,0.5994805424254085,18.0,1
Manufacturing,11606.418390279196,2,0,0.5429682141825666,55.0,0
SaaS,21688.272498404967,1,0,0.7339449139449018,33.0,0
SaaS,41977.2178888491,3,1,0.069254181468295,20.0,0
E-commerce,11409.558243727171,0,0,0.7829731746079869,57.0,0
Finance,22873.927153568657,2,0,0.895052606569505,66.0,0
E-commerce,35913.41087570852,7,1,0.2417386049761894,16.0,0
Finance,15332.880992690372,0,0,0.7520375410159832,65.0,1
E-commerce,217958.5446188608,0,0,0.161289526668686,1.0,0
Healthcare,101339.4641913323,3,3,0.1840253107023608,13.0,1
E-commerce,63776.7309210403,7,4,0.3545178337905157,14.0,1
Manufacturing,14299.586455321378,2,0,0.5316787732907929,38.0,0
Finance,221426.1185732993,4,8,0.2793782401270525,14.0,1
SaaS,100247.85277873297,3,1,0.1446518938050151,14.0,0
Manufacturing,13615.741079554948,1,0,0.7995157717692286,55.0,0
SaaS,69734.39659747419,7,2,0.3746875861344294,12.0,0
E-commerce,139916.77658228864,4,5,0.3421801969578419,6.0,1
SaaS,9711.292566644266,1,0,0.4773209907834811,76.0,1
Healthcare,97386.3922374017,5,3,0.2419054341954898,16.0,1
Healthcare,33727.9744936166,10,5,0.2353842548874528,18.0,1
Finance,22640.88530343199,2,0,0.5774324288267153,43.0,0
E-commerce,14614.477684120004,4,0,0.6706113290975749,44.0,0
Healthcare,420014.8735484144,1,2,0.1845907904805977,2.0,1
SaaS,182287.7302971541,0,0,0.1904557085260204,4.0,0
SaaS,79610.967869677,5,9,0.1582060810134998,35.0,1
SaaS,63400.690696204525,3,0,0.338483273104334,10.0,0
E-commerce,63692.47950815439,8,5,0.2171029414646165,34.0,1
Manufacturing,43442.11411600109,11,7,0.5316943997012719,18.0,1
Healthcare,74447.72810509594,2,0,0.1474132905852866,9.0,0
E-commerce,67746.613572174,5,4,0.379703799385344,29.0,1
E-commerce,311333.66216622945,3,4,0.3132517696163246,5.0,1
SaaS,145000.8773777752,2,1,0.3088033959775663,0.0,0
Manufacturing,35096.72138239408,3,1,0.2425368319646285,5.0,0
Finance,70309.22335122702,0,4,0.3114880892323501,13.0,0
Finance,9619.820329601913,5,2,0.2430840036062455,26.0,1
E-commerce,47747.97715192031,2,0,0.1204818234588761,4.0,0
Healthcare,87955.13488762667,7,2,0.1481840672747998,35.0,1
E-commerce,13122.021475019958,0,0,0.6902741979480878,37.0,0
E-commerce,20362.516039165377,5,0,0.1578816935191949,6.0,0
Finance,12872.935748169848,3,0,0.902615115748114,48.0,0
E-commerce,42206.20017575689,5,2,0.2835271940231726,20.0,1
Healthcare,289099.7870756373,0,0,0.3951625828514025,5.0,0
SaaS,59135.49541436432,0,0,0.0324434855346725,12.0,0
SaaS,36683.53590065441,1,0,0.1522267728384693,31.0,0
Manufacturing,13357.585180098013,2,2,0.3486576904198954,17.0,0
Finance,71580.73021579332,3,3,0.2835271940231726,9.0,0
SaaS,98683.94147609475,5,1,0.1291175264667789,24.0,0
SaaS,40712.3239412335,4,2,0.4999126799363024,6.0,0
SaaS,49130.2926587726,2,1,0.1954301796330117,9.0,0
SaaS,172869.48646291308,0,0,0.4874500263508842,20.0,0
Finance,35377.826953943746,4,2,0.3222676227678844,30.0,0
Healthcare,110487.89484628374,7,4,0.3276300787506179,17.0,1
Healthcare,30562.29834164424,1,2,0.3590828146774011,28.0,0
E-commerce,141361.2056642637,1,4,0.263112737288697,4.0,1
Healthcare,64926.30195821223,7,4,0.4163534634678298,23.0,1
Finance,439846.018807378,0,0,0.1982769768538959,8.0,0
Manufacturing,119180.64165881158,1,0,0.1445363822375689,1.0,0
Finance,79151.44868886178,6,4,0.2986051569116317,36.0,1
Manufacturing,265908.52044924884,2,1,0.4420868321178299,13.0,1
SaaS,206889.51654038925,0,0,0.3702897077999581,5.0,0
E-commerce,46173.86734290541,5,2,0.2724338833924676,13.0,0
Healthcare,362103.4113861218,0,0,0.256705464926499,6.0,0
Finance,13693.041705062284,2,0,0.8229309978444177,30.0,0
SaaS,247472.95961061792,2,2,0.2835271940231726,7.0,1
E-commerce,112070.94299861556,3,2,0.2233777351306182,12.0,1
SaaS,38599.956351438464,2,0,0.0867962179200901,11.0,0
Finance,268494.8669812021,5,2,0.2656899793107943,10.0,1
E-commerce,10137.946898997328,0,0,0.7970008552236945,38.0,0
E-commerce,162968.93363912805,1,1,0.2127960125791952,8.0,0
SaaS,148522.402810856,3,9,0.2764822997289416,3.0,1
E-commerce,43647.190308598205,4,5,0.3341797436807185,21.0,0
E-commerce,58365.299345241714,5,3,0.2474137861590881,17.0,1
SaaS,9842.656254775326,0,0,0.734515722424764,52.0,0
Finance,17917.397734056853,2,0,0.8398843334826431,22.0,0
SaaS,168357.67800481655,3,7,0.2994880169307302,16.0,1
Finance,175130.81026625435,1,1,0.1192369156322985,24.0,0
Healthcare,43632.38957795035,11,9,0.3239568828481123,34.0,1
Healthcare,43865.65339377191,2,1,0.2337215973278074,18.0,0
Finance,57788.94648362875,1,0,0.0742019096283067,34.0,0
Healthcare,61279.77345348923,1,3,0.4743860976713226,20.0,0
Finance,128444.0521436246,2,2,0.4266253905779918,9.0,1
E-commerce,12740.29639294565,1,1,0.5206863114693985,54.0,0
Manufacturing,122680.12419264906,4,2,0.1950010333674498,17.0,0
Finance,35694.26356377337,7,3,0.4284196276351948,13.0,1
Manufacturing,115596.14417263512,5,4,0.2799209689960599,8.0,1
SaaS,46955.36219667357,1,2,0.1245277367167774,12.0,0
Healthcare,50400.80370914505,3,0,0.1442165404365322,26.0,0
Finance,120509.68957539515,10,7,0.3375346261307226,21.0,1
SaaS,17942.705319820732,3,3,0.1149687863532484,20.0,1
E-commerce,11257.9808808522,3,2,0.246934515252655,12.0,0
SaaS,16255.02611273369,0,0,0.704115056843699,54.0,0
Finance,69946.8896161664,3,0,0.2962185849716771,12.0,0
Finance,153051.6791946551,9,8,0.299375836924233,31.0,1
Healthcare,50278.344476610095,5,1,0.3125992635590637,13.0,0
Healthcare,214560.17579683225,14,9,0.3663165019489242,39.0,1
Finance,77723.48860176075,2,0,0.0658764822740568,15.0,0
Healthcare,192825.64689834867,1,2,0.4157198839413792,7.0,1
E-commerce,34352.97260419567,7,6,0.4985169097624424,23.0,1
Manufacturing,193319.4026834877,2,2,0.0339606332919888,8.0,1
Healthcare,98209.91034063176,6,2,0.2880326495201961,18.0,1
Manufacturing,86157.77818168068,2,1,0.0891715993083311,11.0,0
Healthcare,161988.48371899215,0,0,0.0647822863390234,11.0,0
SaaS,210949.96510902848,2,4,0.4593066715355907,10.0,1
Finance,40104.88794689011,3,2,0.2111851333572211,15.0,0
SaaS,16902.6372245502,1,0,0.649553670048119,34.0,0
Manufacturing,91610.09280518546,0,0,0.0761726089628847,8.0,0
SaaS,38278.469889292086,0,0,0.0715407823893038,9.0,0
Healthcare,99349.76971272376,3,1,0.2610499151398533,7.0,0
SaaS,214057.9525634134,0,0,0.0757214050927694,3.0,0
Finance,74206.65218198083,3,1,0.2526468759879285,18.0,0
E-commerce,99579.92184398996,8,4,0.4280641560175161,25.0,1
SaaS,30150.31292883879,2,2,0.2472438575612022,23.0,0
Healthcare,49498.28646225968,2,0,0.2028264499068156,12.0,0
SaaS,11004.602997455902,2,0,0.767952090051091,80.0,0
SaaS,20739.939801052376,5,0,0.5366741939965209,44.0,0
Finance,17397.320919003112,0,0,0.8129649350710169,58.0,0
SaaS,193783.19282729927,2,1,0.1692886715414341,14.0,0
Finance,159169.96225887313,0,0,0.1295842740260734,13.0,0
SaaS,42654.88654741988,4,1,0.0971892413649602,15.0,0
E-commerce,92111.05519154471,5,1,0.2149118707144196,23.0,1
E-commerce,145580.36267943346,3,1,0.2566963060172454,24.0,0
SaaS,31281.266781212194,2,2,0.1217296587254424,15.0,0
SaaS,60545.0209710369,3,1,0.2814005570541168,11.0,0
Finance,248526.05921400417,4,7,0.4161707055100645,8.0,1
E-commerce,184188.55035063895,1,1,0.1126745229721364,4.0,0
Healthcare,78606.00771494856,8,1,0.5017014999015793,23.0,1
SaaS,24247.43348788542,3,2,0.2439855917257592,19.0,0
Healthcare,60551.64057211142,2,0,0.1811335296365246,12.0,0
Finance,63665.856819504144,11,6,0.2863669164312979,29.0,1
SaaS,7932.343511433364,2,0,0.8212186963706262,40.0,0
Finance,48973.348624708,2,3,0.3058174705545016,20.0,0
SaaS,77220.77689685056,4,7,0.3997383496025777,24.0,1
Healthcare,35579.40431405211,6,1,0.517538530699142,6.0,0
Finance,34696.33460072132,8,4,0.5106303463217423,25.0,1
SaaS,21833.98302721053,3,5,0.1798452903696456,13.0,1
Finance,46635.253170398086,2,3,0.2454855391803213,21.0,0
Healthcare,159897.1711957134,2,2,0.1745658270246045,12.0,0
SaaS,37311.22086971089,14,7,0.477588559030601,24.0,1
Finance,79797.9607160351,5,0,0.3824489561392615,19.0,0
E-commerce,15511.282496280626,0,0,0.686204330651823,35.0,0
Finance,236991.49874382952,2,5,0.2629911830245536,4.0,1
Finance,21726.074524094307,1,0,0.6482282289888829,29.0,0
SaaS,12005.559821418994,1,0,0.8711461145213605,39.0,0
Healthcare,127416.38497035956,5,3,0.2948745925058755,15.0,1
Finance,48821.62007497744,6,3,0.1380459480983968,20.0,1
Healthcare,183859.76519040152,2,2,0.4195046687205593,9.0,1
Healthcare,365967.9224841904,0,0,0.353737063225373,6.0,0
E-commerce,393095.4066355949,4,5,0.2879732265125251,10.0,1
Healthcare,61912.22722984866,3,1,0.1992131616581483,9.0,0
E-commerce,42850.5200523434,7,3,0.3284577360738614,15.0,1
E-commerce,30491.25522708953,0,0,0.0550155701809705,9.0,0
Healthcare,30756.252598460946,1,0,0.0753726285662907,18.0,0
Manufacturing,12577.251150469952,3,0,0.7135719240505225,52.0,0
Healthcare,15380.593708375867,0,0,0.638731193012025,53.0,0
Manufacturing,9000.838413020316,1,1,0.615588874657066,56.0,0
Finance,49226.82974099754,2,1,0.4493088166372564,14.0,0
SaaS,114948.53379205776,5,3,0.4286174640721274,15.0,1
SaaS,52203.60398576773,2,0,0.1437385868154548,12.0,0
Healthcare,41434.53622013513,8,7,0.2849218031210966,16.0,1
SaaS,30696.64930677575,5,3,0.1395262955953055,8.0,0
SaaS,277505.1767983493,0,0,0.3239981506646663,0.0,0
Finance,196323.0399273609,3,1,0.2023267539294329,10.0,1
Finance,126055.40930153614,2,0,0.156654231001568,13.0,0
SaaS,39724.208343046645,10,9,0.3524367092966806,33.0,1
SaaS,27487.41679824057,2,1,0.6821650373027938,64.0,0
Manufacturing,54264.681029095846,9,4,0.3477915692309925,29.0,1
E-commerce,23688.453110636336,7,4,0.3490105417323729,15.0,1
Manufacturing,57425.88897876637,2,3,0.4414600601749582,5.0,0
SaaS,94358.03680046204,5,1,0.3200210889652077,12.0,0
Healthcare,56959.71493420262,2,1,0.3072109893554183,9.0,0
Finance,32978.48237607138,9,5,0.24275936170155,34.0,1
E-commerce,67586.57378561585,6,4,0.2359855354145142,15.0,1
SaaS,28739.578389476115,10,2,0.2888241049218596,38.0,1
Finance,14922.170404951325,0,1,0.6839501527512006,54.0,0
Healthcare,77158.78356441003,0,0,0.3767839877406184,26.0,0
Manufacturing,211507.53999037895,1,0,0.1245575320664394,18.0,0
SaaS,9034.941366914474,1,0,0.3743104322852428,30.0,0
Healthcare,133049.75296282506,1,0,0.1153716255675603,2.0,0
SaaS,85258.17197151193,4,2,0.2242878672264939,9.0,1
Finance,55018.14317155584,3,1,0.557896080902351,20.0,0
Healthcare,394158.2962871734,0,0,0.1344723245555837,5.0,0
Healthcare,11732.800988485464,1,0,0.697972688024983,51.0,0
Finance,49455.39838394797,3,4,0.3022473630051976,25.0,0
E-commerce,9170.063935029222,2,0,0.5989281274508287,43.0,0
Healthcare,15475.9248163708,4,0,0.8250378683323365,41.0,0
E-commerce,101892.10140123416,0,0,0.0950865086237545,18.0,0
E-commerce,135467.2050531199,0,0,0.3138965295699459,6.0,0
Finance,12141.793875902256,8,9,0.3617386094795195,29.0,1
SaaS,58321.58985762675,5,6,0.1427674976866247,27.0,1
SaaS,17867.65545791884,1,0,0.8238697520715311,19.0,0
E-commerce,37435.15665771524,2,1,0.1239155729448712,23.0,0
Finance,218118.52473829276,5,6,0.237119402880959,24.0,1
SaaS,27758.049683917543,12,6,0.4150217173341168,19.0,1
SaaS,41916.47758072572,5,1,0.2711774487835343,17.0,0
Healthcare,26382.55591526333,0,0,0.6840822273119906,40.0,0
Finance,59329.74574114217,10,15,0.2982911551419342,46.0,1
SaaS,216376.25146244533,5,3,0.3123689486339712,21.0,1
SaaS,18069.328396793306,1,0,0.4583996000576306,32.0,0
Healthcare,93658.62358543849,1,0,0.1075117808869732,7.0,0
SaaS,144897.2958542537,1,0,0.2676538527480903,8.0,0
Healthcare,197157.39937907355,0,0,0.1629525912912995,5.0,0
SaaS,19194.063108013084,10,2,0.2134903909003224,15.0,1
Finance,496947.9797660859,1,2,0.1493105067315518,18.0,1
E-commerce,9649.076404778683,2,1,0.6123065908344681,35.0,0
Healthcare,100262.78541379696,3,0,0.1639557894323987,25.0,0
Healthcare,13554.364424893663,2,1,0.7045315290864234,9.0,0
Finance,120905.75279976332,6,5,0.214889857598036,24.0,1
Finance,123432.38049119894,6,4,0.2631905398855134,18.0,1
SaaS,12959.325766594671,0,0,0.6963539989018157,52.0,0
Healthcare,88084.14288705206,3,0,0.1875215163172076,22.0,0
E-commerce,57309.930697561,4,1,0.1703005228302568,25.0,0
Finance,54765.22842960479,3,4,0.0304813390789808,15.0,0
Healthcare,15710.049502463757,0,0,0.743675648651021,43.0,0
Healthcare,56915.341224197,2,1,0.2835271940231726,13.0,0
Finance,87536.85133294185,7,9,0.2531810847511759,27.0,1
Finance,51518.12038306324,1,1,0.0944413762942629,11.0,0
Healthcare,297204.38807950483,0,0,0.1919289327242271,9.0,0
SaaS,77313.1810787486,2,1,0.3155355729232387,18.0,0
Healthcare,50508.32872281107,4,0,0.2337654746326088,5.0,0
SaaS,56357.46735545238,3,4,0.1024425630816336,20.0,1
SaaS,54335.605883740456,7,1,0.3307340710501081,20.0,1
Finance,69645.91010325622,11,5,0.3469528725066376,37.0,1
SaaS,20736.84406727075,2,1,0.1173349270245223,4.0,0
Manufacturing,12711.297813695082,4,3,0.1665124220381311,14.0,0
SaaS,46144.82832047012,5,5,0.3658976073599113,19.0,1
SaaS,92787.0204144223,2,3,0.151721880824218,7.0,1
Healthcare,67353.03900728907,2,0,0.1121800531351239,3.0,0
E-commerce,54266.50901470292,4,3,0.1953995127567258,40.0,1
E-commerce,161124.17179595068,1,4,0.1039144960074209,7.0,1
SaaS,47297.80952938055,3,0,0.4336130455185459,13.0,0
Manufacturing,15286.34788755054,1,0,0.7469623913694533,22.0,0
Finance,40765.733803543895,14,8,0.5842731438173664,26.0,1
Finance,29220.58639463949,3,1,0.0359932635803774,21.0,0
E-commerce,373452.607367652,3,2,0.1084241258368312,7.0,1
E-commerce,38142.88380192997,8,3,0.3165461943011839,11.0,1
Finance,295668.71253214515,1,0,0.2788979066055169,6.0,0
Healthcare,51983.83660685636,1,0,0.162950108964537,9.0,0
Finance,56928.10061608657,4,1,0.1601933859936129,16.0,0
Healthcare,17371.615188734202,1,1,0.8440217920016989,39.0,0
E-commerce,285960.3098172687,1,1,0.1392038817495518,5.0,0
SaaS,265671.5538137091,4,5,0.3158899946442242,6.0,1
Healthcare,53810.06242681408,1,0,0.0895454127907596,14.0,0
Healthcare,177489.98846215187,8,5,0.3871941507847239,19.0,1
Finance,143448.69644892088,1,2,0.3630883554805263,6.0,0
Healthcare,268553.371970468,4,6,0.3418727723647636,20.0,1
SaaS,204469.70645698105,1,0,0.1784543264474779,4.0,0
Manufacturing,48184.02592168113,7,2,0.2638164356529323,19.0,1
E-commerce,75700.66947968739,3,5,0.0779295668461859,18.0,1
Finance,201138.62287721847,2,3,0.4135465893807458,6.0,1
E-commerce,27407.23901096725,3,0,0.193759906979482,14.0,0
E-commerce,200436.15461123156,4,7,0.3914029520720019,8.0,1
E-commerce,97482.07981373172,2,3,0.1293594022534337,13.0,1
SaaS,41929.30200633217,1,0,0.1850715098073304,13.0,0
Healthcare,51647.89828403341,7,2,0.193894240299484,16.0,1
Healthcare,119925.499620783,3,2,0.2202683540734274,11.0,1
Finance,72867.33138808091,7,7,0.2885653563361918,24.0,1
Finance,23460.91103527024,12,9,0.3346541908295199,29.0,1
Finance,44417.67949244126,1,0,0.1807519622978474,21.0,0
SaaS,27349.72544097905,3,0,0.614028411611587,29.0,0
SaaS,13132.258708265765,2,0,0.8409794123238207,25.0,0
SaaS,16155.179458175044,4,0,0.7904111922670426,41.0,0
Finance,99840.29539513688,2,1,0.2353832298281673,42.0,0
Manufacturing,133570.14571364986,0,0,0.1801723670990486,9.0,0
Manufacturing,16856.776063163074,1,0,0.2835271940231726,62.0,0
E-commerce,44054.56908089112,5,2,0.3560533460808011,11.0,0
Manufacturing,8999.021065843803,1,0,0.5881492839497509,17.0,0
SaaS,37138.603303434975,1,1,0.0956303514255591,18.0,0
Manufacturing,41875.34596659706,3,3,0.156678464853508,30.0,0
Finance,61633.327665149474,5,1,0.3085036625482796,26.0,0
Healthcare,124096.39781130623,4,1,0.1864591086658982,9.0,0
Finance,28519.028872373223,0,0,0.1165465526445456,9.0,0
Finance,125559.5156429859,5,3,0.1985493543559357,9.0,0
Finance,457285.8197041577,5,10,0.3281112664072979,5.0,1
SaaS,55977.39885897052,3,4,0.1303228547727064,22.0,1
E-commerce,9341.962326645682,2,1,0.2835271940231726,75.0,0
SaaS,263177.24122727034,2,2,0.0714362516614847,10.0,1
Finance,126953.61920537413,5,1,0.2883029813414962,12.0,1
E-commerce,148177.75513366016,2,2,0.1207306279572365,4.0,1
SaaS,48071.87094843753,2,1,0.4413404976436096,8.0,0
Healthcare,408942.039498496,3,3,0.5416016599875837,18.0,1
SaaS,309517.77336413687,0,0,0.2675268076046845,11.0,0
Healthcare,269491.89171664254,0,0,0.2691738391490994,7.0,0
Healthcare,269199.04658069444,0,0,0.1912280607645337,18.0,0
Manufacturing,80518.41423763114,1,0,0.0221501310547594,14.0,0
Healthcare,41189.03178556039,13,11,0.4465080630415466,30.0,1
SaaS,22124.966105049098,3,4,0.3429513379922827,11.0,0
E-commerce,45866.193832655095,9,7,0.2975387222772681,34.0,1
SaaS,11242.979858236224,3,0,0.5624992522985397,51.0,0
Finance,16676.34231134207,1,0,0.8384393183757122,53.0,0
Finance,289715.20092040143,2,6,0.2651690878066409,3.0,1
Finance,74624.63378690553,0,0,0.1619091313626914,30.0,0
SaaS,77399.11014036444,3,3,0.2916556553025055,14.0,0
Healthcare,31967.258133908705,3,1,0.1752828130796687,8.0,0
Finance,137523.8370385797,2,1,0.0876326650561291,11.0,0
Manufacturing,20942.412720842374,9,6,0.3041520736772824,44.0,1
SaaS,53318.30200900624,1,1,0.0943248774610962,5.0,0
Finance,73211.39440912256,0,0,0.1877663987817457,9.0,0
SaaS,9099.332670248974,1,0,0.5456619614052638,38.0,0
SaaS,89194.625940758,3,0,0.3878601498148686,23.0,0
Finance,78426.40655131482,3,2,0.3042836632399847,26.0,0
Healthcare,241030.411709273,7,5,0.3070303915376196,15.0,1
E-commerce,476169.1805449698,1,1,0.1483526911877161,7.0,0
SaaS,53585.1038335042,4,3,0.1578424316617329,13.0,0
SaaS,71257.47906168026,4,1,0.3301595117067393,12.0,0
Healthcare,52315.01587598515,2,3,0.5216169336056193,6.0,0
Finance,530411.912833226,2,2,0.1546125873928711,6.0,1
Finance,85494.2575282078,1,0,0.1188903953107453,27.0,0
Healthcare,60509.362273512605,6,6,0.1902059815481091,24.0,1
Finance,98829.04098439848,0,0,0.2835271940231726,8.0,0
Finance,179841.5492606281,6,3,0.156107555236704,36.0,1
E-commerce,96333.71534298378,3,1,0.116566625776488,17.0,0
Manufacturing,313336.37987863936,3,2,0.0695412622216426,11.0,1
E-commerce,9598.6749431372,4,0,0.5473838683907571,35.0,0
E-commerce,62015.54242667633,1,0,0.1728451091281233,12.0,0
Finance,65709.07062090831,5,3,0.3052389518374973,12.0,1
Manufacturing,282955.8769617771,2,6,0.2401493695477792,0.0,1
Finance,44459.032027808746,4,2,0.2234381333421334,8.0,1
Manufacturing,40373.40375810977,1,4,0.4531475056143448,2.0,0
Manufacturing,49421.84878320655,2,2,0.4086533074564885,4.0,0
SaaS,17241.565957584065,4,0,0.5730144277008957,27.0,0
Manufacturing,132615.52491617438,1,2,0.1384729551001609,12.0,1
SaaS,46659.54806002515,3,0,0.3153629566954436,23.0,0
Healthcare,85983.29001532725,5,3,0.2835271940231726,11.0,1
Healthcare,44255.12992763655,2,3,0.1933543923485738,21.0,0
SaaS,72022.48088324611,6,6,0.3460673281098274,19.0,1
Finance,23879.88120635692,1,1,0.1817020748327776,24.0,0
SaaS,37911.25528229505,1,4,0.2489344529837054,10.0,0
Manufacturing,115983.47478455884,1,0,0.220650018307403,11.0,0
Finance,96664.03991894991,1,3,0.2567963121436999,13.0,0
E-commerce,151230.1084367088,4,0,0.1509969627133714,17.0,0
Manufacturing,204127.23492221523,0,0,0.198913664951375,5.0,0
Manufacturing,29684.704154488336,2,1,0.1132452861959248,19.0,0
Manufacturing,332724.25865840784,1,0,0.1482290821512976,4.0,0
SaaS,16586.059258346802,4,3,0.2456772957927702,33.0,1
Manufacturing,13534.649693518568,6,3,0.2731300721154779,20.0,1
E-commerce,12722.006243460482,1,0,0.4383081282029012,29.0,0
Finance,23537.230629544832,0,0,0.4869756284375302,39.0,0
SaaS,152750.21009584796,3,1,0.3839474909647969,8.0,0
SaaS,37885.967737718514,6,7,0.2504989095325404,32.0,1
Finance,30658.122797973934,2,1,0.5763536454042893,40.0,0
SaaS,105526.41701656028,5,6,0.1813185334177433,29.0,1
SaaS,10840.119846829892,4,0,0.5158594770767567,37.0,0
Finance,446107.7366017922,2,5,0.3212994571117717,5.0,1
SaaS,187401.89207415903,2,3,0.4192768818818742,6.0,1
E-commerce,152915.3482525849,2,3,0.3674139362039545,20.0,1
SaaS,44836.74244362582,12,11,0.2346409264120829,38.0,1
Finance,58821.47424812827,5,5,0.2722645823638689,21.0,1
Finance,108607.2824171801,3,1,0.3471538401857398,6.0,0
Healthcare,63482.89083397771,3,3,0.3418841442092871,29.0,1
Manufacturing,202961.87854558745,2,4,0.0367807841943021,12.0,1
Finance,34780.38678501263,1,0,0.1609337418834639,6.0,0
SaaS,147159.52541151573,3,7,0.2624845631373262,6.0,1
Finance,72666.86886669879,4,1,0.4263441084162118,13.0,0
Healthcare,129470.28914189336,2,0,0.1824547533609429,13.0,0
E-commerce,139863.67309867116,5,7,0.5417564735366027,7.0,1
SaaS,58023.54931259256,3,1,0.2177447208052548,8.0,0
Finance,225564.57615919987,2,3,0.2543505879648332,1.0,1
Healthcare,57833.49341322047,1,3,0.2333441997786094,5.0,0
Finance,755798.7759647096,2,3,0.2321897832445062,8.0,1
SaaS,27313.75754507142,5,2,0.1670406588237963,8.0,0
SaaS,512264.2894310245,1,0,0.1521145861553452,7.0,0
Finance,52103.924266182665,3,1,0.2835271940231726,2.0,0
Healthcare,161390.5050177627,6,2,0.2835271940231726,16.0,0
Healthcare,14743.51314149423,1,0,0.7633499815344629,38.0,0
Manufacturing,162433.77434033604,3,1,0.1232687582266217,21.0,0
Manufacturing,31429.03707188109,7,6,0.5285460054263286,18.0,1
Finance,21379.64249229326,3,2,0.3880165845201963,37.0,0
E-commerce,276031.3198897942,0,0,0.1343886572336592,8.0,0
Healthcare,20853.49713130171,1,0,0.6032715337069614,42.0,0
Healthcare,254574.80705462804,5,3,0.0948998649868263,23.0,1
E-commerce,34485.31983928932,13,8,0.4419150542738541,47.0,1
Manufacturing,40588.08146840041,1,2,0.2336602688160395,20.0,0
Manufacturing,209481.03338831256,1,1,0.1464380108439852,1.0,0
SaaS,59599.9975397815,8,0,0.3811885822858146,11.0,0
Healthcare,21101.216296000017,3,0,0.6437287359219158,57.0,0
E-commerce,39640.71452906079,2,0,0.1708933059206833,4.0,0
Healthcare,44967.16773258496,6,5,0.2848449035258744,18.0,1
SaaS,153179.581230397,2,1,0.3609790319486943,5.0,1
Healthcare,195301.7852686424,1,0,0.1015625581679227,6.0,0
SaaS,7559.56592536062,2,0,0.7160022974883913,33.0,0
Finance,58457.27372316515,2,4,0.3923859397921748,4.0,0
Finance,71478.95659536374,4,4,0.2188798577912959,17.0,1
Manufacturing,10209.573877474422,5,1,0.0593459452117263,16.0,0
Finance,12804.569478330755,1,0,0.6831644751967622,33.0,0
SaaS,11204.510735743615,2,0,0.5014140473249771,19.0,0
Finance,97824.29074704896,13,7,0.310274868029839,30.0,1
Finance,140827.9325419865,11,3,0.2373091581960478,19.0,1
Finance,49514.72573904732,7,4,0.3500553881487492,31.0,0
Finance,16001.8848277309,4,1,0.7241023240967893,65.0,0
E-commerce,12487.306006029874,1,0,0.5783982593962014,32.0,0
Healthcare,120752.96104071618,8,4,0.2835271940231726,12.0,1
Manufacturing,35576.18507133578,6,2,0.3537458860073853,30.0,1
SaaS,22675.27902897217,3,2,0.4451421080904729,30.0,0
Healthcare,90000.22498339298,0,0,0.0443223539758737,29.0,0
SaaS,42487.148209556864,2,2,0.1316594154072985,15.0,0
SaaS,10370.818500812666,1,0,0.5713373516291846,18.0,0
E-commerce,153174.43179011202,3,3,0.2234244353059521,12.0,1
Healthcare,63560.60924158863,5,2,0.318569445051465,27.0,1
Healthcare,41160.47165653814,8,5,0.3367497442105415,24.0,1
E-commerce,66227.10193877322,6,2,0.3040447088881245,23.0,1
Manufacturing,112598.74260145667,6,2,0.1620521178219088,21.0,0
E-commerce,39719.795439824455,3,1,0.2451483018537031,16.0,0
Healthcare,191426.1131151901,0,0,0.2745174653323074,10.0,0
E-commerce,23622.6953246355,1,0,0.2483443591827014,19.0,0
SaaS,103275.33511784772,3,0,0.1851645524778811,18.0,0
SaaS,164544.0306692616,2,2,0.2346516712551852,16.0,0
Finance,50458.53108627004,17,9,0.4033056093758781,32.0,1
SaaS,39087.00416869155,15,6,0.3524549551744084,29.0,1
Finance,27500.99796970997,1,0,0.6370723893745824,43.0,0
Healthcare,108805.15167055684,6,9,0.4489218637396466,24.0,1
E-commerce,91906.25534299192,4,2,0.2473467107180266,15.0,1
Finance,28217.43365788039,6,3,0.3057962856700241,25.0,1
Finance,141053.9059862261,3,2,0.3159101752978151,41.0,0
Finance,245729.38849332315,1,1,0.2856885199896627,17.0,0
Manufacturing,264815.3901125506,3,7,0.3074871999161263,11.0,1
SaaS,22611.329136773365,3,0,0.7476704234247142,37.0,0
Healthcare,14180.922673033318,2,0,0.7080634146087156,54.0,0
E-commerce,119966.7399176636,2,3,0.1181538024322435,14.0,0
E-commerce,38335.80627582214,18,16,0.5376982915381808,49.0,1
Healthcare,26834.70659317637,7,6,0.2863689076490373,25.0,1
SaaS,93132.45082286988,4,4,0.2431192941308851,15.0,1
E-commerce,83000.99505477451,2,4,0.2835271940231726,6.0,1
SaaS,73369.49054931416,10,9,0.4055331810227803,45.0,1
Finance,91687.24323191568,3,2,0.4479205702361457,17.0,0
E-commerce,139355.99115842814,6,9,0.3257964627081944,14.0,1
SaaS,116851.86227415963,2,2,0.4428084311065162,12.0,0
Healthcare,46112.32510379119,4,2,0.2835271940231726,9.0,0
Healthcare,223666.2961070564,4,2,0.2851589323984522,18.0,1
Finance,216196.2611055476,0,0,0.0843191759207007,9.0,0
Finance,51413.768796065735,0,0,0.0664030888042965,14.0,0
E-commerce,14173.539989844954,0,1,0.5629661692448065,42.0,0
Finance,292899.88568891195,2,5,0.4031447340371296,5.0,1
Healthcare,20890.71900028056,5,3,0.2245856242532899,17.0,1
SaaS,81295.76869450722,5,3,0.2421660224267493,22.0,1
Finance,34397.54149538055,1,0,0.1618013920784494,5.0,0
Manufacturing,7789.960272595035,1,0,0.0826071954300224,26.0,0
Finance,57148.08088217952,5,3,0.1507948609260966,19.0,1
Healthcare,87113.55176621897,6,2,0.3593340021719929,20.0,1
Healthcare,62688.53160732365,3,2,0.140249527076677,18.0,0
Finance,70605.69091212348,9,3,0.4817143020884764,19.0,1
Finance,94554.2396803723,5,6,0.2991398904252099,28.0,1
SaaS,37510.82803195978,11,5,0.345062144288724,25.0,1
Manufacturing,252393.7638613444,0,0,0.3489774677655366,0.0,0
Finance,53585.884384575824,5,5,0.2685384089834939,26.0,1
SaaS,40823.98003949327,2,0,0.1899353222203021,24.0,0
SaaS,25331.151605457853,0,0,0.4007577837546084,5.0,0
E-commerce,66873.25960412851,3,2,0.2835271940231726,21.0,0
Healthcare,287234.1370419567,1,2,0.2201484181360535,4.0,1
Healthcare,28509.322512700637,4,3,0.1860255974697457,25.0,0
Healthcare,136035.13603797136,7,8,0.2739784804245779,37.0,1
SaaS,12886.305357161667,2,0,0.7963700719533344,65.0,0
E-commerce,34842.48976459682,4,4,0.432057400056552,15.0,0
Finance,41321.9355586214,3,2,0.1765911758771033,15.0,0
Healthcare,58514.98168577633,1,4,0.2259074287596697,17.0,0
Manufacturing,18222.86887602007,4,3,0.2967498763701502,41.0,0
E-commerce,92916.01336467025,6,4,0.1017524460111487,15.0,0
Manufacturing,72905.83378177826,5,3,0.2415258866845419,19.0,1
E-commerce,86260.54126115491,0,0,0.0891033532538236,13.0,0
Healthcare,125520.8230927123,8,8,0.2739717433516517,16.0,1
SaaS,60841.36903882167,1,2,0.3040701227806593,14.0,0
SaaS,25315.37816278225,6,3,0.4687920874964761,22.0,1
Finance,66879.82320152622,3,3,0.1628336486313599,10.0,0
SaaS,10533.024491962418,1,1,0.8184081046560897,19.0,0
SaaS,132311.0270671562,8,5,0.2835271940231726,16.0,1
Finance,70375.39422795629,7,9,0.2677180941846316,36.0,1
E-commerce,27227.50103276837,2,0,0.121950082874714,8.0,0
SaaS,192343.4155958302,4,8,0.3034783920442899,2.0,1
Manufacturing,161922.5343895621,2,4,0.2835271940231726,7.0,1
Finance,17131.506551924427,0,0,0.8084213566437083,65.0,0
Healthcare,14639.301495653668,1,0,0.5283609666252147,111.0,1
SaaS,50320.96553261071,4,2,0.1978317809189015,12.0,0
Healthcare,317849.1780987434,2,1,0.2542926432021312,21.0,0
SaaS,121684.16713409386,6,3,0.3585045222241559,19.0,1
E-commerce,12860.92905529641,2,0,0.8415195556896866,58.0,0
Finance,25556.11543969079,0,0,0.7422296991569747,73.0,1
SaaS,95966.71770015216,10,5,0.3453289742539963,44.0,1
SaaS,15456.425612466985,4,0,0.691361921425017,52.0,0
Healthcare,15042.85952362923,6,3,0.3264281049408069,19.0,1
Manufacturing,188723.89258501492,0,0,0.2528505342089309,13.0,0
E-commerce,84077.2618923177,3,2,0.1075948703699136,16.0,0
SaaS,37995.28807516434,3,0,0.3026823563870336,7.0,0
SaaS,43852.98186863581,5,2,0.3023612488963635,23.0,1
SaaS,15424.51538074549,1,0,0.7366889891765731,32.0,0
Manufacturing,29069.65755548356,2,1,0.1548182374895113,12.0,0
SaaS,74394.8968233349,9,10,0.2336319032520806,34.0,1
SaaS,45434.25903643647,11,7,0.5652692670200091,24.0,1
E-commerce,109139.17293627009,9,4,0.3622550139013633,21.0,1
Healthcare,15158.484540940408,2,1,0.5287975967540697,49.0,0
E-commerce,38195.51291021036,7,4,0.2835271940231726,15.0,1
Finance,163302.54105444142,2,1,0.1559827177259126,8.0,1
Healthcare,172622.32883713252,4,10,0.3860559837700339,7.0,1
Healthcare,50995.75214058752,5,1,0.2675337589337704,20.0,1
Manufacturing,129568.64860476788,2,2,0.1120720264776446,11.0,0
E-commerce,145112.95727087735,1,1,0.3207083498110725,7.0,0
SaaS,11061.953026314151,2,0,0.55913396140736,50.0,0
SaaS,59509.67797465015,1,2,0.2969697520094145,12.0,0
SaaS,34098.04289742768,2,1,0.3533713778110071,10.0,0
Manufacturing,162665.45244407028,6,3,0.2508267821051986,42.0,1
SaaS,9944.186535643972,0,0,0.5137337968746227,52.0,0
Healthcare,77399.73019333706,8,8,0.3490585516820693,41.0,1
Finance,66171.22128857132,4,4,0.2510537458700798,20.0,1
E-commerce,73144.06689482088,7,3,0.2406754876577413,45.0,1
SaaS,10613.286352020232,2,0,0.5751509712919014,24.0,0
Healthcare,46310.4576044973,4,2,0.1454465687139873,28.0,0
Finance,106673.32494991994,8,4,0.458114392887366,23.0,1
E-commerce,182303.38469006,0,0,0.162422592933554,10.0,0
Finance,189270.55867893217,0,0,0.0842120032225928,8.0,0
SaaS,406203.8548262046,0,0,0.2231629146434317,6.0,0
Manufacturing,18193.0251607645,9,8,0.3404030635574038,30.0,1
Healthcare,333440.4561814709,3,3,0.2665942769480144,4.0,1
Finance,326401.5007650135,4,2,0.2835271940231726,21.0,1
SaaS,183964.2203673609,0,0,0.2321467588525175,2.0,0
E-commerce,24132.137124232144,2,1,0.1909695347693444,15.0,0
SaaS,14729.437548822843,1,0,0.7774583573669,21.0,0
Manufacturing,31489.24994757627,5,2,0.2896970592147184,21.0,1
Finance,44536.13505018162,3,3,0.2304182929979552,13.0,1
SaaS,306136.8299820455,0,0,0.1316897464701927,5.0,0
SaaS,87498.38619385033,2,1,0.3293724064861463,11.0,0
E-commerce,140528.3067954336,0,0,0.362023413940036,14.0,0
Finance,39503.425177379904,5,2,0.2388293525504135,16.0,0
E-commerce,161146.21543241953,6,3,0.3068078582796532,18.0,1
SaaS,186454.56008136284,1,1,0.2282091692076402,6.0,0
Healthcare,127619.64427420836,1,1,0.3314182213503814,3.0,0
Finance,101771.0370448552,2,2,0.2932122163789077,32.0,0
E-commerce,74257.40096393447,9,6,0.2512337836001017,23.0,1
Finance,125265.2279676593,4,2,0.0616835048526719,21.0,0
Healthcare,138628.07095807546,4,4,0.1753349326789888,20.0,1
Healthcare,110024.5396833294,2,1,0.3861075558325098,8.0,0
E-commerce,238827.664221487,0,0,0.2620321447960553,11.0,0
SaaS,92403.26386753954,2,2,0.0768095932839632,18.0,0
E-commerce,146244.31315985444,3,1,0.3829455554487014,2.0,1
Healthcare,63454.78933977666,6,1,0.268162966123369,10.0,0
SaaS,71439.75078553814,4,3,0.5144675443671467,20.0,0
SaaS,220966.15277714163,1,2,0.2969961882399899,9.0,1
E-commerce,100694.36666749808,4,3,0.1641499909811674,27.0,1
Manufacturing,65035.60139272762,3,3,0.1473842490165104,18.0,1
Finance,38099.84735054381,9,6,0.61687595543387,18.0,1
SaaS,103948.98243070328,0,0,0.2656474582270173,12.0,0
Finance,242106.4286111806,0,0,0.1571799625610401,5.0,0
SaaS,111781.16791596076,6,5,0.2400146495958356,20.0,1
Healthcare,43617.86720582621,2,1,0.0668091414381584,34.0,0
Healthcare,35929.480960272274,2,4,0.1199524322007265,12.0,1
Healthcare,427939.033070369,1,0,0.2794912419329921,1.0,0
SaaS,54452.95968359421,12,7,0.4457610873100566,18.0,1
Healthcare,60858.44509531245,5,4,0.3828997460538632,17.0,1
SaaS,28748.29109644665,9,6,0.2875589897287117,18.0,1
Healthcare,91245.53539239218,3,2,0.2835271940231726,14.0,1
Finance,35004.00290002044,5,6,0.2912042392152914,14.0,1
E-commerce,24678.788610692085,7,4,0.3791366216846963,17.0,1
Healthcare,28141.846893764327,4,2,0.3012962882573484,27.0,0
Healthcare,39364.01994019032,3,2,0.1968195832268307,17.0,0
SaaS,59870.08726143991,11,6,0.4415490514697728,16.0,1
Healthcare,88119.9290387898,3,1,0.1005815104220006,8.0,0
Finance,43510.73336026386,5,2,0.250348029020303,13.0,0
Healthcare,86659.37837216923,1,0,0.1787750728975631,4.0,0
Manufacturing,129480.38347509014,0,0,0.3348226537963399,4.0,0
SaaS,20255.03456855366,2,1,0.4779234285907379,50.0,0
SaaS,161924.95927851694,2,1,0.1454937314533571,12.0,1
SaaS,10062.311389021745,0,0,0.7161440786818208,80.0,0
Finance,26421.00205030573,0,0,0.8282697878460781,52.0,0
Healthcare,46091.489878913824,4,1,0.4643594157350577,17.0,0
E-commerce,26735.120271555817,5,3,0.334146799299011,17.0,0
Finance,183564.4236461188,1,0,0.3003593697536383,20.0,0
Healthcare,465421.3328155882,2,1,0.39881502313651,8.0,1
Healthcare,110688.68847787684,3,3,0.1753866156308606,11.0,1
Healthcare,50752.314244472094,7,4,0.3251285697037254,30.0,1
Manufacturing,64466.4788728602,7,1,0.5188910746727807,13.0,0
Finance,43556.022170385935,3,2,0.2135762285288033,20.0,1
SaaS,38707.63997315728,7,3,0.2708746734974032,19.0,1
Finance,70168.5690142557,3,5,0.2152734610023229,13.0,0
Manufacturing,27299.062449966408,7,4,0.1702398468235094,17.0,1
Finance,44012.22047024104,7,8,0.4127989846311417,34.0,1
Healthcare,16444.162090345624,0,0,0.1176021788800997,9.0,0
SaaS,72868.76076744127,6,1,0.2301211544649542,6.0,0
SaaS,65849.54604758065,3,1,0.2835271940231726,14.0,0
Healthcare,83669.47193905385,2,2,0.185094310439297,9.0,1
Healthcare,39280.3989031156,2,1,0.0882018105115455,12.0,0
Healthcare,181844.8102303741,9,4,0.2051604158632194,23.0,1
Healthcare,62575.379901691456,4,1,0.1739673267725692,13.0,0
Finance,134850.20521671756,3,2,0.0907099915647085,23.0,1
SaaS,38712.8145978092,7,1,0.3732677821215366,10.0,0
Healthcare,97932.07375666183,5,7,0.2573579822955617,29.0,1
Healthcare,44646.06646767541,11,4,0.3445478464087251,26.0,1
SaaS,185012.06549148812,3,5,0.3868358449015202,11.0,1
Manufacturing,51548.51565078564,9,7,0.3328093411726149,20.0,1
SaaS,8876.086147115657,3,1,0.8216340286811441,54.0,0
Finance,356052.75348521105,0,0,0.1634171705863804,22.0,0
Finance,73457.81727913732,6,3,0.3963139271688741,27.0,1
Manufacturing,15653.775606555086,3,1,0.7081758456915553,67.0,0
Healthcare,83486.28306892165,4,2,0.2065621894055953,9.0,0
Finance,15823.409475641492,3,1,0.6608341322351502,29.0,0
SaaS,205749.8296320171,2,4,0.0494381417697646,0.0,1
SaaS,108816.20144820944,9,7,0.3971141727921345,29.0,1
SaaS,57316.9543267005,4,2,0.224017741600221,7.0,0
Healthcare,71742.63447967151,10,5,0.3372714754336747,23.0,1
Finance,88582.45193965736,2,2,0.1312929537816342,13.0,1
Manufacturing,32317.126843264425,1,0,0.1100938203587647,16.0,0
Healthcare,285559.698239158,1,0,0.2239031901663095,10.0,0
SaaS,21885.79269895719,6,3,0.1676226699746467,36.0,1
SaaS,67439.63707695015,4,4,0.144328148601671,15.0,0
SaaS,36965.66726125406,19,11,0.4776573803976786,28.0,1
Healthcare,600178.031278268,1,0,0.4915319701538179,4.0,0
Healthcare,196938.22125863683,6,5,0.298880606085241,22.0,1
SaaS,32564.42352570272,8,5,0.3792875964965957,23.0,1
E-commerce,38819.201267112985,5,5,0.1640480781592541,29.0,1
Manufacturing,66023.45988090507,7,2,0.330495837039809,16.0,0
Finance,86178.84004310581,3,1,0.1689943722448499,19.0,0
Finance,20914.508912585625,6,1,0.2509686584728159,6.0,0
Manufacturing,65992.13206008145,3,0,0.18287387709685,17.0,0
SaaS,13829.06531600059,1,0,0.8585667631164401,35.0,0
E-commerce,621254.7717531266,1,1,0.2386530974858306,3.0,1
Finance,290718.57152779953,7,2,0.435032801626489,48.0,0
SaaS,158709.76840514678,2,0,0.2419396375153588,14.0,0
SaaS,14506.653571046349,4,0,0.8488035825690569,44.0,0
SaaS,306625.696943959,0,0,0.1920256916630191,2.0,0
Healthcare,23310.606876625683,0,0,0.7087375314343948,40.0,0
Finance,204542.726856867,13,11,0.3774999687224823,46.0,1
SaaS,47934.62801858247,6,5,0.2456230655293728,48.0,1
Healthcare,137251.84095743022,3,2,0.4565398912485619,8.0,0
SaaS,269030.81500191835,3,4,0.1190932392010325,13.0,1
Manufacturing,64015.64598618734,7,1,0.2801313835922718,26.0,0
Healthcare,342764.6138772195,3,7,0.5090694400851816,12.0,1
E-commerce,166030.50937228432,1,3,0.3790796391877781,3.0,1
Finance,12549.797925103569,3,2,0.1851209543289157,11.0,0
SaaS,42783.133064450376,11,7,0.3048983180784331,17.0,1
Manufacturing,97287.38829972444,0,0,0.201222316174169,5.0,0
Finance,312625.40566337405,3,8,0.2835271940231726,6.0,1
Finance,18707.96726870077,1,0,0.8135052322781077,23.0,0
Healthcare,56240.14118384044,2,6,0.3422881327961873,27.0,0
Finance,18340.98475336764,3,0,0.5908598352575328,20.0,0
SaaS,16792.15068024121,2,0,0.7640826467491079,38.0,0
Manufacturing,15162.034647055429,1,0,0.5164633837532207,39.0,0
Healthcare,181349.14534512797,6,4,0.2297114930729597,21.0,1
Healthcare,164796.42243027934,10,3,0.3086941806261905,17.0,1
Healthcare,32449.59484972711,5,2,0.1927113330170148,16.0,0
SaaS,94047.83170932053,3,5,0.3753058828087979,6.0,0
Finance,73330.81704019953,3,4,0.2303532942529697,33.0,1
SaaS,42906.84232536282,4,4,0.2774598433762354,18.0,1
SaaS,187264.1168630105,1,0,0.16834134518038,2.0,0
SaaS,14843.915421214506,1,0,0.8228982797121069,63.0,0
Finance,173537.52604320366,7,6,0.2180731849514901,37.0,1
SaaS,249941.51793291373,1,5,0.1592917683861564,13.0,1
Finance,66438.03782157232,1,3,0.2898417238532019,13.0,0
Finance,45158.84527822841,5,1,0.1574760373739853,24.0,0
E-commerce,36648.80466668039,6,4,0.5108800494004404,33.0,1
SaaS,17569.03205914283,1,0,0.9171242238304655,41.0,0
Finance,139416.12612464017,7,3,0.3870227814295688,25.0,1
Finance,198585.63252738037,1,0,0.1475814333884667,11.0,0
Finance,12122.258247846776,2,0,0.5535391382436857,74.0,0
Healthcare,87313.93478623839,1,1,0.0899889976455603,17.0,0
Finance,321813.38941887656,1,1,0.0701345666573587,18.0,1
Finance,191989.6884126098,0,0,0.1305856070280831,19.0,0
SaaS,47774.22645507477,8,8,0.4110823794313061,27.0,1
SaaS,215106.6866617677,0,0,0.2835271940231726,6.0,0
SaaS,187395.5809888648,1,2,0.5249706725470568,1.0,1
SaaS,175182.92960098293,2,5,0.3145686043661922,7.0,1
Finance,49089.07499525804,1,0,0.1837904955409265,21.0,0
Manufacturing,44488.841177695496,4,2,0.0805673591191291,17.0,0
E-commerce,6417.302678733874,1,0,0.8081260531409411,35.0,0
E-commerce,44032.98286222113,2,3,0.1626857472268649,8.0,0
E-commerce,244135.04104609968,1,3,0.0930464757727231,7.0,1
Manufacturing,18926.60593946644,4,3,0.1623440498927244,12.0,1
SaaS,72550.94502476593,0,0,0.2296721168259738,9.0,0
Finance,98652.63694494606,7,8,0.2409867365701437,17.0,1
SaaS,67197.95242626949,5,5,0.1997777036648658,25.0,1
SaaS,57863.080876429165,4,3,0.2907157161021715,20.0,1
SaaS,286187.4328099445,4,7,0.4255913727868539,10.0,1
SaaS,15734.259906953892,7,4,0.33165874813901,21.0,1
Finance,163367.852104165,1,2,0.2401013641156305,19.0,1
Healthcare,42165.426766427736,3,2,0.1335294579572671,12.0,0
Manufacturing,14111.351689586614,2,0,0.7040767611940628,40.0,0
SaaS,47742.7147123571,2,3,0.2865804025305866,13.0,0
SaaS,108061.12116881656,0,0,0.1618422052762524,6.0,0
Healthcare,360642.7068245034,2,8,0.1736562649337855,5.0,1
Healthcare,62261.7878338633,11,6,0.4680223538034657,17.0,1
E-commerce,91473.73651679252,1,1,0.0390555963982813,8.0,0
SaaS,27082.0304719541,6,5,0.3350965873307878,22.0,1
E-commerce,82290.4110077274,5,0,0.1827487766834191,34.0,0
SaaS,43792.11495410204,10,5,0.2922708808307322,18.0,1
SaaS,16886.017899300336,1,0,0.5519957807280631,61.0,0
Finance,330548.7935506671,3,3,0.2084561973114642,7.0,1
SaaS,204077.2654759768,1,0,0.2406964306810755,19.0,0
Healthcare,29557.5172904186,1,4,0.2816272034883595,12.0,0
Healthcare,9353.70865595871,0,0,0.5063816743461726,16.0,0
SaaS,144311.5062179713,2,2,0.2835271940231726,6.0,1
Manufacturing,121849.680547849,4,3,0.3523847586450273,4.0,1
Finance,370815.0480050063,1,0,0.334643422262795,9.0,0
E-commerce,28491.39385082247,14,8,0.4448849791032703,24.0,1
Healthcare,241503.62609535988,1,4,0.3255200365467328,9.0,1
Healthcare,31321.55690172576,9,6,0.5222480234808495,19.0,1
Finance,32616.368092614324,4,3,0.2923391423995441,10.0,1
Healthcare,70966.76197817107,1,1,0.05573407925203,15.0,0
SaaS,159890.9969674436,1,1,0.2835271940231726,3.0,0
Finance,19568.72918036868,3,1,0.5904399116058429,21.0,0
SaaS,163536.46776287412,1,2,0.1866460958578277,9.0,1
Manufacturing,85025.98924074708,7,0,0.2398232278933391,28.0,0
Finance,187449.96790252705,3,5,0.3953004610502694,1.0,1
E-commerce,118817.76140630212,6,1,0.4155072715578429,7.0,1
Healthcare,108131.51450340144,2,1,0.2931754275559604,22.0,0
SaaS,51544.1675632854,4,1,0.2187252950152622,8.0,0
Healthcare,25330.05937085377,1,4,0.4005197970218773,11.0,0
Finance,61841.52079953447,0,4,0.2757884338708667,31.0,0
Finance,102212.39705843748,6,5,0.2726784743289025,32.0,1
Finance,19357.086802610254,0,0,0.4451932307679306,40.0,0
Finance,86319.16257843877,0,0,0.1682455073651834,29.0,0
SaaS,59513.55707567709,1,0,0.1848076762672685,11.0,0
E-commerce,26354.09514104672,7,2,0.215849809153021,14.0,0
E-commerce,14235.219626914744,1,0,0.8537521447919831,89.0,1
SaaS,80100.47576610002,4,3,0.1737257794022215,17.0,0
Finance,261328.14046782817,1,1,0.2592358711379338,8.0,0
Healthcare,262852.47315382544,0,0,0.2667778629699295,3.0,0
Healthcare,240502.33966158028,2,7,0.0520748161851633,7.0,1
Finance,245129.4313701021,0,0,0.141298928680549,2.0,0
SaaS,50650.733467603655,2,2,0.3048536293938503,16.0,0
SaaS,44450.57240681834,3,2,0.1627409592765278,19.0,0
Healthcare,18261.644158379466,1,0,0.4270252977978795,52.0,0
Healthcare,94619.94038446328,7,6,0.4371141239363413,35.0,1
E-commerce,52482.71212776011,4,0,0.3172946998994223,13.0,0
E-commerce,55513.34682898626,4,5,0.3251346849306301,27.0,1
Healthcare,80458.85232771448,9,6,0.4332580597907376,33.0,1
Manufacturing,44031.20463393884,3,3,0.3078154519006761,9.0,0
Manufacturing,154917.1331410889,0,0,0.1085636205139221,7.0,0
Healthcare,124139.7473406562,2,2,0.0881158986855145,21.0,0
Healthcare,59448.20301208568,4,0,0.1710201810983848,20.0,0
SaaS,56457.53975491333,1,0,0.1627129394590553,10.0,0
Manufacturing,79166.32274578609,10,8,0.3036100243994226,29.0,1
E-commerce,23477.18608887422,2,0,0.1340942889450501,14.0,0
Finance,11848.38656731701,2,0,0.5764814023325978,67.0,0
Healthcare,324284.02717273025,1,3,0.2510075688724555,6.0,1
SaaS,143517.5941976995,2,3,0.4061241155637678,5.0,1
SaaS,21282.547022924628,3,4,0.2519028966073645,31.0,1
Finance,95337.11042932225,6,1,0.2368470394319229,14.0,1
E-commerce,48196.9482973241,11,7,0.3974897936676634,38.0,1
SaaS,60168.64985290385,3,2,0.21315876126174,8.0,0
E-commerce,90505.13302081014,10,8,0.3318301816382548,26.0,1
E-commerce,58116.07523894867,2,2,0.0731457304525748,20.0,0
SaaS,102063.89764310108,4,2,0.1891666090275461,13.0,0
Healthcare,251788.3199475213,0,0,0.1267100048421908,14.0,0
SaaS,79687.98441991697,5,4,0.5308935284100084,27.0,1
Finance,74508.21865068078,2,2,0.160541838590494,21.0,0
SaaS,196670.62147795933,2,4,0.3928955315170118,7.0,1
Finance,164436.07499741297,2,2,0.347447678805887,11.0,1
SaaS,21044.916861943337,4,2,0.1427677163802534,11.0,1
Finance,202022.09366437548,5,13,0.4191716207704541,4.0,1
Finance,43510.88460237593,2,0,0.0647463110347238,18.0,0
Finance,18786.448051496274,0,0,0.765203082766204,41.0,0
Finance,48775.09190063282,2,0,0.2835271940231726,11.0,0
SaaS,14000.247753815189,7,7,0.168581103590923,29.0,1
SaaS,24101.77713002141,6,1,0.3438353139045722,10.0,0
SaaS,27608.83689085196,2,2,0.1635294386554797,24.0,0
Finance,41254.09128883725,3,1,0.2250520186902303,26.0,0
Finance,92914.07125933153,4,6,0.2739327830798114,25.0,1
Finance,69673.57138676672,5,5,0.2189036768743754,18.0,1
Finance,67240.99927846607,0,3,0.3709829698936253,13.0,0
E-commerce,14516.916949817623,2,0,0.554615853115338,21.0,0
Finance,92952.24975055788,3,0,0.3499685343423531,18.0,0
Healthcare,49505.648554965606,2,1,0.2830378589947011,21.0,0
Finance,190633.67437445928,3,0,0.3110858930314626,5.0,0
Finance,21905.866836168625,1,0,0.6382015094640315,42.0,0
SaaS,301435.9847811409,1,3,0.0243583779131751,1.0,1
SaaS,44449.68837056335,3,3,0.14686901713126,15.0,0
Finance,117606.2688151074,3,2,0.1362323683979094,31.0,0
Finance,519030.2997889188,1,1,0.2312859951542423,11.0,1
Healthcare,393884.85118643934,10,6,0.4373817109008061,19.0,1
Finance,55770.807805820354,5,3,0.1414003904841936,28.0,1
Finance,18326.85301314196,1,0,0.6782747081763614,39.0,0
Manufacturing,27785.828880899862,3,4,0.2274087767997216,23.0,1
SaaS,65122.82808403544,10,8,0.4039760156124799,19.0,1
SaaS,22921.661414471597,12,9,0.6099502721030272,48.0,1
Healthcare,14023.784275403586,1,0,0.5129911672276575,27.0,0
Healthcare,360680.0645991023,0,0,0.1621754184405269,2.0,0
SaaS,202009.08474431388,2,6,0.1950016851415069,7.0,1
SaaS,90590.12010187018,5,4,0.2711574782530919,21.0,1
SaaS,31709.18954157743,0,0,0.1579156498290457,26.0,0
Finance,96662.57238644388,5,7,0.1816223983130857,31.0,1
SaaS,11776.727553311524,2,0,0.7124282247715872,53.0,0
Healthcare,201877.6530853434,1,2,0.0981908390953158,20.0,0
E-commerce,63252.654233619935,4,7,0.1421842685100932,32.0,1
SaaS,23982.1492894676,3,0,0.521644636225092,5.0,0
SaaS,112240.72867001704,3,1,0.2264191049794751,9.0,0
Finance,73131.50922662299,2,2,0.2685024180971885,29.0,0
SaaS,11087.609457182847,2,0,0.7657334365721861,29.0,0
Finance,15338.183491676336,4,0,0.6095725848791586,27.0,0
Healthcare,21906.75622547042,1,0,0.4513783202667936,23.0,0
Finance,12501.679049924294,1,0,0.6979957078566433,24.0,0
SaaS,191501.57589343103,2,3,0.2835271940231726,6.0,1
Finance,25732.81123858404,1,0,0.6018257018302816,28.0,0
Healthcare,228841.20014147012,2,3,0.3824462153697584,8.0,1
E-commerce,156739.4928287306,1,2,0.17271738763465,8.0,1
Finance,103463.42063662762,5,2,0.1778179485498432,12.0,1
SaaS,8904.56506276981,2,1,0.6305580005135754,54.0,0
Healthcare,31459.05474584446,3,6,0.2647151806045466,28.0,1
Finance,97590.51919464597,5,1,0.2693015453876264,18.0,0
E-commerce,114732.0886263562,17,15,0.3922369127892605,46.0,1
Finance,125049.56595963088,7,7,0.5056478121217043,27.0,1
SaaS,233065.4392570925,0,0,0.2009122857875646,2.0,0
SaaS,32993.28236237584,7,2,0.3266870363842931,27.0,1
SaaS,64785.14776885091,3,1,0.2139096933071481,20.0,0
SaaS,156540.9805439216,2,0,0.1485671087608231,12.0,0
Healthcare,270518.2111541642,4,3,0.4623652240217787,5.0,1
Finance,16465.647343618937,2,0,0.8551398440624469,54.0,0
SaaS,168662.45228726097,0,0,0.2209117250750353,9.0,0
SaaS,47566.93228726018,3,1,0.2104245542910976,18.0,0
E-commerce,27990.77065457178,5,4,0.2553810384059845,27.0,1
E-commerce,8447.242466522099,6,0,0.775370630200224,47.0,0
E-commerce,153832.33190014507,13,4,0.408547486486179,18.0,1
SaaS,65109.26964702198,6,5,0.2046955462454917,34.0,1
Healthcare,36152.86488389375,1,1,0.4541078556132673,19.0,0
E-commerce,34499.12710161343,4,1,0.2932454240309644,17.0,0
SaaS,22413.119073410253,4,0,0.1979031798537435,9.0,0
Finance,917341.3348914552,0,0,0.1513557703479015,8.0,0
E-commerce,106407.3425017325,4,4,0.1928377626927062,24.0,1
E-commerce,20378.919955388115,1,0,0.2835271940231726,72.0,0
SaaS,24318.464667641903,3,2,0.2835271940231726,16.0,0
Finance,21806.873769669783,1,0,0.1597088107582337,13.0,0
Healthcare,32350.26697993872,9,5,0.3134778719313647,23.0,1
E-commerce,19845.75148374777,1,4,0.5789212419621863,6.0,0
Manufacturing,12786.657916105416,0,1,0.6657409305225027,46.0,0
Finance,17061.294878882924,2,0,0.617522224109738,54.0,0
Finance,89711.17071343215,2,1,0.2483032231274643,19.0,0
E-commerce,337335.1226483239,1,1,0.0948095036932447,8.0,0
Healthcare,58872.89959266101,7,5,0.2312032102538695,22.0,1
SaaS,195976.9079592268,1,1,0.1470664362994813,12.0,0
Manufacturing,7866.893720697223,3,1,0.3945426364841415,63.0,0
Finance,18897.187800053194,0,0,0.6575393069145115,30.0,0
SaaS,44310.35282710182,5,3,0.260559013456876,16.0,1
Finance,117496.16349184958,3,0,0.2670106074235752,19.0,0
Healthcare,16607.315479975838,1,0,0.6770845998934367,35.0,0
E-commerce,181544.77586792223,1,2,0.2328542374847231,1.0,1
Healthcare,91663.2652789894,2,0,0.1504896802889888,18.0,0
Manufacturing,8963.902466187688,2,0,0.7365495176219023,35.0,0
SaaS,28206.15113670548,5,5,0.1770192774570257,24.0,1
Healthcare,39796.457433662334,5,2,0.1672876634171453,18.0,0
Finance,332892.9377864229,3,3,0.1051139442524268,20.0,1
Healthcare,47045.89517474752,2,0,0.1528069901320218,20.0,0
Healthcare,104408.49829909993,4,7,0.1332933506883874,30.0,1
Finance,61680.177808008695,10,4,0.2741273979053549,26.0,1
Healthcare,33119.78008309704,3,2,0.2639360570402775,9.0,1
SaaS,49742.27764758502,1,0,0.2835271940231726,14.0,0
SaaS,19859.00348239763,2,0,0.8713925650201512,57.0,0
SaaS,54733.23312832025,3,3,0.3947356973382357,31.0,0
SaaS,226792.60202515623,2,7,0.5156019316663868,17.0,1
Finance,86383.12675415419,9,6,0.2835271940231726,25.0,1
Finance,28869.83097553063,11,3,0.3297054126706948,31.0,1
SaaS,269728.71098677214,4,5,0.4353471017167292,12.0,1
SaaS,347535.16574719327,3,3,0.4775873494120016,6.0,1
Finance,45999.08211855056,4,3,0.631146294569892,15.0,0
E-commerce,37004.898612066165,12,9,0.4061813247942922,40.0,1
E-commerce,46134.12743706586,5,1,0.2169661996057502,26.0,0
SaaS,105046.8402142348,2,2,0.2613605665708095,21.0,0
Finance,17893.434651410582,3,0,0.4981538965803472,37.0,0
E-commerce,12652.231641880997,5,3,0.252374508536885,18.0,1
SaaS,30510.129096399694,2,3,0.2107182971877751,8.0,0
E-commerce,104804.22846987731,10,4,0.5827617843951055,15.0,1
E-commerce,250777.32543080737,3,2,0.5515910584711634,11.0,1
E-commerce,104782.5391968332,6,1,0.3374069328289621,16.0,0
SaaS,9824.845939999834,0,0,0.7263410458155085,34.0,0
Finance,18686.14440748902,2,0,0.6218068078048853,52.0,0
SaaS,21408.202231228344,2,2,0.0784257339564856,16.0,0
SaaS,149925.42539083763,1,1,0.3272712118280725,6.0,0
SaaS,18783.080598054203,1,0,0.6671622702983189,108.0,0
Finance,41293.11724322564,3,1,0.2120055493636574,11.0,0
Finance,72974.60306299363,8,1,0.5371750816634719,8.0,1
E-commerce,68244.32909481686,5,0,0.3442419392211627,10.0,0
SaaS,43474.60146843105,3,2,0.1344480207248876,24.0,0
Manufacturing,15478.375782260728,9,4,0.3811628004488571,15.0,1
E-commerce,11653.199393491932,1,0,0.7098937749782024,18.0,0
SaaS,45777.90368668326,5,4,0.2227476308354124,20.0,0
SaaS,35512.30773541,2,1,0.2470938888754454,11.0,0
E-commerce,82316.80782404495,2,1,0.1924175885585962,16.0,0
SaaS,188627.77565204023,0,0,0.2835271940231726,4.0,0
SaaS,13731.244716735491,1,0,0.5531616205512838,51.0,0
Finance,78211.43951200585,3,1,0.2615024787051864,22.0,0
SaaS,23649.28956034472,4,2,0.186834992511474,37.0,0
SaaS,57622.83167505553,1,3,0.4732328138554759,32.0,0
Healthcare,236459.03717922064,10,10,0.4505421154128479,34.0,1
Finance,411971.57928619377,1,0,0.2101633675981719,2.0,0
Healthcare,62682.473946899176,3,2,0.3804290861733,6.0,0
Finance,123073.24754339553,3,3,0.2411689284807893,18.0,1
Finance,96079.60946007152,0,0,0.0737731120963264,17.0,0
Healthcare,22688.098720835445,0,0,0.6332108141234544,55.0,0
Manufacturing,84080.72417564486,5,2,0.1712844420249477,13.0,0
SaaS,18934.366793549118,10,3,0.445224980467594,24.0,1
Finance,226108.470390304,2,1,0.2419194417362368,11.0,0
Finance,41448.569381600304,5,2,0.4110961105326475,21.0,0
SaaS,230576.7354420576,1,1,0.2509768717324979,12.0,1
Healthcare,15240.889488830731,6,8,0.2916988055177389,20.0,1
E-commerce,54293.60790457935,1,0,0.0772118951630917,32.0,0
SaaS,19751.069554854457,2,0,0.7911787964680945,19.0,0
E-commerce,11036.966317093948,0,0,0.6085052299678126,58.0,0
Healthcare,92868.36493197372,1,4,0.2586812963020891,18.0,0
SaaS,33285.47793181985,2,2,0.2736680771079283,17.0,0
Healthcare,42341.14207940503,0,1,0.2872763431886087,4.0,0
Manufacturing,9673.84511840676,4,1,0.587504620800122,20.0,0
SaaS,24138.17824539481,9,8,0.3976058675124129,19.0,1
Healthcare,303987.28330069204,2,3,0.3259584671157671,2.0,1
Healthcare,56444.16938848274,7,2,0.2342738890291346,15.0,0
Finance,92291.4955085471,3,1,0.1154813928603118,23.0,1
SaaS,35586.54719343949,3,1,0.3004171730741741,20.0,0
Finance,58324.39037307583,4,2,0.0863366432482831,16.0,1
SaaS,13270.983704462788,5,0,0.6943910457748547,54.0,0
Healthcare,83650.05156201395,3,3,0.3187715050907254,6.0,1
SaaS,32146.1757306488,4,3,0.1788343669391701,14.0,0
E-commerce,37768.46684375442,3,2,0.3603015519850533,11.0,0
E-commerce,50943.38624752441,4,0,0.293212160056667,17.0,0
E-commerce,53568.82166670618,1,0,0.2636710762785844,19.0,0
Finance,176957.24338671946,2,0,0.0779645908946617,11.0,0
Finance,34818.38681583853,10,5,0.3777922806128416,20.0,1
SaaS,45800.41474322428,3,1,0.1503469170070553,6.0,0
Healthcare,264963.58565349627,3,5,0.2835271940231726,6.0,1
Healthcare,220844.86741132676,3,8,0.1870113560052435,3.0,1
Finance,51357.950044251,2,1,0.1120675460825138,9.0,0
Healthcare,32106.26743669207,1,4,0.2912261827568062,25.0,0
Finance,73028.85736878285,2,2,0.275181606153552,31.0,0
E-commerce,16345.351957309738,3,0,0.5145297053776434,46.0,0
Finance,32907.26991714435,4,1,0.1384575349245625,14.0,0
SaaS,286908.50795672386,3,3,0.26892500188209,6.0,1
Finance,146297.8988082843,1,1,0.2548083065093463,7.0,0
SaaS,146899.34158897528,1,0,0.1348716531822405,4.0,0
Healthcare,493205.5044610192,3,3,0.0843289908485946,3.0,1
E-commerce,16640.049685233775,0,0,0.4294707791485286,53.0,0
E-commerce,11093.068423390008,1,0,0.6789380911105238,26.0,0
Healthcare,164336.63903616063,6,3,0.4622287854935329,18.0,1
Manufacturing,271862.2970268904,2,3,0.4471285012742237,16.0,1
Manufacturing,262971.5588887289,1,2,0.2497245207609954,2.0,1
E-commerce,20718.935302667,4,4,0.1781575452411128,22.0,1
E-commerce,20779.231759312745,5,1,0.3415509444852975,13.0,0
Finance,348371.7668691567,1,0,0.0691750019837666,8.0,0
SaaS,200013.82995819952,1,0,0.1743747365033243,18.0,0
Finance,44455.6286359606,8,5,0.3994126873021776,17.0,1
Finance,31640.91075020786,2,3,0.2018551207892575,15.0,0
Manufacturing,31840.32548153038,1,3,0.4061108517368461,15.0,0
Healthcare,65374.71425215298,4,1,0.568348324984282,32.0,0
SaaS,10624.66488277483,2,0,0.7181169595837033,55.0,0
E-commerce,10597.862981232482,2,0,0.7518143874138843,80.0,0
E-commerce,70914.63876726192,9,8,0.3602195814849314,25.0,1
Manufacturing,75012.01006523178,3,3,0.1777745055840672,12.0,1
Finance,474825.4951042718,1,1,0.3375366292060214,6.0,1
Finance,31669.640617841014,4,2,0.1808955215130551,10.0,1
Healthcare,175499.3788735357,1,0,0.0858322295204342,18.0,0
Finance,9794.15367023489,3,0,0.7253789361652053,62.0,0
Finance,206323.27473186285,1,5,0.0886417940969158,19.0,1
Healthcare,342626.2193638735,2,1,0.274407276078615,3.0,0
E-commerce,33766.27703963893,8,6,0.2175049828455483,40.0,1
SaaS,121873.7950961157,2,3,0.2703158202856469,11.0,0
Healthcare,575873.8373468552,2,2,0.463903992630128,14.0,1
SaaS,155097.6184159572,1,1,0.074743794702172,15.0,0
Finance,63881.40079272081,6,3,0.1651661308244528,11.0,0
Finance,61889.73546136846,4,2,0.3166616747342083,10.0,1
E-commerce,67817.25346755843,6,4,0.251001962427096,15.0,1
SaaS,11853.057266140238,1,0,0.6649721563689736,45.0,0
E-commerce,40421.35467488757,2,3,0.1767510537547465,18.0,1
Finance,33860.69543291647,6,4,0.2864182217519406,12.0,1
E-commerce,147706.49532508623,4,2,0.1892004640861106,17.0,0
SaaS,24288.62224386507,8,3,0.404116509309285,19.0,1
SaaS,15775.5126468055,3,0,0.6400523543674232,29.0,0
SaaS,55016.83900279654,5,2,0.2178235932811903,20.0,0
E-commerce,15968.885023976856,3,0,0.7684464720293991,44.0,0
SaaS,26061.932066126465,2,0,0.5917724745580144,20.0,0
SaaS,139165.04157834308,2,2,0.2086139667766447,12.0,0
Manufacturing,103182.6470943994,4,1,0.3316632667345471,12.0,1
E-commerce,17526.87206743621,1,1,0.8268784367905072,37.0,0
Healthcare,60585.64823797319,1,3,0.1013271643803679,18.0,0
SaaS,64710.95275088082,2,1,0.4487525553650143,19.0,0
Healthcare,55719.62752265275,8,2,0.460434085921641,18.0,1
Finance,23281.897519516635,4,0,0.6884783101824365,57.0,0
SaaS,82980.37051662049,2,1,0.317131885832561,20.0,0
Manufacturing,40445.10958737983,9,7,0.326492022510733,26.0,1
Manufacturing,34013.91459089535,1,1,0.2074450735069457,14.0,0
Healthcare,221829.2391822581,6,0,0.2456638123192708,13.0,0
SaaS,59675.92379999365,8,7,0.365889786125596,23.0,1
Finance,350949.83619332983,1,0,0.2026414171486965,20.0,0
Manufacturing,56654.74892430626,1,1,0.0454451837195793,24.0,0
Manufacturing,10349.238742243082,2,0,0.7716338598182395,59.0,0
SaaS,33947.63745801947,11,7,0.5334077072726521,25.0,1
E-commerce,83982.65280264644,3,0,0.5586990530786379,10.0,0
SaaS,38542.637438849626,5,4,0.2469298669410264,19.0,1
SaaS,20977.737477067243,19,16,0.5582203647222287,49.0,1
Finance,223086.95459137356,2,2,0.4046056374262914,2.0,1
SaaS,47608.90789219011,3,2,0.2027292493718726,13.0,1
SaaS,38864.3997719298,9,5,0.3306770550017432,25.0,1
SaaS,47560.65695541124,1,0,0.1169539952741897,10.0,0
Healthcare,304413.7180884048,1,1,0.2070936338253767,5.0,0
Manufacturing,23995.69523708833,3,1,0.1886142605228503,5.0,0
Finance,55066.61597927234,5,6,0.0772657909504831,18.0,1
SaaS,204855.61119537987,2,2,0.2888845919961093,12.0,1
SaaS,185837.58101957463,3,3,0.4807451224498848,7.0,1
SaaS,109846.33277113938,7,2,0.239911103816873,21.0,1
SaaS,11813.240920761964,2,0,0.5845653193335536,57.0,0
Healthcare,72634.15446178179,2,0,0.1423243776204721,14.0,0
Finance,180324.62011770988,3,6,0.2235967380538192,2.0,1
SaaS,25091.82256167849,1,1,0.3334668299584632,18.0,0
SaaS,31032.372530138247,4,2,0.2239919396707008,18.0,0
Finance,125283.02398364218,4,2,0.188094578889221,22.0,1
SaaS,99277.95748256436,1,1,0.0765233888947513,19.0,0
SaaS,22073.16981677559,7,4,0.2090538658348333,20.0,1
SaaS,73848.7627399653,1,1,0.0097177755797366,6.0,0
E-commerce,12636.728031552651,2,0,0.4024744490033204,34.0,0
Finance,64617.266996401086,7,6,0.5437623290118028,9.0,1
Finance,227124.75662075347,3,4,0.4645327356010244,6.0,1
E-commerce,38949.663990329005,1,2,0.1352588705289119,26.0,0
SaaS,9287.596830130771,0,1,0.7860636333327385,21.0,0
SaaS,19817.88518132966,1,0,0.6493928023331721,15.0,0
E-commerce,20996.507400319315,5,5,0.5113521195164701,9.0,0
E-commerce,187615.9711537829,1,1,0.16826112224038,12.0,0
Manufacturing,145084.20652266135,3,3,0.4755801501928339,9.0,1
SaaS,22357.410929704245,5,1,0.2059788983948958,12.0,0
SaaS,27596.75557848772,1,0,0.2834237622027338,17.0,0
Healthcare,70407.90293763425,5,0,0.2842024209064116,14.0,0
Finance,116188.36666684363,2,3,0.1112397162390687,29.0,1
SaaS,127848.65364626527,2,3,0.6221793507790865,2.0,1
Healthcare,79042.17332466235,3,1,0.3652827622251052,17.0,0
Manufacturing,153547.0359462192,1,2,0.2835271940231726,2.0,1
SaaS,53237.49866195526,4,2,0.4193871417711251,29.0,1
SaaS,81193.63744911822,3,2,0.1213002733368614,21.0,0
Healthcare,34046.07786461,1,0,0.1008124382758001,19.0,0
Finance,98583.10760377464,6,0,0.1675909428638248,22.0,0
Finance,25659.506230468964,1,0,0.8876389156979915,60.0,0
Healthcare,125149.48971027465,3,2,0.4046793607677306,19.0,0
Finance,164937.39607943658,6,7,0.3199645802872218,32.0,1
SaaS,145397.54169562896,1,2,0.2653731493448286,8.0,0
E-commerce,9213.4973644516,2,0,0.5529711407369763,29.0,0
E-commerce,64871.31307774331,4,5,0.2835271940231726,14.0,0
SaaS,48018.1955405448,2,0,0.137619152698482,5.0,0
Finance,23788.537598232557,2,3,0.4852676470389437,21.0,0
E-commerce,51405.98987229478,2,3,0.1423662036572172,11.0,0
E-commerce,259262.28399400672,0,0,0.1440159834135563,4.0,0
Finance,40891.03401532952,4,4,0.2472360645290582,10.0,0
SaaS,64007.88333751752,4,4,0.2969392896049538,33.0,1
Healthcare,21703.675150371157,2,0,0.6807857394651345,76.0,1
E-commerce,128386.47026587983,2,4,0.134037974230914,18.0,1
Manufacturing,133899.61162770345,1,3,0.2023549122534465,3.0,1
Finance,235863.97412231984,1,1,0.0904042833504659,5.0,1
E-commerce,329152.49486399454,2,3,0.5003412246429256,14.0,1
SaaS,90598.08251541213,0,0,0.1977518657681779,30.0,0
Manufacturing,36874.31454830493,10,4,0.2835271940231726,18.0,1
SaaS,39718.61742831347,3,2,0.2412541162928813,19.0,0
E-commerce,12461.639901637842,2,1,0.7329534866193498,28.0,0
Finance,153809.0951874785,8,5,0.3993823081730629,16.0,1
Healthcare,60678.227799360495,3,1,0.2993981446648643,15.0,0
Finance,44716.44138395082,4,2,0.1845168371470032,13.0,0
Manufacturing,12368.874777397175,4,2,0.1710368679616999,13.0,0
E-commerce,63434.00409744042,3,3,0.2758022229783969,10.0,1
E-commerce,208771.0486059666,1,0,0.1318422270402438,8.0,0
Manufacturing,52048.24308512229,7,1,0.5780087519931852,13.0,1
Finance,186973.3876222406,4,1,0.5689075317228819,3.0,0
Healthcare,99136.55697384862,2,1,0.255563548589872,17.0,0
Finance,11878.23104853756,2,0,0.4060816774815173,48.0,0
Finance,29858.992004031283,0,0,0.5203864969354188,25.0,0
Finance,82540.47223455422,0,1,0.259131935877311,10.0,0
SaaS,16845.624211260903,1,0,0.8896631160205637,16.0,0
Healthcare,292231.53923796257,1,2,0.1255974463008557,3.0,1
Finance,61950.34387901078,6,5,0.2849513928376297,23.0,1
Finance,27362.759984961805,3,2,0.1571715976017554,19.0,0
Finance,58132.88994492883,8,4,0.3860509298882112,18.0,1
Manufacturing,39142.2789292823,2,3,0.1232349839601019,18.0,0
E-commerce,11931.400638598205,0,0,0.7412825445135812,53.0,0
Manufacturing,33047.94877999256,4,3,0.3337229090883589,16.0,1
Healthcare,254275.9257778703,2,3,0.2642045862124442,5.0,1
Healthcare,50414.62127096273,5,2,0.3172056814052674,16.0,0
E-commerce,46011.19890100417,1,4,0.3514017120109072,27.0,0
Healthcare,74634.7566947152,2,2,0.2073392789358849,8.0,0
Healthcare,23740.844308105978,1,0,0.8084459988314897,36.0,0
Finance,51962.4306524284,3,0,0.2096072210094518,15.0,0
Finance,21332.938397508005,0,1,0.6876522258370812,45.0,0
Healthcare,70174.49280283136,2,1,0.2835271940231726,39.0,0
Healthcare,24706.50806465089,2,2,0.3486022238681072,13.0,0
SaaS,84068.82237329031,8,9,0.3129246472860008,34.0,1
Finance,32244.246299505896,1,0,0.7405011586512014,24.0,0
Finance,36309.58507486259,5,4,0.1829750785634439,9.0,0
E-commerce,28249.959745699078,3,0,0.1789222490855067,18.0,0
Finance,499879.3367668717,2,4,0.2315380639287388,2.0,1
Healthcare,36560.10716174237,4,3,0.0961610965982106,14.0,1
E-commerce,21132.856176188445,0,0,0.6611177425120204,56.0,0
Finance,63903.57952598275,3,4,0.2061312364104925,15.0,1
Finance,108332.90787606974,2,0,0.1807644097756379,11.0,0
SaaS,98400.596945485,8,5,0.2675969393783303,18.0,1
Healthcare,38965.337952187976,7,8,0.4059482888067655,41.0,1
SaaS,593772.5576927981,1,2,0.19331236713525,7.0,1
E-commerce,11576.555545092917,2,0,0.8448839914496158,64.0,0
Finance,45819.99689831561,5,2,0.1500112016922888,13.0,0
SaaS,68240.26444296054,7,8,0.2972165449068089,28.0,1
SaaS,9435.009824311566,2,0,0.6402669668210534,28.0,0
Finance,113331.98744132744,2,0,0.1408969271920664,7.0,0
SaaS,87426.16303544701,8,2,0.4381069912014005,14.0,0
Healthcare,406387.5884156809,3,4,0.3424935698552516,6.0,1
SaaS,36860.87634243403,10,9,0.3660945961386593,23.0,1
Finance,211028.36729101563,1,1,0.4717735402752501,1.0,0
SaaS,93477.28032254396,2,2,0.1329752313435389,12.0,0
Healthcare,223819.89405937455,1,2,0.0998599256416253,3.0,1
E-commerce,30674.42610254502,2,2,0.2485953867097023,35.0,0
Finance,63166.007573346906,5,4,0.2832939157277425,23.0,1
Healthcare,30340.773267150897,2,0,0.15149354758767,7.0,0
SaaS,39898.91644267012,8,0,0.3940489724534948,12.0,0
SaaS,24250.129315213628,2,2,0.3241972357159033,17.0,0
SaaS,10226.490778028498,1,0,0.7290441756785281,71.0,0
SaaS,77710.3331390622,2,2,0.1284024075122887,14.0,0
E-commerce,36831.07892892168,7,6,0.3061662485044411,22.0,1
E-commerce,122334.8576012179,8,1,0.3621347754662379,13.0,1
Healthcare,195042.48911926412,1,1,0.15671374731227,16.0,0
SaaS,175341.5216359587,2,0,0.0950998948162936,9.0,0
E-commerce,67193.38088269425,1,1,0.0188593965554595,17.0,0
Manufacturing,20256.84597126972,2,1,0.1061692800851118,10.0,0
E-commerce,77692.3495388554,3,2,0.192109437934731,17.0,1
Healthcare,78884.63315499977,5,3,0.3309705126896613,20.0,1
Finance,14954.093930407187,2,0,0.7702840092743692,94.0,1
SaaS,31187.067717618596,4,6,0.507190066454746,6.0,1
SaaS,28656.703575201776,2,0,0.0995740148518587,8.0,0
SaaS,56745.73705652723,3,4,0.2835271940231726,20.0,0
SaaS,128433.35322369188,1,0,0.1646012198397785,10.0,0
E-commerce,60853.68058515754,2,5,0.3498646693393734,5.0,1
Healthcare,13620.61200286223,1,0,0.7873493047208862,41.0,0
E-commerce,46772.4121884752,6,3,0.3822763869520764,36.0,1
Healthcare,23334.529727074827,3,1,0.6578594476597389,25.0,0
Healthcare,474967.79734897066,7,5,0.3474206785262019,3.0,1
SaaS,41042.1424125991,18,9,0.4368214276578934,33.0,1
E-commerce,176486.5825426128,1,1,0.4112628899242788,7.0,0
Finance,174229.92568584217,0,0,0.3076703314603643,3.0,0
Finance,16240.22898314001,0,0,0.5791641142132505,43.0,0
Manufacturing,15538.998441016376,2,0,0.3924678315229554,47.0,0
Finance,57333.63605136863,5,1,0.3733638187408331,21.0,0
SaaS,29393.727061309022,4,3,0.1056964835088495,15.0,0
SaaS,116406.74567733312,4,3,0.2728453184209531,12.0,1
SaaS,31611.533969683835,0,1,0.2626879080629893,12.0,0
SaaS,44817.55011889587,1,2,0.3679824194408598,18.0,0
Finance,31332.795654083544,4,1,0.2088274827819661,14.0,0
SaaS,13133.29961679099,4,0,0.6984731311275744,56.0,0
Healthcare,277050.5800254396,9,9,0.428611918550153,2.0,1
SaaS,77946.11032707537,2,4,0.1626701995328652,29.0,1
Finance,401585.186851097,3,3,0.3736399389079453,18.0,1
SaaS,340373.5909542312,4,7,0.4364449846810577,7.0,1
Finance,119229.86213094016,4,2,0.4367413183245611,6.0,0
Healthcare,88262.38730740269,5,5,0.283028502547514,31.0,0
Finance,429745.5429559934,4,7,0.3198142488261897,10.0,1
Finance,203646.23988019172,2,3,0.4755210776789882,17.0,1
E-commerce,63741.310658424336,4,1,0.4700847248687885,10.0,0
Healthcare,318461.5548714518,2,3,0.1654212536456236,26.0,1
Manufacturing,9748.866200782824,0,0,0.5650507151997726,28.0,0
Manufacturing,47391.83598098165,2,2,0.198832549467181,15.0,0
SaaS,36572.6087523556,0,0,0.0739517906288826,7.0,0
Finance,41305.18220273306,2,1,0.069046800404651,9.0,0
Healthcare,23194.78155836979,4,0,0.7069906211080073,36.0,0
E-commerce,292981.98383053346,1,1,0.2732289107347503,11.0,0
Healthcare,71023.54477677682,4,1,0.3860199025333219,30.0,0
Finance,82674.04072882481,1,0,0.1234375551049541,11.0,0
SaaS,216577.8841146805,1,2,0.3014238702014041,8.0,1
E-commerce,31663.956548226543,2,1,0.3577434587941061,17.0,0
E-commerce,410757.5875391102,4,3,0.4368416587831429,6.0,1
Finance,181453.73437965903,2,3,0.2142891993639337,5.0,1
SaaS,57798.91690579761,2,2,0.326306707718855,17.0,0
Finance,17324.26436649114,0,0,0.873003435048309,42.0,0
Finance,193121.18986615204,7,3,0.2614716233227878,27.0,1
E-commerce,37519.20300367181,2,1,0.2178832677728061,16.0,0
Finance,66911.63658538295,4,3,0.2471888150322733,17.0,0
Healthcare,71513.17796910397,2,2,0.3778846539183154,30.0,0
Finance,46658.39505220914,4,2,0.2217803795839117,11.0,0
E-commerce,223620.33258741235,0,0,0.3192316257291474,4.0,0
E-commerce,104224.2901640067,3,1,0.2415651661845554,23.0,0
SaaS,32994.48928911882,6,6,0.4147493318939632,29.0,1
E-commerce,125054.14739955214,1,2,0.2519389462143132,5.0,1
Finance,337314.92841087753,1,1,0.074173376246024,9.0,1
SaaS,345226.05922177364,3,3,0.1415087352689707,6.0,1
Healthcare,75997.88594473244,2,0,0.1240447549814851,17.0,0
Finance,131223.6294720297,5,0,0.3710106243785633,21.0,0
SaaS,67753.37861457422,8,5,0.6370993189297266,23.0,1
Manufacturing,19689.245723500797,6,5,0.2700075686410249,23.0,1
Finance,253795.95579302928,5,1,0.1792021531677588,4.0,0
Healthcare,131592.7099050393,3,2,0.2561055542617276,14.0,0
Finance,68647.49997333813,4,3,0.2383452577841159,13.0,1
Finance,63793.89865674621,4,7,0.1901392936534482,27.0,1
Manufacturing,27578.0163447646,4,0,0.1198250100160791,42.0,0
SaaS,75436.3722437436,3,0,0.2201879394314409,19.0,0
SaaS,51616.46325492508,3,3,0.1622057842953775,21.0,1
E-commerce,41625.646521775,8,8,0.2659712247710466,19.0,1
Finance,31121.57459271606,5,6,0.2170406906583805,21.0,1
SaaS,164814.67185391052,5,6,0.2771450419931491,39.0,1
Healthcare,88031.39651060788,13,13,0.3924437975602599,38.0,1
SaaS,39780.74859294959,5,3,0.179808344130244,29.0,1
Manufacturing,45957.5282417346,3,3,0.2278356015546437,10.0,0
E-commerce,95053.71873750637,1,0,0.4017566017008579,19.0,0
Healthcare,16771.60664450745,3,0,0.72654827593888,75.0,0
E-commerce,331334.7767718231,2,1,0.4611883116116183,4.0,0
Finance,75665.09274145124,0,0,0.0417417292445325,8.0,0
Finance,92273.99014558202,5,3,0.247215681744949,13.0,1
Finance,243880.07706760603,5,1,0.4043938345168845,39.0,1
Healthcare,100035.7097121059,0,4,0.1211300818256054,25.0,0
SaaS,67861.27228270302,6,2,0.1913330509550264,10.0,0
SaaS,13414.907246060347,0,0,0.2835271940231726,33.0,0
Manufacturing,62686.846090382525,0,0,0.3373796649819578,5.0,0
SaaS,54196.023901200206,8,5,0.299851262302688,25.0,1
SaaS,15496.44744619461,1,0,0.8201006554487639,38.0,0
Finance,61189.0223235482,6,1,0.3024826569552232,17.0,1
Finance,96278.33633435224,5,2,0.1271351671094999,32.0,1
SaaS,34750.405980632284,3,1,0.3625446258635796,16.0,0
Healthcare,55282.56584608921,9,7,0.3045011470379176,20.0,1
E-commerce,33022.05157183552,3,1,0.3056055575522935,33.0,0
Finance,29246.05864127422,3,0,0.6285349155532046,75.0,0
Finance,175043.40198454948,8,9,0.3232744922003868,38.0,1
Healthcare,102279.10595084734,2,2,0.0607317893558796,14.0,0
Finance,219629.3757666742,2,2,0.5178995109622229,7.0,1
Finance,212448.961301218,0,0,0.1573741923265988,9.0,0
SaaS,212803.55714983333,2,4,0.1794069973214445,7.0,1
Finance,14244.924463286205,2,0,0.6204767079480425,18.0,0
SaaS,22217.107871505294,6,4,0.2835271940231726,24.0,1
Healthcare,39653.51364340424,15,7,0.3893302036007941,27.0,1
Finance,76811.01948106782,5,2,0.2014912457889093,8.0,0
Healthcare,66410.86497535014,3,2,0.2289774202407692,20.0,0
E-commerce,102131.44303675374,1,0,0.3631170066833029,12.0,0
Healthcare,16191.21167565887,0,0,0.6772196582125636,60.0,0
E-commerce,29855.669650224623,10,9,0.5071497282654699,42.0,1
Finance,127387.56759464282,1,0,0.176655867885151,17.0,0
E-commerce,104650.47059801358,11,7,0.3646103955127667,39.0,1
Finance,37708.9533930815,5,5,0.1816685567747995,26.0,1
SaaS,30231.52329430918,0,0,0.0150221439924469,28.0,0
SaaS,245137.234425917,5,8,0.4400234215163638,14.0,1
Manufacturing,40855.79095414592,8,5,0.3384701201567553,27.0,1
Healthcare,41960.55249564676,6,4,0.4419755018825802,28.0,1
Finance,21433.38416290442,2,0,0.6535688580324708,43.0,0
Finance,174454.17102080124,1,0,0.2835271940231726,20.0,0
E-commerce,58806.520931634914,2,3,0.3824544190928212,6.0,0
SaaS,161970.4685723342,4,8,0.4670726227379473,9.0,1
E-commerce,85945.9880646297,5,1,0.276543590397289,29.0,0
Finance,364880.6727095294,1,2,0.221364683015612,6.0,1
Healthcare,46449.70498729275,4,4,0.3402918252361457,22.0,1
Finance,386278.88325789495,2,1,0.3597748232241671,10.0,1
Manufacturing,48497.22810712514,4,1,0.1701769057708061,7.0,0
SaaS,12289.693896583874,3,0,0.8749394443075788,28.0,0
Manufacturing,13200.290403791025,0,0,0.3234910718596867,35.0,0
Healthcare,234412.6404115072,3,6,0.5101230990630883,0.0,1
SaaS,40347.80894619813,4,2,0.2835271940231726,12.0,0
SaaS,67308.45374185895,9,5,0.4599030673397078,26.0,1
Healthcare,69223.90218497731,8,5,0.2783910310804359,39.0,1
E-commerce,95867.97773516552,2,0,0.5342123177301222,14.0,0
Manufacturing,26253.04093211446,2,1,0.476428667040703,16.0,0
E-commerce,157969.35241344813,0,0,0.2486514255484946,5.0,0
SaaS,110588.45813433902,5,5,0.3214528329052309,33.0,1
Healthcare,16529.230907485384,1,0,0.5794319929342001,49.0,0
Healthcare,76394.89482102796,3,2,0.1805077487537347,25.0,0
Manufacturing,61586.45065115479,4,1,0.2836837279084835,12.0,1
Finance,45711.66108251063,2,1,0.435582651337234,14.0,0
SaaS,252099.07793372252,4,5,0.5328188979973612,8.0,1
SaaS,31865.65710144591,5,2,0.2484500721620533,19.0,0
SaaS,222231.02201007068,0,0,0.3779560742935945,2.0,0
Manufacturing,148266.39843107344,1,1,0.5047051322907091,5.0,0
Healthcare,18954.74575766624,2,0,0.5963258478071106,39.0,0
Healthcare,69323.551645896,6,5,0.2269381237096424,30.0,1
Finance,100756.5325109414,10,6,0.4395041647189437,24.0,1
Healthcare,18765.51026590569,2,0,0.8262732121930382,51.0,0
Healthcare,246855.8505806207,1,2,0.2274060450595359,4.0,1
Healthcare,55552.32536712905,2,4,0.3790877701194315,21.0,0
E-commerce,91261.08594545675,3,1,0.108424249703378,32.0,0
Manufacturing,11931.201081369907,3,0,0.7952464998025464,36.0,0
Finance,23299.88843855775,0,0,0.8300772544628359,18.0,0
Healthcare,44815.66539172173,10,7,0.5348349377185889,33.0,1
Manufacturing,66737.08227329468,6,3,0.2782963366387939,19.0,1
Finance,102263.24937879828,10,5,0.4629767636162646,37.0,1
Finance,71069.57654090606,7,4,0.3799789206351775,14.0,1
Finance,412817.6366435436,0,0,0.1603989044097276,1.0,0
SaaS,8207.015772993858,1,0,0.517752030603098,36.0,0
Finance,9445.06090858514,1,0,0.8154484566035151,33.0,0
Manufacturing,11289.420018048557,2,0,0.5315426017701417,74.0,1
Healthcare,34554.46449621381,1,1,0.1778646617057799,25.0,0
SaaS,40215.15192850517,2,4,0.1764190970251603,32.0,1
Finance,60947.60178104422,9,6,0.4251297636319882,19.0,1
SaaS,266063.73560057825,1,2,0.2642275935077809,8.0,1
SaaS,106952.8888043476,4,1,0.2245611124075146,12.0,0
E-commerce,78781.95778571918,9,2,0.4090067847218333,14.0,1
E-commerce,64688.29641665745,1,2,0.2418294165877673,11.0,0
SaaS,25842.87809451759,2,2,0.0592687268389498,30.0,0
Manufacturing,12186.731391106518,1,0,0.5031922048393355,103.0,1
E-commerce,213426.35152652964,3,1,0.1349139242741511,7.0,1
E-commerce,42496.38791743283,7,6,0.2338264044197817,20.0,1
Finance,206710.8469408501,8,6,0.37349119624009,22.0,1
Finance,227882.39828765285,0,0,0.247363804177726,8.0,0
Finance,13949.141670729548,0,0,0.6740865540450162,25.0,0
SaaS,27992.96760607291,2,1,0.1105921216384588,4.0,0
Healthcare,42579.89064412803,2,0,0.1448069744349864,5.0,0
Healthcare,149146.67394397088,2,1,0.1226162235219113,16.0,0
E-commerce,12775.021803819958,0,0,0.7203111268662133,35.0,0
E-commerce,161711.62467965038,4,6,0.2987662205476828,13.0,1
Manufacturing,14574.177195944876,4,0,0.7350551731705629,42.0,0
Healthcare,15069.399677124542,2,0,0.6832581687060655,58.0,0
SaaS,10756.878009371314,3,0,0.8386279042152672,53.0,0
Healthcare,229959.27488495476,0,0,0.1610670818640101,3.0,0
Finance,83015.6931900291,2,0,0.2239586291885479,15.0,0
Finance,22322.79341945738,1,0,0.7642414262890529,43.0,0
Healthcare,62894.80155714109,6,4,0.3034347709703128,20.0,1
Healthcare,223925.4942336729,1,1,0.2407771633321236,9.0,1
E-commerce,71383.12169817471,2,1,0.3379115317222527,29.0,0
Finance,216815.68081427412,3,5,0.408350953216364,11.0,1
SaaS,74316.76661879923,2,3,0.2835271940231726,12.0,0
SaaS,381286.811499364,2,1,0.288388599970134,3.0,0
Healthcare,56535.34321022962,7,2,0.3374639706576172,21.0,1
SaaS,34521.6597889534,7,1,0.4254174933156361,9.0,1
Healthcare,16170.89495917454,3,2,0.3956147240798279,9.0,0
SaaS,171146.26519283807,0,0,0.0799476642620845,7.0,0
Healthcare,52915.880699845824,5,2,0.2366908328937287,15.0,0
Finance,48713.64242696924,4,0,0.1863133769614365,2.0,0
Finance,182861.5999119292,2,3,0.3058353115458351,2.0,1
SaaS,153217.29829156972,4,2,0.1781554503427533,21.0,0
Manufacturing,71098.98879399,3,0,0.1034831582047192,6.0,0
Healthcare,23207.81530504969,12,6,0.35830981484053,40.0,1
SaaS,89447.33408206717,4,0,0.2028908250410318,24.0,0
SaaS,32766.920338814576,12,6,0.4834700212599847,20.0,1
Manufacturing,36377.6505016454,8,6,0.3033697738435771,29.0,1
E-commerce,44488.1083252381,2,3,0.3855296192776815,23.0,0
SaaS,73616.21894783022,5,1,0.2578040333084802,13.0,0
SaaS,34233.35635446095,6,7,0.3341856181939571,20.0,1
E-commerce,40321.08419599525,1,0,0.1849460523138431,15.0,0
Healthcare,129294.39069392672,8,5,0.3309274152358389,24.0,1
Healthcare,195073.9042156363,1,2,0.2357116978643459,2.0,1
Finance,49621.80860221025,0,3,0.3738725349259268,17.0,0
E-commerce,19558.13460658988,5,0,0.5151318798421429,31.0,0
E-commerce,13533.901425083855,3,0,0.617945525548704,70.0,0
Finance,15093.323951211669,1,0,0.7726412691799212,39.0,0
SaaS,37214.73146868372,7,2,0.3503611434319759,36.0,1
SaaS,216678.43302860533,1,3,0.4180818265642126,19.0,1
Finance,105463.09544491596,3,3,0.1287494731667807,14.0,0
Manufacturing,36559.62496643924,3,0,0.1621799021628798,9.0,0
Finance,28305.91464687768,1,0,0.772275447738823,16.0,0
Finance,15897.182246279805,1,1,0.5377468889774052,32.0,0
SaaS,34651.662510621565,6,3,0.2917460176209115,12.0,1
SaaS,21534.182618352235,5,4,0.3694400168815021,24.0,1
Finance,59912.05097843412,3,1,0.2835271940231726,8.0,0
SaaS,42992.08773416416,4,1,0.2567758493859775,13.0,0
SaaS,42595.30665661812,9,5,0.3765164320400191,14.0,1
Finance,141776.83725423506,1,2,0.0988256188870784,26.0,0
Finance,39944.545358668656,9,4,0.441756297627196,25.0,1
SaaS,32766.224331855712,4,1,0.1890432540821388,30.0,0
Healthcare,44304.80710412282,0,0,0.1059362649132144,15.0,0
Manufacturing,425080.8921579619,2,3,0.2487552502943446,5.0,1
E-commerce,33537.91526350792,11,6,0.6208098302487051,17.0,1
Manufacturing,40666.78145416249,5,2,0.2798735138236034,17.0,0
Healthcare,44551.99929234824,3,1,0.2833828342068636,8.0,0
Manufacturing,155846.9543225316,0,0,0.0778530511267993,17.0,0
Healthcare,53247.712497823646,2,4,0.2263712094063787,23.0,0
Healthcare,23845.612942465945,1,0,0.6360219546605685,83.0,1
Finance,23742.70817713892,0,0,0.5414017424196852,13.0,0
Finance,213978.67260694483,2,2,0.2131294497246935,2.0,1
SaaS,111330.60273857224,5,4,0.3054841587289841,17.0,1
SaaS,141171.53821316722,4,6,0.3734455123694258,2.0,1
Finance,22347.467777004545,2,0,0.5785915521904553,56.0,0
SaaS,132269.68976686796,2,2,0.2660296942443406,9.0,1
Healthcare,71139.95142497464,9,4,0.3928927682136492,34.0,1
SaaS,13339.512033168518,2,0,0.5833113601982519,68.0,0
Healthcare,19713.262039037974,2,0,0.7446607301239433,38.0,0
E-commerce,32159.3231242399,4,1,0.3382517304815612,15.0,0
E-commerce,52914.610911295706,3,2,0.1757283146570846,19.0,0
SaaS,317289.0160127305,0,0,0.1367297298346389,7.0,0
Healthcare,112601.0141011562,2,4,0.5660355312609111,4.0,1
Healthcare,16041.6293341212,2,0,0.775244605275794,76.0,0
E-commerce,60686.56251765955,4,3,0.2055978275829662,30.0,1
Healthcare,85240.28145667184,1,1,0.0856970538550287,14.0,0
Finance,37942.88939310833,1,3,0.1750502911793564,21.0,0
Finance,19204.59880445957,1,0,0.7463452054453873,31.0,0
SaaS,35796.57848197704,5,1,0.2835271940231726,12.0,0
SaaS,281878.06059373595,2,1,0.2324893244228222,6.0,0
E-commerce,305597.11061051063,0,0,0.3640486772416289,2.0,0
Finance,28075.40797162996,3,0,0.264764603478,6.0,0
Healthcare,60774.09476433188,2,2,0.2474904059510849,19.0,0
E-commerce,153143.0676249101,0,0,0.2835271940231726,0.0,0
E-commerce,55599.780391160144,5,3,0.2918695084078119,15.0,1
Healthcare,25620.345666863795,4,1,0.1886871106918572,43.0,0
SaaS,69739.27281522601,0,2,0.4787594414606002,16.0,0
Healthcare,123121.23986015515,3,0,0.0603762624988681,24.0,0
Manufacturing,191175.4656726276,6,2,0.3282680113894194,25.0,1
Finance,284817.96690844407,1,0,0.0462816750872184,19.0,0
Manufacturing,37010.29476034869,2,2,0.2719885483538067,12.0,0
SaaS,39462.3003178773,4,4,0.2360999261112652,28.0,1
SaaS,110498.8748399776,1,3,0.3589849830303891,6.0,1
Finance,342228.18165892526,4,2,0.1170316589526811,19.0,0
SaaS,9927.164632454538,1,0,0.6036346892780465,44.0,0
Healthcare,342246.5786459665,0,0,0.2438618539910742,5.0,0
Finance,40275.47570002893,3,4,0.243350185170272,29.0,0
SaaS,172212.5109981255,1,5,0.2835271940231726,4.0,1
Manufacturing,54208.288306548486,6,5,0.2684679668033946,24.0,1
SaaS,42631.16713868852,4,4,0.3716406531741745,12.0,0
SaaS,76258.31146823279,0,0,0.0703705557017134,38.0,0
Finance,305265.2346422237,4,10,0.3260172741493883,8.0,1
Healthcare,403594.46450385655,3,3,0.2247961121172391,9.0,1
Finance,49051.08832936641,3,1,0.2283722823882682,9.0,0
SaaS,108206.50073140457,12,4,0.3245305753533595,16.0,1
Manufacturing,319901.05001969106,3,4,0.525593358300716,1.0,1
SaaS,16921.930322167376,4,0,0.4939295878770811,61.0,0
Finance,47320.711682488814,14,3,0.5207213490826494,20.0,1
Healthcare,656145.1353106534,4,3,0.3493540725413183,9.0,1
SaaS,143902.10759355823,9,7,0.3192112981448247,16.0,1
Healthcare,22563.67467545609,0,0,0.0499521878296351,6.0,0
E-commerce,46194.61354873045,6,3,0.4964888967295354,10.0,0
E-commerce,9312.831861193436,2,0,0.6017805272363824,36.0,0
SaaS,13383.157344449544,2,0,0.7600326456178594,22.0,0
Healthcare,17836.036218986676,2,0,0.5205532729411348,71.0,0
Healthcare,86601.86341081357,4,3,0.2567832182271746,18.0,0
Finance,326011.7233812625,2,0,0.2095220865171789,10.0,0
Healthcare,93990.7097532968,0,0,0.1259311939419612,13.0,0
Healthcare,77844.83919221381,5,3,0.141225446780507,32.0,1
SaaS,10211.309517187605,6,0,0.3739270623459707,68.0,0
SaaS,203761.0933649061,5,5,0.2671011016400381,15.0,1
Finance,58894.88565081342,6,2,0.2846235350255274,7.0,0
Healthcare,57903.55560286681,12,11,0.5000594206140424,40.0,1
Finance,15833.16281581215,3,0,0.5115537066467633,48.0,0
Finance,26669.902422382347,8,4,0.2835271940231726,20.0,1
E-commerce,51228.343219653376,0,0,0.1247439688871569,12.0,0
Finance,34089.87112084631,2,6,0.3395334542808304,11.0,0
Healthcare,245297.61566411605,0,0,0.3935038842894864,15.0,0
Finance,55219.85320848397,10,9,0.311289902932663,31.0,1
E-commerce,13109.840315951236,1,1,0.662124472753174,69.0,0
SaaS,97042.54775150714,4,2,0.1092873217113742,16.0,0
Finance,173909.86386632995,4,2,0.100767841195999,15.0,0
SaaS,35564.89273235154,2,1,0.3714840263316465,25.0,0
SaaS,51618.60957911309,6,1,0.3158004671104354,4.0,0
Manufacturing,40252.44769435978,3,0,0.1881103862789499,23.0,0
Finance,274486.5982657943,0,0,0.1645915585334454,3.0,0
E-commerce,21794.677829079603,1,0,0.7341880534450012,47.0,0
Manufacturing,37402.13547363632,6,4,0.3079530808596905,17.0,1
Manufacturing,18551.057755873324,2,1,0.1987104627846997,26.0,0
SaaS,234504.75201089072,0,0,0.2076252924409568,3.0,0
SaaS,10013.531108971789,2,0,0.661875071665435,24.0,0
Healthcare,38624.61394759497,5,4,0.1718468623282863,22.0,1
E-commerce,65280.50057780314,0,0,0.0833881425287845,10.0,0
SaaS,90579.282851625,3,1,0.142997387128979,13.0,0
SaaS,11667.367595501042,1,0,0.8061659732950909,14.0,0
Healthcare,23813.370427176116,3,3,0.2835271940231726,35.0,0
SaaS,66500.6891736053,3,4,0.2786043627573357,13.0,1
E-commerce,28312.69830376253,1,0,0.1459435656565607,19.0,0
Finance,108137.91907691924,3,1,0.120195617558573,24.0,0
E-commerce,177565.99058707323,2,0,0.1982395845935841,3.0,0
SaaS,50936.55245144117,5,2,0.2626152308058352,18.0,1
E-commerce,157126.63587849622,1,0,0.162600226356178,2.0,0
Healthcare,15555.238745170487,0,0,0.6529693143754638,41.0,0
Healthcare,39211.46728299513,2,3,0.1508144266905783,24.0,0
Manufacturing,65986.68621993075,7,5,0.2814134792466025,34.0,1
Healthcare,65651.01736288231,1,1,0.1840867131478196,25.0,0
E-commerce,73302.64217615254,1,1,0.0991820824423745,10.0,0
SaaS,37363.31881813092,4,1,0.288117697597853,15.0,0
SaaS,49634.29786728658,0,0,0.1894579816297711,28.0,0
Healthcare,481690.8462410428,4,5,0.426858582158072,2.0,1
SaaS,45337.63537872576,10,6,0.3189466532935834,21.0,1
Healthcare,24131.5625606362,0,0,0.622898348308352,64.0,0
Finance,96532.68898043568,2,0,0.2977168362430268,8.0,0
Healthcare,181771.267863117,0,0,0.0665501395574288,2.0,0
Finance,46843.49010925842,1,0,0.1321492793593126,16.0,0
Manufacturing,78206.8645349529,11,9,0.4750983645752245,31.0,1
Manufacturing,76908.5106680033,0,2,0.3341783386597057,45.0,0
Healthcare,189350.7911731721,6,9,0.2835271940231726,25.0,1
SaaS,108943.57119777244,4,0,0.1918668952847894,5.0,0
Healthcare,40508.08238415338,5,3,0.2835271940231726,19.0,1
SaaS,30047.84748452437,7,3,0.3077352682066163,32.0,1
E-commerce,41752.99679207573,2,0,0.3528452886340903,9.0,0
Manufacturing,150402.7570709632,1,2,0.1013226707884461,6.0,0
Healthcare,421486.0143867322,3,4,0.5204218954764555,11.0,1
E-commerce,13398.205719033189,1,0,0.2835271940231726,28.0,0
Healthcare,234611.99018738556,0,0,0.1507655368396993,3.0,0
Manufacturing,51956.44136249269,8,6,0.2003070941306529,19.0,1
Finance,150006.0674726297,3,3,0.2221178618934077,7.0,1
SaaS,187552.1629084464,0,0,0.2860224454948072,10.0,0
SaaS,262486.7140553792,0,0,0.1508782205819439,1.0,0
SaaS,125585.90791570544,3,1,0.2433404670606928,24.0,0
Finance,19063.9452166114,3,3,0.2886197320416683,38.0,0
Manufacturing,29356.116675717225,2,3,0.3752458905463762,5.0,0
Finance,90682.96798174942,16,7,0.6517930582868932,18.0,1
SaaS,189423.13197636843,7,5,0.4927643071022166,23.0,1
Finance,57504.12436124583,8,6,0.3863050804132859,21.0,1
Healthcare,66577.77433808566,4,6,0.1048618426600496,22.0,1
SaaS,385363.4895409409,2,4,0.3941590539391764,8.0,1
Healthcare,72377.60878789697,11,7,0.3630947212795457,34.0,1
Finance,47978.95807379561,4,0,0.3389626895789209,25.0,0
Finance,59960.16680693054,4,1,0.4446128316804026,12.0,0
Healthcare,79387.69194753203,7,2,0.5265642022935488,16.0,1
E-commerce,101146.42936800235,0,0,0.1842224741373145,3.0,0
E-commerce,12783.344879416452,2,0,0.5234658134871002,33.0,0
Finance,239031.04856663453,1,2,0.175706433581186,2.0,1
Healthcare,12673.728188523975,1,0,0.5337245780618485,36.0,0
Finance,13833.111663168782,0,1,0.6274237439267267,62.0,0
Finance,59970.66005008433,5,7,0.1821604091319762,16.0,1
SaaS,110794.73161894294,0,0,0.186176111086455,3.0,0
SaaS,95869.84660047515,2,2,0.1164324057059615,12.0,0
Finance,103155.02861280963,6,5,0.3944510574646229,26.0,1
Finance,91728.09950529395,2,1,0.1456694463234773,20.0,0
Finance,70221.10958134991,9,4,0.3802961791529592,19.0,1
E-commerce,22813.25302400713,5,6,0.2774924904479871,28.0,1
Manufacturing,49970.09651296689,5,4,0.1993971740435804,16.0,1
Finance,42659.30044349646,3,0,0.1210010650207613,14.0,0
Finance,46002.77243745256,4,0,0.2182649916189165,41.0,0
E-commerce,49119.128379933536,6,4,0.3272629890381734,23.0,1
Manufacturing,144064.49314173567,1,2,0.1808175965169205,13.0,1
Healthcare,77793.78847522022,2,2,0.1073724921560652,9.0,0
Finance,118744.67490143144,4,0,0.3419234415051096,21.0,0
Finance,95756.62803882464,6,1,0.2835271940231726,28.0,0
SaaS,10062.960795222683,2,0,0.8185075543671106,19.0,0
Healthcare,46828.26429764026,4,4,0.1376809467450407,23.0,1
Finance,38340.00749353859,4,3,0.1457203760344612,32.0,1
SaaS,194152.3921272762,7,11,0.5629853126515965,3.0,1
Finance,21375.17733955986,3,4,0.171551538039219,32.0,0
E-commerce,106315.21505452807,6,1,0.2835271940231726,22.0,1
Healthcare,92844.81781755708,4,2,0.1840743868885388,21.0,0
Finance,41970.30742847607,8,3,0.2443660697865876,44.0,1
SaaS,56665.34230735066,7,9,0.2136263529815328,36.0,1
Healthcare,31285.690975008045,3,3,0.1048875831172902,23.0,1
Manufacturing,9443.119651874866,1,0,0.8719647653602571,39.0,0
SaaS,11392.636631846828,4,0,0.1949422835994096,18.0,0
Healthcare,78410.5754696123,1,0,0.0435934230687381,12.0,0
SaaS,26863.36340321844,0,0,0.1021862196028416,18.0,0
Healthcare,105798.95980120808,7,5,0.3293494997858356,22.0,1
Manufacturing,208723.19463602995,0,0,0.2197485211630278,2.0,0
Healthcare,40401.97404876359,3,3,0.3058788728677524,24.0,1
SaaS,11468.669107720138,1,0,0.7919040688504247,22.0,0
Finance,156055.39426869055,0,0,0.2206694727590829,6.0,0
Healthcare,13775.346688133372,2,0,0.3894961390742105,55.0,0
E-commerce,222594.7235889924,0,0,0.0754414561576086,5.0,0
E-commerce,26518.528742352253,6,5,0.2990438795596383,17.0,1
Finance,14733.49829243976,1,1,0.413779003049813,83.0,0
Finance,18920.806681594557,2,0,0.4624766269348228,45.0,0
E-commerce,33850.600693365195,1,1,0.260051969108541,8.0,0
Manufacturing,45751.35996093856,2,2,0.3356055655461263,15.0,0
Finance,140510.84121223196,2,4,0.1529581835162332,16.0,1
SaaS,13621.744803340249,5,0,0.6464355809517126,33.0,0
Healthcare,336385.1187765227,3,6,0.2241131551469708,0.0,1
E-commerce,169966.15038613247,0,0,0.4212429780688222,9.0,0
Finance,330932.3513823509,0,0,0.5137259737235637,4.0,0
Finance,40338.35572246877,11,10,0.5130453282208518,31.0,1
E-commerce,236524.42070763092,1,1,0.2791230450318525,15.0,1
Finance,30734.18811820052,1,0,0.5675698429708901,20.0,0
SaaS,63667.02240162871,7,8,0.1692532083055964,23.0,1
Healthcare,30350.398999677727,2,2,0.2835271940231726,28.0,0
Healthcare,76306.51292598469,9,3,0.304001792685989,12.0,1
Healthcare,40542.92230654071,1,1,0.2261064961364953,19.0,0
SaaS,16977.38618776798,6,4,0.130142156774684,23.0,0
Finance,61119.11096089621,9,7,0.4913510231798804,17.0,1
SaaS,306977.9526643426,0,0,0.2515356339942077,29.0,0
E-commerce,280001.4820037975,2,3,0.1435618350225369,4.0,1
E-commerce,109005.70848386412,2,3,0.1828391032028368,22.0,0
Finance,87342.05045501482,2,2,0.4927523982416811,18.0,0
Finance,51387.27755224131,3,1,0.1146851091084353,16.0,0
Healthcare,158645.6809177382,5,5,0.187003480862375,26.0,1
Healthcare,89433.88387751028,4,0,0.4423133068165373,9.0,0
Healthcare,98549.56866895738,2,0,0.2353410144094177,22.0,0
SaaS,27152.46039021537,4,3,0.2062740642873926,17.0,1
Finance,105390.31449893168,5,2,0.1330789279945808,13.0,0
Finance,166215.5938975728,7,8,0.3110032921399336,31.0,1
Healthcare,55644.010527338425,1,1,0.1700834616435176,15.0,0
SaaS,11356.703261103175,3,0,0.5325623667587749,58.0,0
Finance,71038.68082127934,1,1,0.1731744279697158,9.0,0
SaaS,15557.158198555257,3,0,0.7086549648559125,23.0,0
Healthcare,17812.189012645398,1,1,0.8037668600429763,25.0,0
E-commerce,72866.12064805749,10,5,0.3692178814888279,18.0,1
E-commerce,185919.6853142812,2,2,0.2389028942237797,1.0,1
Healthcare,73670.13399594523,3,2,0.1972489308893151,30.0,0
Finance,238899.09970982847,2,0,0.170180128859344,3.0,0
Healthcare,89717.95178105711,1,0,0.1053683367650677,21.0,0
Finance,20695.469495157995,0,0,0.9389722068099596,33.0,0
SaaS,42421.55247178048,4,5,0.267094761530638,13.0,1
E-commerce,16008.744719376233,1,0,0.732033353137292,14.0,0
SaaS,24286.927254382543,6,2,0.2556194663517053,17.0,1
E-commerce,14399.956790695403,2,0,0.8802873622471656,26.0,0
Healthcare,27519.926701688164,11,8,0.341533845864332,30.0,1
Finance,355463.30708793487,3,4,0.2664748969111438,8.0,1
SaaS,277013.4329846705,2,1,0.0722132723043285,4.0,0
Healthcare,306077.8843628208,1,0,0.4102622473815682,5.0,0
SaaS,50565.75836904012,4,1,0.5681585086920657,7.0,0
Healthcare,88649.17892755523,5,3,0.2889198497020214,24.0,1
Finance,50495.28116141305,7,3,0.1911711170163268,10.0,1
Manufacturing,10602.051540198849,1,0,0.8028750896543593,52.0,0
Finance,81777.42059573138,0,0,0.0748992657686938,15.0,0
Manufacturing,37809.31498550069,5,3,0.2835271940231726,17.0,1
Manufacturing,13143.70445304131,2,0,0.6524504855262802,14.0,0
E-commerce,46282.25882722433,3,2,0.424278830015933,8.0,0
SaaS,40811.34984066317,4,0,0.2633014231909115,11.0,0
SaaS,189390.0695097618,1,2,0.2055224017790243,1.0,0
E-commerce,207967.5970250771,2,3,0.2873575783047183,5.0,1
Healthcare,285589.60019390675,0,0,0.1420379283914533,3.0,0
SaaS,23243.2596543984,4,5,0.2835271940231726,34.0,1
SaaS,159617.71203701527,3,3,0.1510498636459719,8.0,1
Healthcare,176722.86072974346,2,3,0.2835271940231726,2.0,1
Healthcare,11680.312396828484,6,0,0.8859716173429493,38.0,0
Healthcare,263368.7065036235,1,2,0.379018722814145,2.0,1
SaaS,274144.9266667972,1,1,0.0249729983758407,4.0,1
E-commerce,19853.42481478275,7,3,0.3903840320524684,32.0,1
Finance,264708.2981132829,1,2,0.1816106367327982,19.0,1
Manufacturing,26422.03420778428,0,0,0.0634244631802751,7.0,0
SaaS,73953.44192997724,5,4,0.4128774409284037,15.0,0
E-commerce,133840.17793560456,4,1,0.1772297685569457,18.0,0
SaaS,51350.212530405166,6,2,0.1242448050519922,15.0,0
E-commerce,16714.14904812213,2,0,0.6562856828484477,44.0,0
Finance,34618.88043228876,5,5,0.269937614227389,31.0,1
E-commerce,85427.45870870401,2,2,0.191144948123209,31.0,0
Finance,48745.49739005382,2,1,0.1554969401426172,12.0,0
E-commerce,109939.3730514504,4,2,0.4669088008179483,17.0,0
Manufacturing,44752.71413962931,11,10,0.2190741049736866,25.0,1
Healthcare,31996.41949243432,8,6,0.2870971610670014,16.0,1
Finance,164299.3063965064,4,4,0.2881666155099717,23.0,1
E-commerce,69552.61494272141,4,2,0.3421095374454495,32.0,1
Healthcare,18203.762164532272,3,4,0.4657970133675351,9.0,0
E-commerce,106018.55529620976,4,1,0.2862396118563842,8.0,1
Finance,37830.86019126427,10,9,0.3098414687007841,28.0,1
Finance,60432.05240952639,4,3,0.1842462105434268,29.0,1
Manufacturing,13898.94658024729,0,0,0.7117842538098197,23.0,0
SaaS,55645.09232549659,1,0,0.1433399788540832,15.0,0
E-commerce,10280.569458104768,1,0,0.5537559325144825,48.0,0
Healthcare,52122.76239430608,7,2,0.2784106739535048,25.0,1
SaaS,158962.02103517813,1,3,0.2246722074530378,15.0,1
SaaS,14255.459637347763,0,0,0.6469563698718735,47.0,0
SaaS,60306.45178235985,2,2,0.2300888265491289,18.0,0
SaaS,211830.44553765387,2,2,0.1341946576047121,3.0,1
SaaS,70417.4013327961,9,5,0.4175679178154043,30.0,1
Healthcare,50140.66434330894,3,5,0.2290568861491332,27.0,1
Healthcare,148119.82091244013,2,3,0.2711313911550858,3.0,1
E-commerce,12578.008569869504,3,0,0.6366838309874614,48.0,0
Finance,57322.38982167803,1,1,0.1977827828986768,29.0,0
SaaS,188296.00810303667,3,4,0.3666789566065003,4.0,1
Finance,42732.70610642227,5,3,0.2999953202437985,16.0,1
SaaS,68150.47989833096,0,0,0.087671802889329,24.0,0
SaaS,18558.45943713655,3,0,0.6031433684473892,48.0,0
Finance,251432.943291404,0,0,0.2476132019364561,7.0,0
Finance,36135.81543057374,1,4,0.3958652325213598,21.0,0
Finance,79727.48845189247,4,1,0.2271981361237026,15.0,0
SaaS,11139.29416544631,2,1,0.8268005732513325,76.0,0
E-commerce,58617.32695120112,0,0,0.1910954491662446,4.0,0
Finance,61464.60181293899,4,0,0.1424311454855417,35.0,0
SaaS,66687.77751291874,2,2,0.2835271940231726,31.0,0
Healthcare,56076.479899023725,5,4,0.4644336456415736,14.0,0
SaaS,29164.92197935187,0,0,0.4139640117966705,22.0,0
Manufacturing,27252.56883547326,7,4,0.2764787473421348,18.0,1
Healthcare,25765.32628667313,0,0,0.0526278824252665,9.0,0
SaaS,17186.380592581238,4,5,0.2012454235057633,28.0,1
Finance,45625.177963501774,4,0,0.4819507306266231,16.0,1
Finance,133780.60455031143,10,10,0.4206266557864949,51.0,1
Healthcare,282688.78198982973,1,1,0.0373556031012762,17.0,0
Finance,56711.25261676905,10,8,0.3468559447921597,33.0,1
SaaS,253807.4877197049,6,4,0.2370642739700822,38.0,1
Healthcare,36559.90686053573,2,2,0.0446430313497095,10.0,0
SaaS,18467.69893434462,3,1,0.8079973673046559,35.0,0
Finance,19415.70439379759,0,0,0.4317355314331825,39.0,0
Healthcare,91465.8236629538,6,3,0.3887178195521858,22.0,1
SaaS,10924.528322480452,0,1,0.7974092236677017,50.0,0
Manufacturing,66180.78215772827,3,1,0.3569437743777222,16.0,1
Finance,21420.896397428307,2,0,0.63755425098048,52.0,0
E-commerce,49756.47275601027,6,6,0.3044187825770083,35.0,1
SaaS,215274.21686834004,2,4,0.3016193649227889,7.0,1
SaaS,68171.48694874713,6,10,0.1656440111662283,25.0,1
SaaS,23110.951772835066,9,10,0.2835271940231726,44.0,1
Finance,245469.74690629225,1,5,0.1657709609228713,16.0,1
Finance,112192.40488797876,6,5,0.2824739689725171,29.0,1
SaaS,14886.183333075576,2,0,0.5466315899293142,92.0,1
Healthcare,31271.707889574787,3,0,0.8938060175491571,61.0,0
Manufacturing,31413.98550445105,1,1,0.4618993496081871,25.0,0
Healthcare,180683.04020080203,3,3,0.3160120712413864,3.0,1
Finance,71042.30061071737,4,0,0.1848066524358501,13.0,0
SaaS,222187.12531818743,0,0,0.1184057343214694,6.0,0
Healthcare,179621.95638272216,2,1,0.0871404930409099,25.0,0
SaaS,56509.346501149725,2,1,0.3445480896963198,21.0,0
SaaS,39367.35772292626,10,6,0.6096148361626896,28.0,1
Manufacturing,39043.02017364809,2,1,0.2102916715432377,11.0,0
E-commerce,26438.86385578809,7,3,0.3993737643336582,27.0,1
SaaS,35287.73151556196,3,2,0.2835271940231726,14.0,0
SaaS,14241.587620650103,2,1,0.1349448398524866,22.0,0
Manufacturing,208848.33991428808,0,0,0.3353765949031543,10.0,0
Healthcare,43849.429349491744,7,3,0.2091265326096747,12.0,1
Finance,29490.242483273956,0,0,0.6179771562420455,28.0,0
Healthcare,402640.97969406185,0,0,0.1844326071470837,19.0,0
Finance,134158.9814603917,3,3,0.2835271940231726,27.0,0
SaaS,43235.19571643749,2,3,0.404278350072194,19.0,0
SaaS,11656.909637694636,3,3,0.1972505725320348,15.0,0
SaaS,43357.101289130005,8,3,0.5040950580402257,29.0,1
Finance,20445.735150568496,1,0,0.4376986372770184,50.0,0
SaaS,9322.82425141845,1,0,0.5694871021497736,42.0,0
Healthcare,277253.2248834638,1,2,0.3772962883528305,6.0,1
SaaS,110535.44898681474,6,1,0.2162567452862828,10.0,0
SaaS,25380.206557294663,2,2,0.0330433614771058,20.0,0
Healthcare,13245.597559541013,0,0,0.7347725590508916,16.0,0
Finance,48245.256912395416,2,0,0.1823334715114126,15.0,0
Finance,17388.074981730177,3,1,0.2212854703971422,45.0,0
E-commerce,44463.035143480345,1,3,0.2944170545363928,11.0,0
Manufacturing,33943.45747961065,4,1,0.3684584079063528,18.0,0
SaaS,189477.60426292624,4,1,0.2287057271180506,19.0,1
Finance,58643.63876527639,5,3,0.2805686218495127,24.0,1
Healthcare,16070.271765366177,1,1,0.7160894376518316,33.0,0
SaaS,218116.30713495708,3,1,0.4896260578155548,8.0,0
E-commerce,252732.3738635444,3,4,0.1807294093608921,4.0,1
Finance,43817.53404829064,4,3,0.3368201235372721,17.0,0
Finance,16850.83434694785,3,2,0.1418008844730656,11.0,0
SaaS,37747.19773605635,3,1,0.5646671557377396,11.0,0
Healthcare,316574.02982192306,0,0,0.1611576281678884,7.0,0
Healthcare,20135.540105884797,2,1,0.2202982545084207,8.0,0
Finance,27504.5594015275,10,4,0.2735930078464268,18.0,1
SaaS,103388.62186180368,6,3,0.2318766343959148,9.0,1
E-commerce,27190.87680529978,0,0,0.049666821781566,17.0,0
Manufacturing,42581.51581200984,0,0,0.0182614600665773,11.0,0
SaaS,299968.0223677945,1,1,0.317988521449572,14.0,1
SaaS,152315.43379575826,2,3,0.4806413804330121,3.0,1
Finance,89589.17664665489,7,9,0.4558866801109056,13.0,1
SaaS,47967.63456828627,6,5,0.292167435642538,14.0,1
Healthcare,222849.02116934344,3,5,0.2228250598698967,6.0,1
SaaS,99741.02540123044,3,0,0.4959352373334106,20.0,0
Healthcare,64716.44089750509,4,1,0.3126067109276264,20.0,0
Finance,20716.79942596741,3,0,0.5113070111597842,35.0,0
Finance,73724.13777594983,4,3,0.2635532661135804,29.0,1
Healthcare,596951.1798666465,0,0,0.1355905288565826,2.0,0
Finance,102336.78559159867,2,2,0.2896997295726366,19.0,0
Finance,75837.10814850018,5,0,0.2555131182448157,8.0,0
Manufacturing,177410.89655931585,1,2,0.2170432223914145,0.0,0
Healthcare,48480.70828579959,4,3,0.1372490106807648,33.0,1
SaaS,32365.039209738487,2,2,0.2835271940231726,31.0,0
E-commerce,131407.68970670938,0,0,0.1178953189926735,8.0,0
Manufacturing,36948.39485006832,6,1,0.3123223486982253,20.0,0
SaaS,21149.751118041488,2,0,0.6579646912843555,84.0,1
E-commerce,87119.8172442558,2,0,0.3778647559432262,19.0,0
Healthcare,229051.45280527708,0,0,0.3001713480327922,4.0,0
Healthcare,20561.39167589055,2,0,0.7645414297475758,69.0,0
Healthcare,266897.8748307673,1,0,0.2848735358458352,17.0,0
SaaS,12001.98671612525,1,0,0.5389854829715239,63.0,0
SaaS,96174.91532297948,20,8,0.6558525398755669,26.0,1
Healthcare,13851.798477309329,0,0,0.9193938186960428,19.0,0
Finance,78799.89294042136,7,3,0.2654582120581397,20.0,1
SaaS,25278.63309959343,2,1,0.1425752085853671,20.0,0
Finance,92077.42970173228,2,1,0.4854095475588047,20.0,0
SaaS,101697.07466049708,4,1,0.1735149081840871,49.0,0
SaaS,11394.69314011092,3,0,0.6014793096014743,37.0,0
SaaS,18731.118688310733,2,1,0.0574125853653932,16.0,0
E-commerce,77794.10362291605,2,2,0.4443307853737204,18.0,0
E-commerce,386951.3235249925,1,1,0.2652449903733492,6.0,1
SaaS,112050.87587661594,3,4,0.4590169299208873,14.0,0
SaaS,56021.79652494097,20,15,0.8229350200501471,43.0,1
SaaS,209314.58633396737,0,0,0.2337580619612457,19.0,0
Finance,301241.3826428016,2,3,0.2516746857225128,6.0,1
Finance,140282.72444355453,3,3,0.2185041701925217,5.0,1
Healthcare,20861.75799965817,5,4,0.1856926775313749,33.0,1
Healthcare,209011.91959096925,5,7,0.2518043054796819,29.0,1
SaaS,88665.45489721795,2,1,0.1451712926402386,15.0,0
E-commerce,51007.33459888515,3,3,0.3385166853584513,14.0,0
Finance,57066.09290526797,6,4,0.3369878620099321,24.0,1
Finance,88260.91749160552,7,4,0.3465482099254474,16.0,1
Manufacturing,61300.2661556326,3,1,0.2471746596193264,13.0,0
Finance,31004.648912528355,6,3,0.2043988283887022,24.0,1
SaaS,129482.74992433676,7,6,0.2589484158972912,16.0,1
SaaS,15979.589482886551,0,0,0.2146347517118591,9.0,0
SaaS,38438.625327313166,2,1,0.1506277868900786,11.0,0
Finance,43320.08626357732,3,0,0.3417856523050108,12.0,0
Finance,78788.85884981646,1,3,0.1095596168868559,9.0,1
Finance,183601.57424171537,4,7,0.1442266518058425,2.0,1
SaaS,33190.580868042874,12,4,0.2890372507731138,22.0,1
SaaS,24327.5789420296,1,0,0.5250425998135053,29.0,0
Finance,59650.49884384811,6,0,0.2365021574582435,5.0,0
SaaS,66320.07966904764,3,0,0.1961485182672545,20.0,0
E-commerce,112862.69044922676,1,3,0.1229122967334897,1.0,1
Finance,160702.77719592745,2,3,0.467762818250401,20.0,1
SaaS,331461.9484509791,1,0,0.0754219352058536,18.0,0
SaaS,9589.835316451368,3,1,0.5818687585946316,34.0,0
Healthcare,45564.64741820391,4,1,0.2735525842004785,5.0,0
Healthcare,134503.4151474397,4,3,0.3490017906060862,18.0,1
SaaS,159317.64051870842,12,7,0.5511971929014843,21.0,1
E-commerce,56621.31278470689,6,2,0.4677382059827653,6.0,0
E-commerce,134659.78673386996,3,1,0.1792963453423933,12.0,0
SaaS,28747.995367163505,6,4,0.1708007368183142,23.0,1
SaaS,30747.81906835756,4,1,0.3383289597140372,20.0,1
Healthcare,35840.938737470875,11,5,0.6159418510733735,16.0,1
SaaS,296331.0061222061,3,3,0.6103641412014652,1.0,1
SaaS,160607.11520380876,1,3,0.2882292293469012,2.0,1
Finance,201539.81059812623,1,0,0.2835271940231726,1.0,0
SaaS,169628.181440637,6,10,0.5497914557292266,5.0,1
SaaS,37821.625225956726,7,1,0.3951368450872313,15.0,0
Healthcare,19682.300723168028,1,0,0.7809215441595112,28.0,0
Manufacturing,17226.855250241653,0,0,0.1544033480326724,16.0,0
Finance,61515.70589313559,0,0,0.0642602578273848,7.0,0
Healthcare,17859.733639334474,4,2,0.2080790756750627,11.0,0
Finance,32955.778821948654,11,15,0.3441335050446368,51.0,1
E-commerce,9420.636915688596,3,0,0.7511295890371172,55.0,0
SaaS,74810.89962328474,4,3,0.1571770164263706,32.0,1
Healthcare,110327.30564376454,4,6,0.217957416876121,9.0,1
SaaS,18374.23340801728,6,1,0.243446231041549,18.0,0
Healthcare,29563.299479952417,1,0,0.2693058364356182,20.0,0
E-commerce,34107.904684133086,8,6,0.3379464584660932,22.0,1
SaaS,41133.69275623826,2,2,0.2541977697672543,6.0,0
Healthcare,74869.44437358422,7,2,0.2903429781498798,18.0,1
Manufacturing,95952.84789144927,2,5,0.5224741594384492,9.0,1
Healthcare,106902.73263413452,1,2,0.545369740950579,10.0,1
Finance,31788.368743481835,2,0,0.2794258914154003,17.0,0
SaaS,42638.48273134022,3,2,0.2801211230122187,20.0,0
Manufacturing,81600.04253266111,5,3,0.1980271358114566,25.0,1
Healthcare,385267.1132001153,2,1,0.1478973209770905,6.0,0
Finance,47402.56773484814,1,0,0.119264758979825,30.0,0
Healthcare,53036.82241114745,2,3,0.2768462886284103,10.0,0
SaaS,45754.1829954006,4,1,0.2642131914568197,16.0,0
Finance,95207.26217210804,9,8,0.2173625478980946,28.0,1
SaaS,82614.15121884384,5,4,0.2703891067649153,28.0,1
Manufacturing,17851.032666372816,2,0,0.4044839431692029,33.0,0
SaaS,42012.42585404631,7,4,0.220543721781184,35.0,1
Healthcare,205342.5461611215,2,2,0.2110881128476048,7.0,1
Healthcare,231604.6415590447,1,1,0.1456002486373011,4.0,1
Finance,79549.74255394617,3,2,0.3314496853624197,24.0,0
E-commerce,43550.554596890885,9,8,0.3061257288298984,25.0,1
Healthcare,46978.58284506924,3,6,0.4561481926904178,12.0,1
Healthcare,76784.14416514878,5,2,0.2119607832354378,19.0,0
SaaS,33322.81475961925,5,1,0.1774306909286555,5.0,0
Healthcare,29734.3734821199,0,0,0.7152338711670025,134.0,1
SaaS,31976.56127609562,2,1,0.3455435904368473,14.0,0
Finance,315210.96004581265,4,7,0.2296349547390265,9.0,1
E-commerce,38723.954916300674,2,1,0.2161255950800694,12.0,0
Manufacturing,10373.911435399572,2,0,0.5247763503720341,19.0,0
SaaS,64897.66076900724,5,4,0.1951930262504722,28.0,1
Manufacturing,13054.426256072478,3,4,0.456005500634824,16.0,0
Finance,589211.3221653285,0,0,0.169391903305177,7.0,0
SaaS,38903.39854831313,0,1,0.3984853971107142,4.0,0
SaaS,200467.0578887131,3,3,0.0364331019321821,5.0,1
SaaS,16181.71713716888,1,0,0.7451624231867023,30.0,0
Healthcare,327884.6479787162,2,2,0.1563566668012738,13.0,1
Healthcare,133118.54275100536,0,0,0.3672142218419775,17.0,0
Finance,44488.26518326206,7,2,0.3594392308353143,13.0,1
Healthcare,35809.55016574994,4,4,0.2835271940231726,9.0,1
Finance,44121.52106281618,4,3,0.2665332675979918,31.0,1
SaaS,82108.13360536762,1,0,0.2189354454521152,12.0,0
Finance,127925.12727250236,6,3,0.2835271940231726,24.0,1
Finance,73112.59330681921,6,4,0.3305402887774216,13.0,1
SaaS,17039.241247337897,4,3,0.6056050647800388,10.0,0
SaaS,50268.6272508343,1,3,0.1211201101024772,30.0,1
E-commerce,171893.96370532142,6,12,0.3837238575902895,11.0,1
SaaS,18149.017606981222,3,1,0.0741522099732853,36.0,0
Healthcare,47991.78469819444,11,6,0.420268787716076,27.0,1
E-commerce,17340.84886047032,3,0,0.7472232781943101,41.0,0
SaaS,161965.56253217632,2,2,0.1617775671012243,24.0,1
Finance,293743.6616214496,2,2,0.0687532288548318,5.0,1
SaaS,18373.99885260705,1,0,0.3298812587012593,36.0,0
Manufacturing,343453.8139866154,0,0,0.0904491521468701,7.0,0
Healthcare,86905.02756086929,6,5,0.1882057584549322,25.0,1
Healthcare,47229.27309338513,5,9,0.2180154895142625,54.0,1
Finance,87438.23201280498,8,5,0.3221566233694649,24.0,1
Finance,191254.4368745316,0,0,0.2922771970674127,4.0,0
Healthcare,86977.84326953987,3,5,0.2029364504529013,20.0,1
SaaS,49401.81563464854,5,3,0.1811070208884562,16.0,1
Finance,156125.99330209848,0,0,0.1665270784576052,3.0,0
Manufacturing,53215.72751730746,2,0,0.1183348233105542,15.0,0
E-commerce,105756.28242548287,3,7,0.2468211275755278,5.0,1
SaaS,212266.3739419871,4,8,0.4540972217613567,8.0,1
E-commerce,52916.92616321938,1,5,0.4365559117479246,7.0,0
Finance,118132.78439919103,6,2,0.2281376530583264,21.0,1
SaaS,153544.55307622527,3,4,0.3779997174295996,5.0,1
SaaS,194057.67102980064,2,3,0.1545835806919853,9.0,1
E-commerce,14781.800979581843,4,0,0.3255640944417798,47.0,0
E-commerce,10721.96044107129,1,0,0.6582152064790563,21.0,0
Healthcare,15462.843120525707,1,0,0.8854833459168079,50.0,0
Manufacturing,46743.9666088838,5,2,0.312755560252797,4.0,0
Finance,83787.11272632956,3,2,0.140063498006477,26.0,0
E-commerce,42267.94877719855,3,2,0.1342418228238373,10.0,0
Manufacturing,43291.57426437724,3,1,0.2046969672483467,10.0,0
Finance,210254.00374513312,1,0,0.0595110643961139,14.0,0
SaaS,251115.8169360015,2,1,0.4355758101909273,16.0,0
Finance,872795.3540366333,1,1,0.1147339494301902,15.0,1
Healthcare,113812.1242565277,4,1,0.3307249982867772,14.0,1
SaaS,263191.9843328039,0,0,0.1633145799353434,12.0,0
SaaS,224682.74438322536,0,0,0.1553287162356655,5.0,0
Manufacturing,192609.2814388513,1,1,0.2253133833298787,19.0,0
SaaS,61884.960137892325,12,8,0.2195709047681271,35.0,1
SaaS,63150.26698659124,5,2,0.1424483999521773,21.0,0
E-commerce,35565.017574513025,4,2,0.1736046222504668,21.0,0
Manufacturing,16540.49894449289,2,2,0.1714999884233229,11.0,0
Finance,30883.399844341864,0,4,0.4269231424251341,15.0,0
Manufacturing,42635.65932442878,4,2,0.2350381684241734,20.0,0
Finance,20451.62875050681,6,0,0.5311916391406789,47.0,0
E-commerce,119778.98851192067,1,2,0.2087672116239861,6.0,1
Healthcare,278561.729150407,2,2,0.4110241226815843,4.0,1
Finance,229615.331010341,2,4,0.1828383593091102,13.0,1
Healthcare,226623.1213735837,3,8,0.3636766103677191,5.0,1
SaaS,15378.85113981049,1,0,0.6187423426787325,65.0,0
Healthcare,18033.088405227736,3,0,0.3965859669751811,62.0,0
Finance,66841.0961705195,8,5,0.3573021352800811,20.0,1
SaaS,76497.90409578933,7,3,0.3667105704877076,19.0,1
Manufacturing,42908.51822956237,10,8,0.4320524115976223,19.0,1
Healthcare,43380.98746538625,2,1,0.2774923071501904,19.0,0
Finance,90707.0147347276,1,1,0.2404445820130047,24.0,0
Healthcare,21853.618860097868,3,0,0.6684085457126191,63.0,0
Finance,166057.51266968553,2,2,0.2587024555658699,4.0,1
E-commerce,167770.4707650364,0,0,0.1624231797009735,2.0,0
E-commerce,21777.950367390826,3,1,0.1748160576848262,7.0,0
SaaS,33912.67623534663,7,9,0.2835271940231726,31.0,1
Healthcare,247787.3309328759,1,2,0.1880192080552855,14.0,1
E-commerce,168431.51005614924,2,4,0.2585664101103489,2.0,1
SaaS,78856.58688571738,4,1,0.6284086907909905,12.0,0
E-commerce,260017.55740916004,1,7,0.1153113753107008,7.0,1
SaaS,62506.4190514966,1,2,0.3011304368025709,8.0,0
E-commerce,376359.7427803721,1,3,0.2693930147591243,9.0,1
SaaS,9274.133387054795,5,3,0.3870584623706354,30.0,0
Healthcare,19891.31436508785,1,0,0.6754574345109361,48.0,0
Manufacturing,21638.56515592677,1,4,0.3186237625623443,11.0,0
SaaS,490806.6269027678,1,1,0.1671333402281156,6.0,1
SaaS,98693.23225996146,0,2,0.4158032819746362,21.0,0
Finance,78456.98053856594,10,9,0.4254863690497457,42.0,1
SaaS,22865.928143295478,2,1,0.6423284655509086,51.0,0
SaaS,39453.876806404674,5,1,0.393692090453357,6.0,0
Finance,33678.77580972266,7,2,0.3344980649026451,14.0,1
Finance,71845.38722633115,9,3,0.3382595167295607,31.0,1
SaaS,20033.69771188383,2,3,0.1841624427353816,30.0,0
E-commerce,40192.2448795058,3,1,0.2425178640914617,11.0,0
SaaS,29409.104548937816,1,0,0.2835271940231726,12.0,0
Finance,258993.57952702232,3,2,0.5328601497515879,12.0,1
SaaS,40255.14677234119,3,2,0.1053660028858146,8.0,0
Finance,47900.12794695581,1,1,0.0526024588956057,14.0,0
Healthcare,84040.37231848783,2,0,0.2835271940231726,17.0,0
Finance,64239.81108064643,6,1,0.4339955322852482,37.0,1
Finance,55362.06544862851,9,8,0.7367762054018201,24.0,1
Finance,20916.46920583634,4,3,0.2046499011378832,14.0,1
Healthcare,91649.2881572988,5,2,0.2707519873574022,14.0,0
Finance,28413.50957393673,4,4,0.2575963496200942,38.0,1
Healthcare,84352.62127383603,9,2,0.400871160426645,18.0,1
SaaS,59699.08958556192,0,0,0.1456000616917072,16.0,0
SaaS,41114.205258315975,5,5,0.1526304971557994,34.0,1
Healthcare,27829.744874246047,2,4,0.1896305390684723,21.0,0
E-commerce,51742.20142645863,2,1,0.1365634576020127,34.0,0
Finance,17884.174252563225,0,0,0.2835271940231726,17.0,0
SaaS,201040.3219072137,2,5,0.3041770136575489,4.0,1
Finance,87017.15120423448,3,0,0.2790854338602332,39.0,0
Finance,73269.0898609104,2,3,0.1535123118259634,18.0,1
SaaS,14909.909567901954,1,0,0.5316524039829892,21.0,0
SaaS,69243.15701832958,1,1,0.2064564738398873,5.0,0
E-commerce,17780.8399146487,3,4,0.2372558705919364,32.0,1
SaaS,47654.77375381273,2,0,0.2026421416065789,12.0,0
Manufacturing,24637.59022912997,6,0,0.1747958968438075,19.0,0
Finance,50349.695440268864,4,4,0.1668221258156349,22.0,1
Finance,14267.509777387211,5,1,0.2175348052325739,20.0,0
Finance,15138.654929213228,0,0,0.7508883685868538,19.0,0
Finance,270824.0363448037,1,2,0.3695886198763362,5.0,1
SaaS,41550.76873975999,3,1,0.4518932982679414,34.0,0
SaaS,132611.8447241841,0,0,0.3818815503422505,9.0,0
Finance,67617.64470017477,3,0,0.1698060845221118,7.0,0
Manufacturing,134528.3789760807,10,5,0.4698905083087331,26.0,1
E-commerce,71873.9401415839,6,1,0.3161790820698499,13.0,0
Healthcare,213313.14940896028,4,3,0.199770466910868,14.0,1
Finance,231755.5252442256,1,4,0.0966621205271576,8.0,1
Finance,89550.87342988538,3,3,0.0903891586347227,17.0,0
Finance,261655.7341511712,2,5,0.2598130661745727,2.0,1
Finance,181334.5790591655,7,10,0.4617870434562672,3.0,1
SaaS,88194.33003870664,3,1,0.2762697420018384,18.0,0
Finance,145713.97515693607,0,0,0.0637203820502618,7.0,0
Healthcare,148073.03895083608,3,5,0.0319740002060636,36.0,1
Manufacturing,48980.08511844405,2,0,0.2012521717762252,19.0,0
SaaS,107433.2581511902,1,1,0.2126740441377121,8.0,0
Manufacturing,234963.47838527232,2,2,0.1750350525922539,21.0,1
Finance,31999.10838319003,2,1,0.1281927614751518,10.0,0
Healthcare,41763.6196326166,6,7,0.2396933690317997,22.0,1
SaaS,61757.28927632705,5,3,0.2974271505425966,23.0,0
Finance,27844.692668943324,3,1,0.2167668868351337,34.0,0
Finance,35695.6262049529,4,2,0.2813041054443131,16.0,0
SaaS,25458.413128615688,2,3,0.2607116904568974,18.0,1
SaaS,18534.571822150352,1,0,0.5566066804323477,53.0,0
Healthcare,111033.88580179392,7,2,0.3943088682653022,17.0,1
SaaS,53652.39458533092,10,2,0.3171535594239105,13.0,1
Healthcare,112671.34164495682,4,2,0.2602409641164511,18.0,1
Finance,97666.66986569727,1,2,0.1289319346068077,16.0,0
Healthcare,54290.24049876643,3,3,0.1288820688729371,15.0,0
Finance,259377.15593167293,1,2,0.1495317600106415,10.0,1
Finance,135096.81661111483,3,2,0.2179811158997599,17.0,1
Manufacturing,21980.93924462757,8,8,0.361669320362747,29.0,1
SaaS,59585.491572192026,3,3,0.1250171603333466,26.0,1
SaaS,199995.80242228103,2,5,0.0883406811247147,16.0,1
Healthcare,27019.974140573435,3,0,0.1111686563723051,17.0,0
Healthcare,95282.4628804672,4,0,0.1433030480041142,17.0,0
Finance,100823.04610846745,5,4,0.4361456909047483,24.0,1
Finance,336773.8036013604,1,2,0.280564693644843,5.0,1
Finance,30214.098991509432,6,1,0.4974105456713456,21.0,0
E-commerce,80256.24355326392,2,6,0.1754009418411493,1.0,1
SaaS,59302.99513238596,1,1,0.0984807448886739,16.0,0
SaaS,66108.97707705597,4,3,0.2112237213375424,21.0,1
SaaS,306912.7181141629,2,2,0.2610817976079224,6.0,1
Manufacturing,20823.6727974958,4,1,0.2373512270195637,10.0,0
Finance,29799.08145449277,0,0,0.0547318679334416,10.0,0
Healthcare,129069.9607429939,3,5,0.1905974939748663,32.0,0
Healthcare,53615.26034938349,4,1,0.2449977499295437,10.0,0
E-commerce,101345.33352651,5,2,0.3370413789793233,17.0,0
Manufacturing,37240.23717191839,6,5,0.1554882556521656,17.0,1
Finance,21714.379110835293,3,1,0.5689941591427714,58.0,0
E-commerce,7840.207846322396,5,0,0.531073356232755,52.0,0
E-commerce,37642.16333574441,3,2,0.3626297151398975,13.0,0
Finance,212315.97460400857,2,5,0.3859842316708047,16.0,1
Healthcare,58675.21694959256,5,0,0.1920810274329384,33.0,0
Healthcare,14886.336317928815,0,0,0.4741863781846741,16.0,0
Manufacturing,59285.05271011341,4,4,0.4126067953045157,29.0,0
Finance,33001.841597592895,1,1,0.1159877196479018,17.0,0
E-commerce,79579.45174876117,0,2,0.5219671248032918,7.0,0
Healthcare,105127.5987446944,11,7,0.3438991359821349,18.0,1
SaaS,66322.10336162694,0,0,0.1091527235231138,9.0,0
Healthcare,130679.47452820084,2,1,0.0896781668719208,14.0,0
SaaS,363313.0081267774,3,3,0.4441984330178253,12.0,1
E-commerce,54130.4913199306,2,3,0.3677255063891463,8.0,0
E-commerce,71473.14110053921,3,1,0.3514810431370017,17.0,0
E-commerce,73733.20198342447,3,3,0.4109872494039199,17.0,0
Finance,62057.88713229688,3,7,0.3683372972540874,20.0,0
SaaS,411290.3301720083,0,0,0.3033618553446879,6.0,0
Finance,236919.0219557197,0,0,0.0928221806943153,2.0,0
Healthcare,43487.9866754534,5,4,0.2983912349614565,17.0,1
SaaS,10165.665724969776,2,1,0.1002266428470967,31.0,0
Healthcare,74227.85548770815,6,6,0.4017683096497744,26.0,1
SaaS,27200.98996824132,10,12,0.2023052099204012,41.0,1
Manufacturing,9140.005428525195,2,0,0.4816772084746447,50.0,0
Finance,296984.59931403573,1,0,0.2576107406220819,17.0,0
SaaS,77368.68769470151,3,1,0.163487783157069,33.0,0
Healthcare,16267.487742656953,2,0,0.403880072822138,46.0,0
Finance,17084.971372200835,2,0,0.2835271940231726,25.0,0
Finance,189589.0477070488,3,2,0.0979435885923985,9.0,0
Manufacturing,99438.1777605236,3,0,0.2835271940231726,15.0,0
E-commerce,7639.941427940671,1,0,0.7656720097193542,35.0,0
Manufacturing,32931.56011200477,10,8,0.4610876609797505,20.0,1
Manufacturing,69213.12524959623,7,2,0.2835271940231726,15.0,1
Finance,161473.8045998851,2,3,0.3251200993610212,5.0,1
Healthcare,47236.29447825375,3,1,0.2835271940231726,23.0,0
SaaS,45781.03549707205,1,2,0.3686502971376342,14.0,0
SaaS,54327.79158715512,6,4,0.4685070825356824,17.0,1
Healthcare,29344.60376911766,7,5,0.2879238111139672,27.0,1
Healthcare,41890.03755746316,7,1,0.5359918925710282,10.0,1
SaaS,10454.995097055988,0,0,0.6501596682708747,33.0,0
SaaS,12171.305750464882,0,0,0.5531192801068863,61.0,0
Finance,194979.1491736377,5,8,0.7324350723416632,3.0,1
SaaS,40740.0825425205,7,3,0.2835271940231726,29.0,1
SaaS,331064.2637864426,1,2,0.1574705275934128,7.0,1
SaaS,34767.56596642373,3,2,0.3509436526266613,17.0,0
Finance,542331.7787053016,0,0,0.1485276032732547,5.0,0
SaaS,61733.501940975184,2,2,0.2835271940231726,17.0,0
Finance,322357.6578926372,1,4,0.3055041310416031,7.0,1
Healthcare,22738.17281756114,3,2,0.2922895988816365,11.0,1
E-commerce,10513.743692325288,2,0,0.8204409974757131,33.0,0
SaaS,8183.847386257074,2,0,0.5651566359391736,45.0,0
Healthcare,125778.091475223,13,13,0.4733474199025948,40.0,1
SaaS,29921.876201539653,4,3,0.2337657382150382,17.0,0
SaaS,10700.44721861072,2,0,0.6879805643190946,58.0,0
E-commerce,237368.66842881535,1,1,0.1506940934894489,7.0,0
SaaS,44436.85840294093,5,8,0.120457915559685,31.0,1
SaaS,29115.343717866363,3,7,0.1911251772527615,23.0,0
SaaS,40748.12083286064,4,0,0.2399756349538753,13.0,0
Finance,129025.76757935296,2,3,0.5589963386315928,17.0,0
Healthcare,14395.949971636344,2,0,0.8146783484030247,26.0,0
Healthcare,34629.93122892334,2,3,0.2253570667191169,5.0,0
SaaS,19691.515542607183,8,5,0.3057568571176907,38.0,1
SaaS,45358.33683031684,3,3,0.2135611500898986,20.0,0
Healthcare,184840.7205356072,1,2,0.2835271940231726,3.0,0
Finance,70357.72743041346,8,5,0.4941239824939106,16.0,1
SaaS,74543.21489147334,2,2,0.2279787706325754,17.0,1
Healthcare,59286.19689317884,4,0,0.406420721048447,5.0,0
SaaS,20324.998737010028,0,0,0.1073253895533398,9.0,0
Finance,29751.673490135145,2,2,0.4120070317333158,16.0,0
SaaS,17122.363636105354,4,3,0.2514473359734488,18.0,1
Manufacturing,48067.00571680643,3,0,0.1715335723625136,21.0,0
Finance,50902.42193999172,7,5,0.4211669395485865,21.0,1
SaaS,20296.3399692596,7,5,0.3289088557810571,22.0,1
Finance,297947.7230381617,0,0,0.2643167148434642,16.0,0
SaaS,15152.254238930023,4,0,0.7502483151957118,15.0,0
SaaS,46039.76192939799,1,0,0.1511730120322998,8.0,0
Healthcare,257605.49121399823,0,0,0.144765328543562,4.0,0
SaaS,99221.4240467019,0,3,0.3014887159644565,16.0,0
E-commerce,103866.95337214744,1,1,0.3589272701605079,18.0,0
Finance,57877.9202421799,4,3,0.1799338261825421,26.0,0
Finance,79138.25592695583,5,1,0.2835271940231726,7.0,0
E-commerce,64753.940790073626,12,8,0.4366428383524099,22.0,1
SaaS,102595.16197192729,2,2,0.1553227645511554,19.0,1
E-commerce,63996.93006769513,2,0,0.1550861293705938,30.0,0
SaaS,15054.204136357585,2,1,0.5607881139690276,35.0,0
E-commerce,30680.326472246063,3,2,0.454666531134981,13.0,0
Healthcare,15984.169781058974,3,0,0.7947077877701544,27.0,0
SaaS,70451.15055134178,1,2,0.2080957459403148,16.0,0
Manufacturing,81150.37539242202,3,3,0.415288529363704,16.0,0
SaaS,43306.64324903864,3,1,0.0942847860691374,9.0,0
Finance,59556.713154999896,3,1,0.4158174107500553,4.0,0
Healthcare,110290.5125628963,3,0,0.2405465282531412,23.0,0
Finance,74874.37395815023,4,2,0.2661829009604088,9.0,0
Finance,295571.52564429777,3,5,0.2962806514641807,7.0,1
Healthcare,95728.78624632908,2,4,0.3772662093754768,19.0,0
SaaS,16043.020722918362,10,5,0.463552701495581,18.0,1
SaaS,256073.58061591373,1,1,0.2429097074248512,15.0,0
Healthcare,139170.39517822923,9,5,0.4328998242798069,34.0,1
SaaS,10549.419961196369,5,0,0.7591288180376055,18.0,0
Finance,110702.69402353444,3,5,0.1288574217727653,32.0,1
Finance,21217.25054418182,1,1,0.4978397702421394,54.0,0
Finance,18701.99376749432,4,0,0.5785570770586296,33.0,0
SaaS,153392.51058083223,9,8,0.1881058540354933,27.0,1
Finance,321992.9957407056,0,0,0.1271094078096826,4.0,0
Healthcare,15803.869138659862,2,0,0.8984981462798493,38.0,0
Healthcare,136774.5019101965,0,3,0.2835271940231726,20.0,0
E-commerce,38612.42825412592,4,1,0.4016349498761932,39.0,0
Finance,98028.03760369107,5,4,0.324474310738912,21.0,1
SaaS,244839.86028365296,6,2,0.3027135885662663,20.0,1
SaaS,18263.32976303174,8,6,0.4107642138269605,38.0,1
E-commerce,67867.27060141893,8,5,0.2835271940231726,42.0,1
Manufacturing,16112.320588450477,2,0,0.8370988231586,27.0,0
Finance,358375.4190112446,1,2,0.1451825387187308,7.0,1
Finance,110880.65531729074,1,1,0.0401983471298858,15.0,0
E-commerce,51962.64484305122,11,7,0.50038123310066,32.0,1
SaaS,15643.70928678084,1,0,0.9143260164697248,31.0,0
SaaS,70238.4983751139,7,1,0.2867596499753403,15.0,0
SaaS,29340.866154614752,4,3,0.3866471297178317,18.0,0
SaaS,33551.81159477369,1,1,0.239242383420789,13.0,0
Manufacturing,30476.551891097944,6,3,0.2346146811583419,25.0,1
Manufacturing,172445.34317683487,0,0,0.1154199157842023,5.0,0
SaaS,18737.63455408625,0,0,0.0616687694759026,9.0,0
Healthcare,400905.9283080649,0,0,0.0719217885216285,9.0,0
E-commerce,43454.754417558834,1,0,0.1664773871859907,7.0,0
Finance,92852.98269565836,6,6,0.2153225923243156,33.0,1
Finance,112411.92496661164,0,2,0.3135426807979959,6.0,0
E-commerce,480335.7208627229,0,0,0.2123569886599624,5.0,0
Healthcare,177379.89695571447,10,7,0.361219056683454,36.0,1
Finance,15445.63752662124,0,0,0.1245003766169111,7.0,0
Finance,112251.3341540826,6,4,0.3271412029236399,18.0,1
E-commerce,58875.92939769013,2,0,0.1892099115184591,14.0,0
SaaS,229824.01779166507,2,3,0.3874777585967086,13.0,1
SaaS,87706.43545794349,6,4,0.3505175963798205,22.0,1
Finance,44014.00356557073,0,0,0.0616910879797095,21.0,0
E-commerce,28653.689504532056,1,2,0.162837791256302,12.0,0
E-commerce,16822.530181822214,2,1,0.6793255912119298,68.0,0
Healthcare,16160.905740551076,0,0,0.5298528373014467,19.0,0
Healthcare,44732.637805045146,12,8,0.4305872476701819,30.0,1
Finance,61779.05563291985,16,9,0.5386720676622151,31.0,1
Manufacturing,95701.19906399352,2,2,0.1068211516198815,5.0,1
SaaS,14995.685234342487,3,0,0.8836563677364132,17.0,0
Manufacturing,28942.41719766873,1,1,0.3264954848030049,5.0,0
Healthcare,210260.6974221016,1,0,0.2874426720175428,4.0,0
E-commerce,175927.27380087905,4,5,0.2325009606201773,19.0,1
E-commerce,35174.80861138319,5,0,0.2262022149867169,3.0,0
SaaS,29447.68211178265,10,2,0.3897266024958278,24.0,1
Manufacturing,94305.64090165432,1,2,0.2458079790100363,25.0,0
Healthcare,58943.68361862017,3,1,0.2901661060851109,14.0,0
Finance,275959.0823450038,0,0,0.0924248905110977,6.0,0
SaaS,15294.00408228928,5,3,0.2927968717474833,19.0,1
SaaS,273881.0139277946,6,6,0.4002597736992602,3.0,1
SaaS,23716.64929518168,4,1,0.2868811545607772,7.0,0
Finance,265995.7651245562,5,3,0.3212519613186509,16.0,1
SaaS,57220.04552645974,4,2,0.1650633711849164,28.0,0
Healthcare,65327.17810371501,1,0,0.1366210465295512,9.0,0
Healthcare,33369.6831420961,3,3,0.2727375791930173,31.0,0
SaaS,48536.606716958304,8,5,0.2504293174899153,18.0,1
SaaS,13436.350883752484,0,0,0.0118637316229575,20.0,0
Finance,22084.6305660838,4,2,0.3357915558446387,24.0,1
Healthcare,35030.48349863361,2,3,0.497460812362438,6.0,0
Healthcare,27089.5271325207,6,8,0.2450342141774591,36.0,1
Finance,567203.1488033594,2,4,0.3938838821119973,8.0,1
E-commerce,20631.612569887537,1,0,0.7694533906380048,55.0,0
Manufacturing,394936.2629765014,2,1,0.2712845388250474,0.0,1
Healthcare,17653.072802163766,0,0,0.7256379393347006,29.0,0
E-commerce,69198.8162621358,3,0,0.1690775765552852,31.0,0
E-commerce,47085.87042546265,2,1,0.081331292974432,15.0,0
E-commerce,33754.15445696025,13,10,0.5085910951628718,24.0,1
Finance,168326.2987588894,5,1,0.3123249197945771,11.0,1
Manufacturing,89095.63052047738,2,2,0.2192155410408416,19.0,0
Healthcare,24249.61961324105,6,0,0.2417385786309098,15.0,0
Healthcare,62731.29374735644,6,2,0.4459321371318122,17.0,0
Finance,32870.649974971246,10,7,0.4843674252041299,32.0,1
SaaS,20068.380662981323,6,2,0.2400067033887488,23.0,0
Finance,28890.05878579209,5,2,0.1090652027603163,20.0,0
Finance,46555.82431496312,4,3,0.2120133417694821,12.0,1
Healthcare,56636.424084685845,5,2,0.1776420280118708,13.0,1
E-commerce,13255.26726912932,5,0,0.5809660646631349,27.0,0
E-commerce,64075.36963728064,3,3,0.3793098676523825,37.0,0
Healthcare,92621.88504063888,5,3,0.2395116082901839,12.0,1
E-commerce,42235.65793285439,5,3,0.3944292052786514,14.0,0
E-commerce,22729.68110716112,4,1,0.1908719518392128,13.0,0
E-commerce,10250.723247242686,0,1,0.6968357309844689,25.0,0
Finance,52312.570608278285,1,4,0.2913281670211232,23.0,0
SaaS,56168.21242370585,9,6,0.3427776283619074,45.0,1
Manufacturing,74433.496022552,3,3,0.2880438258607671,6.0,0
SaaS,23206.86155863939,5,6,0.2889439455392086,15.0,1
Healthcare,19602.99233151594,0,0,0.5231194974246365,40.0,0
SaaS,8412.272679395328,3,0,0.8073849783093378,28.0,0
SaaS,52602.667903800015,7,2,0.335565600813298,13.0,1
SaaS,229600.35901691805,2,0,0.3119799540609714,8.0,0
Finance,43739.280937625335,3,2,0.2071537584489487,16.0,0
Healthcare,108128.6884698064,7,5,0.274363324369996,16.0,1
E-commerce,273503.3728043372,0,0,0.1922764418142163,3.0,0
E-commerce,186604.60890601127,9,9,0.3726365084520887,40.0,1
Finance,48888.1676072058,1,0,0.331580487515637,25.0,0
Manufacturing,282886.2453385126,5,5,0.3051373648953506,8.0,1
Healthcare,22233.43279074609,1,1,0.6505977039587699,85.0,0
SaaS,58421.79834937961,5,1,0.2884230780313182,7.0,0
E-commerce,37945.502071642055,9,3,0.1921978863686596,19.0,1
E-commerce,27758.226973436664,5,2,0.2369145120932684,17.0,0
Manufacturing,107883.67616496242,6,0,0.3558954942900434,18.0,0
Healthcare,54966.968720203935,8,5,0.3049533711197159,14.0,1
E-commerce,9575.134465965266,2,0,0.1559471809536579,4.0,0
Finance,19799.4051744851,5,2,0.4871327826085968,20.0,0
SaaS,158288.5262234316,2,1,0.2073368158664214,15.0,0
SaaS,6727.769794343482,2,1,0.754486571431648,73.0,0
SaaS,246154.153399795,6,4,0.5542855951203057,26.0,1
Healthcare,100918.071561282,0,0,0.0790616840605997,14.0,0
E-commerce,40354.95714644658,2,2,0.1600485504180419,14.0,0
Finance,56548.34499996819,8,4,0.2353694139356915,24.0,1
Finance,21357.92870178246,0,0,0.8052492275853016,55.0,0
SaaS,55482.930735416834,3,3,0.3689321963581299,16.0,1
SaaS,52798.85938713209,5,4,0.327909227312933,20.0,0
E-commerce,17292.530423917524,9,1,0.4233281547594177,21.0,1
Healthcare,240648.6603230424,1,3,0.3793827126815254,28.0,0
Finance,45248.86191223499,4,4,0.1188892400988933,24.0,1
E-commerce,87057.35095850073,16,6,0.4563514635835416,18.0,1
SaaS,28490.35012114284,7,3,0.2771987408480099,30.0,1
Finance,13870.070273842644,0,0,0.8225364213024382,54.0,0
SaaS,14806.075020613664,9,5,0.273532809892117,27.0,1
SaaS,78391.99710389561,5,3,0.1996431182771491,21.0,0
SaaS,77741.00688999445,3,0,0.2818830308568729,16.0,0
SaaS,14019.187402227662,0,0,0.5562599051832959,24.0,0
E-commerce,74478.05975281786,3,2,0.2078045971357269,26.0,0
E-commerce,330705.3972103322,1,0,0.2835271940231726,4.0,0
SaaS,56447.243475312105,4,1,0.3822327972287637,10.0,0
Finance,612552.5804550771,1,3,0.2239549241614071,13.0,1
E-commerce,76294.55857264156,3,0,0.1347901054420356,5.0,0
SaaS,44634.56273843971,7,4,0.2657334846291235,18.0,1
SaaS,31342.49946875892,1,2,0.3495110331939081,12.0,0
Healthcare,36129.603897729205,0,3,0.116763670149914,3.0,0
E-commerce,52153.81780783489,8,4,0.3634047356038737,31.0,1
SaaS,212272.2052911324,1,3,0.1009959745471158,5.0,1
Finance,99921.87861669944,2,0,0.1668228392635077,10.0,0
Healthcare,310987.51158401405,2,4,0.2707525149469058,10.0,1
E-commerce,255224.75560114172,2,3,0.2056175558788036,3.0,1
Finance,180886.03994376256,3,4,0.2741877995923029,3.0,1
Manufacturing,82161.8605315325,9,8,0.3409605852883495,22.0,1
SaaS,48089.31748354403,4,2,0.529005745439474,13.0,0
SaaS,51208.37512298221,8,9,0.2191116430082278,44.0,1
Healthcare,43873.52676147331,9,2,0.3832230764212481,28.0,1
Finance,229843.4111367288,6,11,0.3908486034202944,8.0,1
Manufacturing,33825.96718617235,1,3,0.0796035378813232,9.0,1
Healthcare,285594.8022190629,2,0,0.3703768114450751,9.0,0
E-commerce,17286.25839645322,0,0,0.1123851444479056,16.0,0
Healthcare,370366.61221652536,1,0,0.4867197479860924,11.0,0
Finance,14894.08016814356,1,0,0.6034167862826164,39.0,0
Finance,36488.278600653255,6,5,0.301099440378901,28.0,1
SaaS,134197.51636867158,4,2,0.1217445800758209,21.0,0
Manufacturing,25190.48350893445,4,1,0.2642017450728137,12.0,0
Healthcare,76862.36130697884,3,2,0.2519742175066778,20.0,0
Healthcare,217002.6285272071,2,3,0.2616333794437255,17.0,1
Healthcare,76540.61659788583,10,4,0.3696686833836097,28.0,1
SaaS,43661.41282658168,7,2,0.1191171977963607,24.0,1
Healthcare,350894.0019658987,0,0,0.3852600288616817,4.0,0
E-commerce,9806.948853639984,2,0,0.584798550095137,19.0,0
SaaS,464141.7281841132,2,2,0.3287686061050275,10.0,1
SaaS,35068.42089154268,2,1,0.3476866394518,5.0,0
Finance,13553.159999869938,1,0,0.5734743997504352,30.0,0
Manufacturing,16791.522989979843,7,3,0.2405444477607114,14.0,1
Finance,32778.888957182484,0,0,0.1196516797651305,9.0,0
Finance,260184.07946051555,2,1,0.1182547295425277,8.0,0
SaaS,26017.57632628313,9,5,0.3076703696320877,18.0,1
SaaS,51139.45332342311,1,1,0.1722423951344908,11.0,0
Healthcare,311081.8000652073,0,0,0.0203674353481593,14.0,0
Healthcare,54617.52362110165,6,1,0.2006603216588738,20.0,0
E-commerce,46300.40022514474,4,2,0.0974076389949378,8.0,0
Finance,95763.61179132576,5,2,0.2835271940231726,18.0,0
E-commerce,14397.598157465958,0,0,0.5079458067239012,42.0,0
SaaS,133340.27287376902,3,4,0.4136861407783638,6.0,1
Healthcare,56681.30092099479,4,3,0.7359037345940294,15.0,0
SaaS,114437.9092363702,0,0,0.1388206046655942,5.0,0
Healthcare,156663.60807577337,7,3,0.298565901774905,15.0,1
E-commerce,15363.17085462514,3,0,0.5414410602316911,59.0,0
SaaS,66205.6923414182,3,1,0.3015670308995963,14.0,0
Healthcare,470928.91483039566,7,8,0.5311647772683992,8.0,1
SaaS,53791.264124851165,0,0,0.0611763001911388,12.0,0
Manufacturing,47898.33215105388,4,4,0.164158849944725,19.0,1
Healthcare,526026.6396227296,1,2,0.2360935121276083,4.0,1
Manufacturing,11280.810405427736,0,0,0.8408640505069515,13.0,0
Healthcare,40945.27189698115,5,5,0.2238418767107072,28.0,1
Finance,331553.31643019395,4,7,0.3482996662535938,20.0,1
Finance,65767.18756551055,5,1,0.3893604583792687,29.0,0
Healthcare,17233.67324961656,2,0,0.6314937766007298,44.0,0
Finance,77937.49620718966,6,5,0.3164737661521475,29.0,1
Finance,73354.52785193743,0,0,0.0449901369039866,11.0,0
Manufacturing,32061.04555160645,1,0,0.0918707439837282,20.0,0
E-commerce,41605.63013586929,5,2,0.2659714041195605,18.0,0
SaaS,49746.45931123944,2,1,0.217085309756943,8.0,0
Finance,31380.201815219752,4,2,0.1225858547402458,18.0,0
Finance,40130.539834171,10,4,0.6034602676012705,36.0,1
Finance,514883.7491924645,3,4,0.0597827403358127,16.0,1
SaaS,375175.5789686531,1,0,0.1957241254008766,8.0,0
Manufacturing,91637.1083144788,12,12,0.388836436013063,40.0,1
Healthcare,39091.49112734746,3,1,0.5844771159399743,17.0,1
Finance,213108.73059684547,1,0,0.2251153449942735,3.0,0
SaaS,203425.41881342145,0,0,0.1565437762727138,8.0,0
Healthcare,91789.55518748614,1,0,0.2210083309092349,11.0,0
Healthcare,67012.55481165755,12,8,0.4766176211595789,22.0,1
SaaS,25161.448710868528,2,1,0.334572889554055,24.0,0
SaaS,38222.80018478375,5,2,0.2726530289937355,7.0,1
Finance,103730.63573966252,6,1,0.3071926476809496,10.0,1
Finance,46450.54076368075,2,1,0.0713148327614123,19.0,0
Manufacturing,33416.10777704604,2,4,0.2701239891719932,10.0,0
Finance,264382.7275502684,1,2,0.3414854230315859,12.0,1
Finance,82232.52454386937,3,2,0.4987591946585054,27.0,0
Finance,86975.28381440086,3,4,0.3904597155518923,7.0,0
Finance,63024.11601106551,3,6,0.3074705769311083,16.0,1
Healthcare,169927.2665454441,1,1,0.0884741075130296,11.0,0
E-commerce,47907.79815261171,16,9,0.5072008248210172,20.0,1
Healthcare,11788.10091099992,1,0,0.3391434129036788,40.0,0
Healthcare,131542.61929484815,0,0,0.0589824229348024,17.0,0
SaaS,29876.420680622647,10,5,0.3624355207891515,30.0,1
SaaS,48613.76715637301,14,7,0.3173998255284308,26.0,1
E-commerce,49543.05688214152,3,2,0.4833553424011739,34.0,0
E-commerce,96911.58201210496,10,6,0.4118778843622877,39.0,1
Finance,89690.08397430163,3,1,0.3607131220049155,28.0,0
E-commerce,64306.12319740312,3,1,0.1705352059898274,33.0,0
SaaS,32276.01512657527,3,0,0.1808277282378418,5.0,0
Manufacturing,517510.0056296057,4,6,0.5939177624042614,18.0,1
SaaS,72688.44380524656,3,3,0.2886731980043417,37.0,0
Manufacturing,54519.63597356739,4,2,0.2687438677596332,33.0,0
E-commerce,254759.477773583,1,0,0.2835271940231726,4.0,0
Finance,27635.084509228407,3,2,0.1098602268122561,6.0,0
SaaS,29684.80625308234,5,1,0.2633597957274786,29.0,0
Manufacturing,40482.11483864089,1,4,0.2555937479224711,4.0,0
E-commerce,61624.48589165483,3,3,0.2931032761433701,23.0,0
Finance,122290.63119839042,9,5,0.3838278526582054,28.0,1
SaaS,492135.8543409452,1,2,0.4493733249490604,3.0,1
Healthcare,212166.20145265688,4,6,0.3590418840941553,11.0,1
Finance,41782.18348227728,3,2,0.1779930784543242,22.0,0
Healthcare,69414.48056427999,4,1,0.3781054937743954,26.0,1
Finance,102412.28863237196,3,2,0.3067999020003814,7.0,0
E-commerce,156396.23257121223,1,0,0.179723398589048,16.0,0
Healthcare,40862.12786667198,7,6,0.2697755752832692,25.0,1
E-commerce,20760.707416342,3,0,0.1109026451990818,14.0,0
Finance,24158.620503549304,0,0,0.4769022255887356,58.0,0
Healthcare,166697.20493358056,3,3,0.3699322940151701,6.0,1
Finance,19545.356510454483,6,3,0.5094560839888286,43.0,0
Finance,29674.8271997554,3,1,0.268007326390658,10.0,0
Finance,57193.46824558742,8,3,0.2867876912810697,13.0,1
Finance,54997.31084327551,7,6,0.2446144189831443,14.0,1
SaaS,98948.9141365681,5,5,0.1498069225332236,14.0,1
Healthcare,62586.83551352303,1,0,0.1775844669848315,18.0,0
Healthcare,98067.03376241669,7,0,0.314608199506234,19.0,0
Healthcare,99619.60792586126,5,2,0.302863792163401,26.0,0
E-commerce,71737.56727834382,3,1,0.2296292366232545,10.0,0
Manufacturing,17957.399858179746,7,4,0.2963399179645672,21.0,1
SaaS,112070.80847156068,3,3,0.5169764396907683,11.0,1
Healthcare,33071.89113947834,0,0,0.1262036369626789,17.0,0
Finance,54557.100051814574,2,3,0.3937515990601731,9.0,0
Manufacturing,108427.53640735462,2,3,0.322271765521874,23.0,0
Finance,36374.65903074789,4,1,0.2390390050314378,7.0,0
Healthcare,64172.59495641048,3,2,0.1727040854557295,13.0,0
Healthcare,18004.50903639368,1,0,0.8780203205086238,35.0,0
Healthcare,106442.73732877005,1,4,0.159008105242001,18.0,1
Finance,14623.243236789423,1,1,0.78264888288341,19.0,0
E-commerce,181684.44404394843,2,5,0.2124182911172824,3.0,1
Finance,107201.8737477979,3,1,0.2604852509689271,5.0,0
SaaS,40734.82946565544,5,4,0.2425758790384532,25.0,1
Finance,69616.29984751508,8,4,0.3016808743199797,16.0,1
Finance,20244.13890073927,0,0,0.1194305862318788,15.0,0
Manufacturing,79161.37351714708,2,3,0.0811989085372207,15.0,1
Finance,363321.92515438993,5,5,0.3730250770296357,3.0,1
E-commerce,453357.88812466094,1,2,0.2128953302633985,6.0,1
SaaS,40888.01118884561,11,7,0.4390523670847484,36.0,1
Finance,15466.966854751954,3,0,0.6534244377829815,39.0,0
Manufacturing,73627.58770682052,2,3,0.2869241108912776,23.0,0
Finance,37777.72922828781,8,8,0.3683341173806735,29.0,1
E-commerce,138500.96368850328,6,3,0.1096328746732374,12.0,1
Finance,15167.234406344314,1,0,0.7044396388087,12.0,0
E-commerce,22157.93512993802,2,2,0.5949371923873161,22.0,0
Finance,91991.16075766495,2,2,0.2192990418660429,16.0,0
SaaS,18542.68302980134,0,0,0.6505541312033903,19.0,0
E-commerce,48345.08319368464,4,5,0.2659393168064429,19.0,1
Manufacturing,10561.544909095366,1,1,0.1249458029311192,25.0,0
Manufacturing,40366.39032676925,4,1,0.4219933327535418,12.0,0
E-commerce,76383.16334786096,1,4,0.5152932645946352,18.0,0
E-commerce,201320.52129219827,1,1,0.1783234733003177,12.0,0
Finance,223078.03137098,5,5,0.1598793468559566,20.0,1
Healthcare,25727.034094001687,0,0,0.6700046090635869,25.0,0
Healthcare,353207.63070607354,5,9,0.6011041239387865,13.0,1
Healthcare,21970.64394298092,2,0,0.833486959551271,17.0,0
Healthcare,11404.486051258036,3,0,0.5254781737175551,46.0,0
SaaS,37546.61815033061,3,1,0.346245284481523,13.0,0
Finance,181698.70747674772,1,4,0.2450574426220991,6.0,1
SaaS,63097.043482738285,13,8,0.3497346427387063,33.0,1
Finance,64698.11467348329,1,0,0.0645821051614252,20.0,0
Healthcare,88161.06306154125,3,3,0.2393335149780604,13.0,1
SaaS,47467.50920577735,2,1,0.1236736055091572,15.0,0
E-commerce,105192.24832825836,3,3,0.1620869197389381,35.0,0
SaaS,40255.159744599616,2,0,0.0821370038493661,15.0,0
SaaS,45664.22634609521,1,1,0.0636295039214897,12.0,0
Finance,41762.70298327899,1,1,0.2347765289734653,3.0,0
SaaS,23858.950632145003,7,3,0.1676801932766717,20.0,1
Finance,33242.89575811978,4,2,0.0892906056524289,31.0,0
Healthcare,91811.77531353536,1,1,0.3428728861867404,15.0,0
Healthcare,60485.48539019345,9,6,0.2675553522044471,39.0,1
Finance,217067.92769047423,4,7,0.4828397219254666,6.0,1
Healthcare,20248.7607703869,2,0,0.5333829777239314,59.0,0
Manufacturing,8460.363855327902,1,0,0.6670612694569824,41.0,0
Manufacturing,30737.808184204223,1,2,0.635438430740293,21.0,0
Healthcare,13154.239421156864,3,0,0.7947417685625049,65.0,0
Finance,22820.432466633494,2,2,0.205021806944338,28.0,0
Finance,60145.112473983856,5,3,0.3062859500160204,16.0,1
Healthcare,111953.2592946899,6,7,0.2280025038985423,25.0,1
Manufacturing,45257.646894067504,5,0,0.2570101138600119,5.0,0
Finance,56189.89911851522,6,6,0.3035166332824208,18.0,1
E-commerce,29176.162981071444,3,2,0.1334403032792854,24.0,0
Finance,57704.66122363764,1,1,0.2413566427382684,11.0,0
Manufacturing,12182.314482600214,6,4,0.3671719019972085,25.0,1
Healthcare,52572.76960535706,1,0,0.125722561203547,19.0,0
E-commerce,91508.661587351,1,0,0.2435871137297265,2.0,0
Healthcare,288520.37536120653,0,0,0.1849904777947455,1.0,0
SaaS,50484.63557637944,8,1,0.2384898696022115,12.0,0
Finance,125230.94452985925,6,3,0.3417259936660932,32.0,1
Finance,135529.14914921485,5,3,0.3654873630761808,12.0,1
Manufacturing,23148.053024799632,1,2,0.0816192993864312,22.0,0
Manufacturing,42527.37287278122,1,0,0.2927618496212177,9.0,0
E-commerce,38118.13539923274,7,5,0.2835271940231726,27.0,1
SaaS,10334.71607300762,1,0,0.6647786558078281,30.0,0
E-commerce,74031.20766179549,7,3,0.2995037479831326,14.0,1
Finance,421202.2822145719,0,0,0.2137436858732581,3.0,0
Healthcare,89172.56292268216,3,1,0.0969120966179751,9.0,0
Healthcare,109906.0596195404,15,11,0.3578120592946399,50.0,1
SaaS,240089.50792406188,2,2,0.4201983424496301,8.0,1
Healthcare,90313.6384464162,7,9,0.3264930589862493,37.0,1
Finance,127387.59982416422,3,2,0.4571019499534303,20.0,0
SaaS,74702.51093928398,2,1,0.2089293707442162,12.0,0
E-commerce,35321.73466886219,3,1,0.443294299160124,6.0,0
Healthcare,361724.24603738287,1,3,0.2809090202407492,6.0,1
Finance,60395.10634600264,5,1,0.4019913865997611,9.0,0
Finance,37770.90522667526,3,1,0.3750144215684116,9.0,0
Finance,87134.55641907717,8,3,0.3436880743904336,20.0,1
Healthcare,63305.31958393109,7,3,0.3413455643289537,26.0,1
SaaS,105068.59738354848,4,2,0.1899048476334567,28.0,0
SaaS,236814.20629364628,0,0,0.2549439128578736,13.0,0
SaaS,17705.735323943372,11,10,0.4187532942082805,52.0,1
Healthcare,26779.16191935179,9,2,0.4387160379275678,26.0,1
E-commerce,292667.74011500226,3,7,0.2323200245750751,11.0,1
Finance,50117.76216266669,5,1,0.3561735998259854,3.0,1
SaaS,12558.053828435768,2,0,0.5548148654896383,17.0,0
E-commerce,70796.95873293067,6,8,0.1591688134647985,31.0,1
Finance,136227.24264056675,4,2,0.2559912875885649,8.0,0
Finance,51883.4663481379,3,2,0.2468609901890515,9.0,0
E-commerce,29092.544868357814,7,6,0.4199592100296678,30.0,1
Healthcare,60541.38642051712,3,2,0.4184967791350077,17.0,0
SaaS,495797.3682919686,1,1,0.2803209876258297,1.0,1
Finance,35066.04828883212,0,0,0.0793562975870534,14.0,0
SaaS,44575.23360740027,8,2,0.3157246002940698,17.0,1
Healthcare,47811.61910746521,5,3,0.347408314088154,20.0,1
Finance,95439.8277917111,4,3,0.1558810962782487,9.0,0
SaaS,317568.3690625666,1,3,0.2209847353105787,6.0,1
Finance,89110.01621065132,3,3,0.1932643038345705,17.0,1
Healthcare,242939.78990613756,5,5,0.1360067670642414,10.0,1
Finance,137669.95500365196,3,4,0.2868735858281057,7.0,1
Finance,42704.47820993263,4,2,0.1213092512202722,22.0,0
Healthcare,139136.1218943957,1,0,0.2410118089816323,8.0,0
Finance,532393.2109939539,0,0,0.1690691728373131,13.0,0
Manufacturing,18776.519020061463,2,5,0.3897050670981725,19.0,0
Finance,156147.77846441354,1,0,0.0719359568682225,8.0,0
SaaS,248760.6327733524,0,0,0.2835271940231726,7.0,0
Finance,150884.38762929666,0,0,0.3327301502030196,3.0,0
Healthcare,19337.99397363787,0,0,0.908411081929844,17.0,0
Manufacturing,55527.62964318247,8,6,0.3744608714235017,31.0,1
Finance,28155.051852786,0,0,0.1140269450172324,26.0,0
Manufacturing,30314.671165148528,5,1,0.1411706132114006,20.0,0
Finance,76911.16226000358,2,0,0.1471242648355205,19.0,0
SaaS,148378.41637919418,3,6,0.3272883182368883,19.0,1
SaaS,132776.78270221938,1,4,0.360814858946772,3.0,1
E-commerce,8670.20552933384,1,0,0.6424260521379931,33.0,0
SaaS,33316.63289288749,8,5,0.6331079431871545,24.0,1
SaaS,21711.023081351563,8,3,0.405920268298279,33.0,1
Finance,29175.15230533123,2,4,0.2027933616910105,31.0,1
Finance,167201.06659501637,1,3,0.5008473381476343,13.0,0
Manufacturing,117435.03521127129,1,1,0.2835271940231726,4.0,1
Healthcare,87560.82432522708,1,1,0.2589096231505209,15.0,0
Healthcare,36104.40163365877,6,1,0.2285794333583604,20.0,0
E-commerce,32630.065817153543,10,5,0.3988599719535776,27.0,1
Healthcare,103795.89936171209,4,2,0.2123493784032923,18.0,1
Manufacturing,31845.822830731897,5,2,0.2467351616805084,25.0,0
SaaS,73575.87469017757,1,1,0.1253461930756255,23.0,0
SaaS,177739.78135766575,9,1,0.2835271940231726,10.0,1
E-commerce,22786.96590082129,10,10,0.3859037161193944,27.0,1
Finance,51498.07511672433,1,1,0.1237296125141422,36.0,0
Healthcare,11707.768312831084,1,0,0.5135757323920702,20.0,0
SaaS,71948.9362797211,5,1,0.298367675465587,14.0,0
Finance,63189.68387333275,3,2,0.2127249286225457,17.0,0
SaaS,233633.97300711076,2,2,0.2628939250854405,9.0,1
Manufacturing,55536.92275506809,4,4,0.6233174916637053,17.0,0
Healthcare,299499.5434829144,2,5,0.2532490110118537,7.0,1
Healthcare,92119.81473281184,8,7,0.3225807244512607,35.0,1
Manufacturing,47049.033979111344,5,4,0.2464504014905413,19.0,1
Healthcare,22425.26862607424,1,0,0.907434705072142,31.0,0
SaaS,252974.2177535109,2,3,0.4327327620471926,16.0,1
Healthcare,119734.44871983412,3,2,0.2863452888929561,13.0,0
Manufacturing,35747.92833271703,9,4,0.2878056171301263,21.0,1
SaaS,70640.5093615216,6,2,0.3153222366025722,9.0,1
E-commerce,34761.77498765416,3,4,0.3472228184504322,19.0,0
E-commerce,123872.83494873856,7,2,0.202406200530283,10.0,1
Healthcare,46345.02292934881,1,3,0.4134889407743777,21.0,0
Healthcare,14040.280010581531,3,0,0.6946192326229957,49.0,0
E-commerce,103250.05340563029,1,0,0.3624442519185593,15.0,0
Healthcare,18813.684324530863,5,1,0.5974197015798162,42.0,0
E-commerce,130351.12867858192,2,2,0.1478698049837498,14.0,1
Manufacturing,44498.73305358025,5,2,0.286973169863408,25.0,1
SaaS,85186.73161034605,0,0,0.0965658225269409,6.0,0
SaaS,46757.8621015987,2,2,0.37846201875762,16.0,0
E-commerce,107461.00402318366,3,4,0.3390949728482329,13.0,0
E-commerce,22901.56576512395,1,0,0.7141235068946276,17.0,0
Healthcare,47704.05082415491,8,8,0.2874713144432705,37.0,1
Finance,191521.0538300592,1,2,0.2207868473932044,3.0,0
Healthcare,35045.75742804646,6,5,0.2810777497502288,18.0,1
SaaS,19947.58046646924,1,1,0.8341093212738174,20.0,0
SaaS,87270.46265880785,6,5,0.3340708787152372,33.0,1
SaaS,22800.28716036401,14,6,0.5061785283887362,18.0,1
Healthcare,115623.4110516238,3,0,0.3970574070216914,14.0,0
SaaS,37591.72685960591,0,0,0.1505555405030478,23.0,0
Finance,58958.54088793846,5,5,0.2441467663865377,32.0,1
SaaS,55241.730786406246,7,1,0.3125244801109937,17.0,0
SaaS,68132.33806416758,7,11,0.2103326109542112,37.0,1
Finance,47481.041758971776,4,4,0.309952958226402,11.0,1
Healthcare,45903.23702823705,8,3,0.3665136972910277,20.0,1
SaaS,322845.3340083402,0,0,0.0857615941462206,6.0,0
SaaS,90377.18664329174,5,0,0.1814212847713152,8.0,0
Finance,116100.4239348108,5,3,0.2217497091080495,19.0,1
Manufacturing,107909.73848664948,0,1,0.3890902227902695,12.0,0
SaaS,16194.313310426149,0,1,0.8285901416221976,15.0,0
Manufacturing,15585.489982233905,5,3,0.641919489224634,21.0,0
Healthcare,43952.880088607664,3,1,0.2763560278088498,15.0,0
SaaS,81968.23405573818,6,5,0.2970947375243726,21.0,1
E-commerce,40095.6164602726,1,1,0.3692302745593894,31.0,0
SaaS,11107.655406986412,1,0,0.6900854488857789,58.0,0
SaaS,348768.6317637231,2,1,0.2615977753654674,10.0,0
Healthcare,203481.86627460385,2,3,0.3268882625221366,8.0,1
Healthcare,67545.51336617302,7,3,0.3520974025790264,14.0,1
Finance,87729.52051356794,5,5,0.1954431405486109,21.0,1
Finance,14563.466718793894,1,0,0.6789190288042819,80.0,0
Finance,45111.79359426576,10,7,0.4231677018146673,29.0,1
Finance,54966.03823196703,4,2,0.2182082128568622,17.0,1
Manufacturing,8887.273000332874,2,0,0.5519705421911401,43.0,0
Finance,12206.49162134012,1,1,0.9124578337746778,36.0,0
SaaS,86220.61203942346,4,2,0.2073761351404365,29.0,1
E-commerce,73988.26653523152,3,3,0.3498489821651779,16.0,0
SaaS,28237.035300989835,1,2,0.0891655139119563,10.0,0
Finance,155628.506919388,4,2,0.1936951325793127,4.0,0
SaaS,78920.25764605124,1,0,0.0735810042492692,22.0,0
SaaS,52873.2263171994,1,0,0.1729903167507897,10.0,0
SaaS,84704.4562761609,2,0,0.1980900289032618,21.0,0
E-commerce,54029.01695725176,5,2,0.2837144603234759,12.0,1
Manufacturing,90580.30845136657,2,0,0.2695513638520427,22.0,0
SaaS,39056.83048542709,6,7,0.3373265611361597,24.0,1
Healthcare,16477.08817857357,1,0,0.7493238734292363,49.0,0
SaaS,37901.67201616389,2,5,0.6370453409462601,15.0,0
Finance,51320.29431502863,9,3,0.4074565123946946,18.0,1
E-commerce,70980.97947322408,0,0,0.111587649109814,12.0,0
Finance,236593.58714935268,1,6,0.2022356951953875,0.0,1
Healthcare,235180.43847597827,4,10,0.5154320315028209,5.0,1
E-commerce,32310.22829564716,4,5,0.1033411086335338,23.0,1
SaaS,8475.238779670522,0,1,0.7629939237879064,35.0,0
Healthcare,17086.57586450586,7,3,0.2636978356055238,11.0,0
SaaS,48575.34318966492,2,0,0.1753395148900711,23.0,0
E-commerce,19192.336241449997,2,3,0.2124840862913327,22.0,0
Healthcare,389067.2409723025,1,0,0.4528085734303896,4.0,0
E-commerce,111208.66996961944,1,1,0.2225687720458348,2.0,0
Finance,16780.860886195413,2,0,0.7143711586885779,32.0,0
E-commerce,13481.281066840387,2,1,0.6261024639625674,25.0,0
E-commerce,43931.03909254992,12,6,0.4606862768736007,17.0,1
Finance,53911.15367924168,10,10,0.4552610638021714,32.0,1
Healthcare,22774.72014377676,2,1,0.5040433471753937,40.0,0
Finance,190015.40766521977,6,9,0.280034370373359,8.0,1
SaaS,325839.87666714774,2,1,0.5774147868754879,6.0,1
SaaS,127298.22043968205,5,4,0.409357745613659,36.0,1
SaaS,45253.42721042628,4,4,0.4295589382089598,19.0,0
Finance,313212.5819059447,1,1,0.1295122795141693,9.0,0
Finance,44147.20273894576,2,1,0.1818113663217632,38.0,0
Finance,86228.31210281813,5,6,0.2276367475806784,25.0,1
Healthcare,62119.693783450384,7,2,0.3441632682287537,14.0,1
SaaS,231669.54336386,0,0,0.0988418542854852,2.0,0
E-commerce,42989.50578456454,3,4,0.2539112322786115,19.0,1
SaaS,13683.436362069977,3,0,0.6196013800444109,31.0,0
Healthcare,73916.63939888711,6,2,0.2154617162497874,33.0,0
Manufacturing,110165.24343944657,2,4,0.238772812668705,0.0,1
SaaS,40867.92751545707,5,3,0.2270775935173822,23.0,1
Manufacturing,253772.54981494875,1,1,0.1689992569153454,8.0,0
SaaS,73963.03288436902,3,4,0.2486950853575747,48.0,1
Healthcare,22722.54577856113,0,0,0.593573802615918,18.0,0
Finance,39381.80109002923,6,5,0.2771987518299807,27.0,1
SaaS,44456.289055085,6,3,0.3098035340129423,5.0,0
Finance,57425.72241675162,2,3,0.4984429221053333,7.0,0
Healthcare,43815.16951377256,3,1,0.289109242404988,13.0,0
SaaS,53577.79253046451,8,4,0.3416699399214896,12.0,1
SaaS,123230.28351681416,0,0,0.1769691581081083,2.0,0
SaaS,26998.92451321996,3,1,0.2367125420859216,11.0,0
Finance,113073.58620890134,9,7,0.4197028378422832,20.0,1
Healthcare,62157.293293764895,3,1,0.1832423319979892,23.0,0
SaaS,24395.836183798736,5,2,0.1844289960971905,14.0,0
Manufacturing,110420.36461385625,1,3,0.604282479790512,2.0,0
SaaS,56888.411406068575,7,3,0.1790877160807606,24.0,1
Manufacturing,60858.0415213083,5,1,0.2351124306616054,31.0,0
E-commerce,61965.46796853856,5,3,0.5447757667758433,30.0,1
SaaS,144100.8211910251,2,2,0.1585870325041341,3.0,1
Finance,120085.74802100266,1,1,0.1103716737566643,4.0,1
SaaS,61130.56547532402,7,4,0.3659015341877759,36.0,1
SaaS,27871.556140147542,9,8,0.2853584613648613,33.0,1
SaaS,30219.130749837237,3,1,0.2276322431563394,18.0,0
SaaS,117340.0038814484,0,0,0.1637696783353351,4.0,0
SaaS,67001.57228536125,2,1,0.2788617095459553,20.0,0
Healthcare,41103.18027628243,3,3,0.3996999192130471,4.0,0
SaaS,73094.95598928734,3,2,0.2338937672807671,14.0,0
Finance,113832.2317927547,2,0,0.1340115158993386,19.0,0
E-commerce,57454.67866428073,4,2,0.1068050027655182,9.0,0
Finance,627592.4801886759,0,0,0.0964380065611211,5.0,0
Finance,84974.96828127008,5,1,0.0834461085699528,14.0,0
Healthcare,57733.11424393618,3,3,0.2995681108223349,10.0,0
SaaS,28387.91480930762,5,3,0.3983144983543517,15.0,1
Healthcare,373784.1661657984,3,3,0.2357795818317782,4.0,1
Healthcare,85074.8722866426,1,0,0.0584425271894658,13.0,0
SaaS,18130.303771533825,3,0,0.5527779816823831,25.0,0
Healthcare,98044.11754020838,5,1,0.5000346425506897,13.0,0
Manufacturing,271854.4744120454,0,0,0.0444286643204579,3.0,0
Manufacturing,116802.29267534456,1,1,0.2946079378284794,8.0,0
SaaS,224641.3167973216,0,0,0.2902048754093361,13.0,0
Healthcare,21630.11958528137,1,0,0.2835271940231726,26.0,0
SaaS,145012.5445467678,1,2,0.1116837177389209,10.0,1
Finance,109662.80119844413,10,3,0.3297088944726871,20.0,1
SaaS,221442.62662275345,0,0,0.2256511036638457,15.0,0
Healthcare,20909.807068117138,7,5,0.2749077205513202,20.0,1
Manufacturing,76693.70966646174,1,3,0.5247040911949834,5.0,1
Finance,125636.6147340805,8,2,0.1007174728607984,21.0,1
SaaS,73168.32401542623,17,11,0.5136403111252814,40.0,1
SaaS,7890.377485222277,2,0,0.7684693363968692,14.0,0
SaaS,110964.10311856918,4,1,0.2195413573967183,17.0,1
Finance,241928.94395588367,2,5,0.1333333771368817,4.0,1
Manufacturing,20809.88049336696,5,2,0.2896613769768132,31.0,0
SaaS,44289.530911254944,4,3,0.1728016105025991,7.0,1
SaaS,194588.6092607088,5,5,0.4341676847961999,5.0,1
Finance,18351.94301966516,2,0,0.5909115944830472,34.0,0
SaaS,291950.940687947,0,0,0.2967065652228803,8.0,0
Healthcare,117645.22131705988,6,4,0.3739969427363616,29.0,1
Finance,49322.36091245071,5,4,0.1198431640728913,27.0,1
Finance,21427.751819246787,2,1,0.3422934673096368,26.0,0
E-commerce,143096.15728390208,1,3,0.572599518597035,8.0,0
Finance,272149.8844343889,0,0,0.2428066459847535,4.0,0
Finance,18097.85113788966,4,0,0.9221372760176144,67.0,0
SaaS,230538.59880902423,3,2,0.3786196768720637,3.0,0
E-commerce,32938.507732260856,5,5,0.1821582989763372,22.0,1
Finance,347929.8033140572,3,4,0.4546137728617433,10.0,1
SaaS,50648.97273097114,8,5,0.3516524344237538,22.0,1
Finance,18816.210845833783,3,0,0.7251128292354101,48.0,0
Finance,11520.45877801608,0,1,0.4702489619596169,28.0,0
Finance,49158.212052587485,1,0,0.0844863001437168,19.0,0
E-commerce,43431.38186478858,2,3,0.4365564873584877,32.0,0
Finance,103998.64200323346,1,1,0.4617423431320891,2.0,0
Finance,12187.813369265445,10,4,0.3487411568848151,30.0,1
Healthcare,40424.99985678569,4,3,0.2974021589800229,21.0,0
E-commerce,11357.42812447295,2,0,0.5335331058557782,23.0,0
Healthcare,138327.1697682771,2,4,0.2184784085181799,18.0,1
Healthcare,60110.37672244986,1,2,0.0892563352782134,16.0,0
Finance,457131.8704308205,2,2,0.5146864629418415,6.0,1
Healthcare,111890.32203388316,3,1,0.4938575022844891,19.0,0
SaaS,202992.0391449656,5,15,0.4202149116860524,5.0,1
SaaS,258859.3753351318,2,3,0.3591719596030716,13.0,1
Healthcare,45888.32779511616,14,5,0.4644914808067467,17.0,1
Healthcare,36117.14594884588,2,1,0.2719580200822938,24.0,0
Finance,35506.66195780649,7,5,0.5119051527728546,22.0,1
Healthcare,289733.94981142425,1,1,0.1466578609646994,11.0,1
Finance,55067.9753396961,5,1,0.510705296153237,15.0,0
E-commerce,33884.55068463228,4,1,0.2537970911606461,28.0,0
Manufacturing,187721.97016570807,1,1,0.3543509402096149,14.0,1
Manufacturing,93261.58687413616,11,4,0.3138930921510424,25.0,1
E-commerce,48054.917592095735,5,3,0.2979637493534268,15.0,1
SaaS,36057.21011484564,5,3,0.4036195539496519,12.0,1
SaaS,214233.53043267375,7,13,0.4547940025521105,4.0,1
Healthcare,18950.18704259693,1,0,0.7770453868597216,51.0,0
SaaS,90731.21968274728,9,4,0.4979423376409302,30.0,1
SaaS,44004.34662438551,2,3,0.1101900093015633,23.0,0
SaaS,40050.63300835633,8,5,0.43427957119044,18.0,1
E-commerce,472672.9410380711,2,2,0.2184307392422426,1.0,1
Healthcare,108094.23372979356,8,6,0.402294571904927,42.0,1
Healthcare,102299.28305610956,1,0,0.2275558766579593,5.0,0
Manufacturing,154751.40702384728,0,0,0.0961908116935726,5.0,0
Finance,58901.06544760224,5,4,0.1903467556075994,19.0,1
SaaS,19152.59284091292,6,1,0.2835271940231726,18.0,0
Manufacturing,144460.01524919548,0,0,0.1409061125947026,6.0,0
SaaS,11722.835061424468,1,0,0.6327011990986455,60.0,0
SaaS,15961.711492659597,11,7,0.2212784689077411,30.0,1
Finance,40197.45475554535,5,2,0.4944997855293996,9.0,0
Healthcare,40715.12557379888,5,2,0.1165715854310619,30.0,0
E-commerce,11084.917744301823,1,0,0.747026960366817,28.0,0
SaaS,14793.373842944433,2,0,0.4872074070931666,51.0,0
SaaS,36335.87733043968,1,5,0.0884262077160434,19.0,0
Finance,50742.98123751199,3,2,0.199431037039781,20.0,0
Finance,593380.3574039289,0,0,0.20443661553012,10.0,0
Manufacturing,73802.15009448801,3,3,0.12113081260499,18.0,0
Healthcare,259595.0918630377,2,5,0.3878436502157308,13.0,1
SaaS,98855.01702973444,0,0,0.2785421752078302,18.0,0
Finance,24031.222547398265,4,0,0.7637719031213362,66.0,0
SaaS,17357.599980403378,2,0,0.7697650806088464,59.0,0
Manufacturing,60094.5411972816,8,1,0.2775896589742206,17.0,1
SaaS,83453.52509718525,6,2,0.2678768699845479,15.0,1
Finance,69460.67474681654,4,3,0.270847364252776,32.0,1
SaaS,45881.2602357523,4,2,0.2928390977860966,13.0,1
E-commerce,58832.551871625285,4,1,0.2985939412355649,39.0,0
Healthcare,84244.43515289573,13,7,0.6889226680613526,31.0,1
E-commerce,56558.07789684148,5,0,0.2174711208195135,29.0,0
SaaS,94430.33221813732,5,3,0.4433311929397471,28.0,1
E-commerce,19340.300123580266,7,2,0.3739155596862153,17.0,1
SaaS,21984.565771243066,5,2,0.2021642417477022,15.0,0
Finance,414999.3892771549,0,0,0.2830030193927537,8.0,0
Healthcare,73901.23759299914,4,4,0.1395866744720451,26.0,1
Finance,52311.71820258426,8,4,0.3046958211638338,45.0,1
Manufacturing,36770.29685623082,3,3,0.2482794156607065,21.0,1
E-commerce,15106.699968320812,2,0,0.8230000017561234,66.0,0
SaaS,73201.53633385904,3,2,0.1555422032238141,12.0,1
Healthcare,47494.32791312333,8,4,0.3658970702198051,25.0,1
Finance,16796.837538511532,0,0,0.8674391202467413,20.0,0
E-commerce,42970.73558587536,1,1,0.0817113109262137,25.0,0
SaaS,12344.90492799983,0,0,0.8669121275906938,57.0,0
Finance,24801.889497109976,0,0,0.7581281526162577,64.0,1
SaaS,51223.39935784348,4,1,0.2835271940231726,12.0,0
Finance,34637.11670368401,1,2,0.0345383258632612,14.0,0
Healthcare,27539.858082026403,2,2,0.4176177386329974,17.0,0
SaaS,38681.820496312335,4,4,0.2246032378853685,3.0,0
Finance,18460.03634302145,2,0,0.7428760238538844,35.0,0
Manufacturing,116503.2100602382,2,2,0.424650479807753,5.0,1
Finance,221144.165858984,1,1,0.2141392922010857,6.0,0
Finance,237569.99809070563,4,10,0.3584720002477646,4.0,1
Finance,45764.21024560154,7,4,0.4359725524439712,18.0,1
E-commerce,36261.42017844618,3,4,0.2392128893349386,21.0,1
Healthcare,420429.4567461039,3,4,0.1825945166337117,16.0,1
SaaS,190182.9394706804,0,0,0.2878969990812087,1.0,0
Finance,120821.27322422816,9,3,0.3073029274318595,10.0,1
Finance,15698.65490360652,2,0,0.7692696446914441,40.0,0
Healthcare,40496.86766312895,5,3,0.223556862860897,15.0,1
E-commerce,31550.78546372757,1,0,0.0346670373140869,3.0,0
E-commerce,14482.979616593177,1,1,0.6960443656183989,20.0,0
Finance,18966.8594937768,1,0,0.7548407252868322,33.0,0
SaaS,61595.80438115964,1,0,0.2298172839390197,9.0,0
Manufacturing,233592.34794625163,1,3,0.1869212052203207,3.0,1
Healthcare,178335.46320350343,1,1,0.1639615222120034,2.0,0
E-commerce,250474.52598759785,0,0,0.2112094625130536,2.0,0
Finance,62287.52765819698,5,3,0.2383195189144951,16.0,1
Manufacturing,29686.557133164675,7,3,0.3681068205295092,19.0,1
E-commerce,200329.26070449324,0,0,0.1758985440381643,8.0,0
Manufacturing,73238.36287553691,2,1,0.1285035692869887,20.0,0
SaaS,77822.10998322527,3,3,0.2440854232438808,14.0,0
Healthcare,173145.6704760789,0,0,0.0709484423090782,15.0,0
Manufacturing,15454.184451780968,2,0,0.7901150072709344,30.0,0
Healthcare,74108.25596493935,3,1,0.0886031294294302,19.0,0
Healthcare,54685.64198180378,9,3,0.2988759675858241,14.0,1
SaaS,153094.73564320125,0,0,0.399708969751613,3.0,0
E-commerce,15043.124131898789,0,0,0.3360434828099853,47.0,0
Manufacturing,6503.256561242995,0,1,0.6959327856929943,72.0,0
Finance,9276.057355287134,2,1,0.6963150853865459,46.0,0
E-commerce,53677.67706612497,6,3,0.2231453197098765,10.0,0
SaaS,61545.70708011201,9,3,0.3622554747075417,18.0,1
Finance,45811.596938191455,12,7,0.3594739014237723,32.0,1
Healthcare,15923.534097316808,0,0,0.7983221174932208,20.0,0
Healthcare,64033.05186229665,7,4,0.3184455030802484,27.0,1
Healthcare,66454.73359042905,4,4,0.149849802634694,26.0,1
Manufacturing,34456.88252892072,5,3,0.287275698300886,9.0,1
SaaS,32003.618256093385,4,3,0.2835271940231726,19.0,0
SaaS,294927.58045012486,0,0,0.0722825411741457,8.0,0
Manufacturing,34108.975279171835,4,2,0.1785812411736555,12.0,0
Healthcare,52474.99566643983,3,2,0.2259963523866104,18.0,0
E-commerce,39934.163415504685,5,3,0.3102322770961444,41.0,1
Healthcare,53331.14557203763,8,4,0.4285034965829215,13.0,1
E-commerce,266346.1646408652,1,0,0.2835271940231726,8.0,0
Finance,265225.6709596036,0,0,0.0533151705853572,7.0,0
Manufacturing,19461.283445256875,6,6,0.4066265652725221,18.0,1
Finance,30138.18312484576,3,0,0.1930814712237641,7.0,0
Healthcare,18461.40718477223,4,4,0.1886653373848472,15.0,1
E-commerce,329514.0373887064,1,3,0.4457394932278528,7.0,1
Healthcare,81873.93964101277,1,1,0.0556549664774319,9.0,0
SaaS,66057.59722789066,3,3,0.1760388904812573,23.0,1
Healthcare,181767.07227842297,4,2,0.1076219475724148,10.0,0
SaaS,256704.77153629236,4,9,0.2976759461868032,4.0,1
Finance,43462.75275739496,0,0,0.7722214429297187,35.0,0
Finance,68123.17612450004,4,1,0.3602847233481513,19.0,0
Healthcare,41590.65446222911,7,5,0.2524016974569189,20.0,1
SaaS,117954.8272699406,6,1,0.4044134684217076,8.0,1
Finance,42302.381800838426,1,1,0.0839630491131961,21.0,0
Healthcare,70183.28517049257,4,4,0.2643625440612984,22.0,1
Healthcare,132135.49928645344,5,6,0.4429636616295024,7.0,1
Finance,288597.0819738492,1,0,0.1180117259163378,8.0,0
SaaS,426132.21679594816,3,1,0.4521116613358177,8.0,1
E-commerce,12735.468451358272,0,0,0.7533139665736871,37.0,0
Finance,102112.40711147778,1,1,0.1074511917384083,10.0,0
SaaS,75658.42472941782,7,4,0.3994028340030417,16.0,1
SaaS,212386.71010217036,1,3,0.3637262145883324,1.0,1
Healthcare,117039.17768358265,6,2,0.2756052332348659,22.0,1
SaaS,32404.21332471438,4,2,0.2974333613132202,15.0,1
Healthcare,51972.86904594968,5,1,0.1152737984208393,4.0,0
SaaS,235333.72871359004,2,2,0.3292368938015759,10.0,1
Finance,60162.93547949221,3,1,0.2033599688795169,5.0,0
SaaS,47744.50155081782,4,3,0.2674180644249374,5.0,0
SaaS,98549.51482745267,5,0,0.156426369633155,5.0,0
Finance,61978.33613041869,6,1,0.4924237047599196,8.0,0
Healthcare,301534.498793211,1,2,0.6846342177044179,8.0,1
Manufacturing,67618.3324699524,5,1,0.1325968045067267,13.0,0
Healthcare,51200.30039729489,6,3,0.2018249613368029,15.0,1
SaaS,46368.27532115955,4,3,0.2709701495291182,8.0,0
Manufacturing,67820.76673962327,10,6,0.3260092533973757,39.0,1
SaaS,152492.58203636316,3,7,0.3421522402451049,6.0,1
SaaS,111562.14895669374,4,4,0.4320326969892997,2.0,1
E-commerce,89047.65231762434,4,3,0.1362651034915721,12.0,1
E-commerce,13818.18302964898,0,0,0.6395120828489175,42.0,0
SaaS,42931.94758026275,1,1,0.0588745206920591,20.0,0
SaaS,13043.896535474643,1,0,0.6987188522094127,63.0,0
Healthcare,167260.86193883064,2,6,0.2016960843115445,2.0,1
Manufacturing,74893.99369144288,6,3,0.1612475594957177,28.0,1
SaaS,247616.8453323904,1,1,0.3947628534615498,7.0,1
Finance,85155.84599887808,2,1,0.1427119191088103,22.0,0
E-commerce,115109.11391407171,3,1,0.2254785859772083,7.0,0
SaaS,99199.001038387,11,4,0.5440315844405663,16.0,1
Finance,144779.27774265895,2,1,0.3271112900383073,10.0,1
SaaS,202242.98971122317,1,2,0.1297240595953133,6.0,1
Healthcare,114584.88824227396,3,1,0.1900191245228608,30.0,0
E-commerce,80762.61654648623,4,4,0.1662443655957207,29.0,1
Finance,63409.993971986885,1,0,0.2895083481369632,8.0,0
E-commerce,86141.08576591215,4,1,0.1497337191024622,7.0,0
SaaS,23526.45024727505,5,2,0.394965049316004,22.0,1
Finance,122873.62391494492,6,4,0.3399686613348768,3.0,0
Manufacturing,44873.32107300444,8,2,0.437937564580894,22.0,1
SaaS,6806.247676397155,0,1,0.6139970191474736,27.0,0
Healthcare,371682.6160635929,1,0,0.3535608473557232,16.0,0
SaaS,145045.89300579802,6,2,0.3362098243992118,14.0,1
E-commerce,18850.353800454723,1,1,0.8563716829318031,20.0,0
Healthcare,220293.1874384307,6,12,0.3961576211562163,17.0,1
Finance,143118.5150483529,3,3,0.3230330327680816,7.0,1
Finance,46430.3159656088,5,2,0.2725030668152635,14.0,1
Healthcare,93844.14020256777,4,1,0.2624085092532766,19.0,0
E-commerce,66650.2783942824,2,1,0.1245622963949754,20.0,0
SaaS,78751.40736339937,3,3,0.120991859360994,9.0,0
Finance,44260.77712290698,2,2,0.2773388680876465,19.0,0
Finance,30251.831921372363,4,5,0.2089299007359962,11.0,0
Healthcare,59368.07974512618,4,3,0.1958389802958722,31.0,1
Manufacturing,30596.628596691684,1,0,0.3643044400651677,5.0,0
Healthcare,100782.80461797147,6,3,0.2874456297631461,27.0,1
Manufacturing,31594.67629597729,7,3,0.2189111238889829,14.0,1
SaaS,22243.185104303004,9,2,0.4394632687957289,11.0,1
Finance,19539.4711777353,1,1,0.0363750553563248,30.0,0
E-commerce,32030.691678309628,1,2,0.340324254211553,11.0,0
SaaS,46110.92399719703,11,6,0.3549612434940385,33.0,1
SaaS,36867.37419729564,10,4,0.2835271940231726,18.0,1
Manufacturing,44880.09595535436,10,6,0.5212531508067312,22.0,1
Finance,70118.61623072696,4,2,0.3764316086039362,19.0,0
Finance,83321.89246410626,2,1,0.0946246786597266,9.0,0
SaaS,30706.37609673725,2,1,0.2188599207371619,19.0,0
Healthcare,10208.651752003643,2,0,0.642671692311203,37.0,0
Finance,56363.53977996063,4,3,0.351615100590823,10.0,1
Finance,45413.58757336944,5,4,0.3274646874681352,19.0,1
Finance,114185.52106321692,3,3,0.207759691848379,14.0,1
E-commerce,14217.851491697347,1,0,0.6647066079164401,46.0,0
Finance,29231.962626403703,7,1,0.4132086920304587,7.0,1
SaaS,27286.89373537229,4,1,0.2516291381258448,25.0,0
SaaS,8426.794123759393,1,0,0.7062539582170095,35.0,0
Healthcare,33970.313758993245,2,3,0.2835271940231726,25.0,1
Finance,32092.443455440003,3,2,0.1611577973807933,16.0,0
E-commerce,78567.25900934123,7,7,0.3007566987876458,33.0,1
Finance,35436.859543492355,5,2,0.3713831726613598,15.0,0
E-commerce,11922.836156056996,1,0,0.3807728533252126,57.0,0
E-commerce,88479.63626719295,1,2,0.2772954200288271,23.0,0
Healthcare,61782.443197410015,10,6,0.2262557911696389,18.0,1
SaaS,650859.6422660523,3,8,0.292958110157717,7.0,1
SaaS,123130.4742915358,5,2,0.2632314689477564,24.0,1
Healthcare,167421.08969501147,8,8,0.2197483844076146,23.0,1
E-commerce,32937.650036096114,1,1,0.1601369031238844,10.0,0
E-commerce,211455.59356684345,0,0,0.1674603625562577,15.0,0
Healthcare,136474.30485155166,12,6,0.4224355165955634,25.0,1
SaaS,241792.41779801412,1,2,0.1147941818292902,18.0,0
Manufacturing,197845.94779454247,1,1,0.1421744880156456,0.0,1
Manufacturing,149460.16706771552,3,4,0.1597472041440796,6.0,1
SaaS,319303.494165364,3,6,0.4052863573074423,5.0,1
SaaS,92111.29870094064,9,7,0.3456668161995409,25.0,1
Healthcare,205839.66481492587,2,0,0.2981597228001491,3.0,0
Manufacturing,8216.766208253972,1,0,0.641232660295866,51.0,0
Finance,53146.98651383101,1,1,0.0576839261706194,10.0,0
SaaS,33569.21408824009,4,3,0.2712273858524553,20.0,1
Healthcare,28603.637573108284,3,1,0.2940618601033385,9.0,0
Healthcare,121754.12885778549,5,7,0.3108806727441884,28.0,1
Healthcare,173359.50467207658,1,1,0.2032370772431017,4.0,1
Manufacturing,21668.27489523322,7,1,0.2728494664257864,19.0,1
Finance,11329.482310328303,1,1,0.7341130330735924,53.0,0
SaaS,38050.27912735142,2,0,0.107802851947679,16.0,0
Finance,60296.67779204776,15,10,0.5378727364553468,38.0,1
Finance,293970.1723346464,3,8,0.4958221716020167,6.0,1
Healthcare,59708.173031475184,5,2,0.1913189205933822,21.0,0
SaaS,79370.22356104689,0,1,0.3597090338625802,35.0,0
Healthcare,186919.88513459708,4,3,0.4443679532863098,5.0,1
Healthcare,68302.82816992626,0,0,0.1216447405259408,23.0,0
Finance,102745.76946990583,0,0,0.064632628899366,8.0,0
Healthcare,87866.56944153267,6,6,0.2430506163527184,19.0,1
Manufacturing,47419.79783891334,4,1,0.2127798560626743,13.0,1
Manufacturing,56939.49168132586,2,3,0.1588431760614512,15.0,0
Healthcare,163476.58289446167,4,5,0.3766267065091572,7.0,1
SaaS,11533.952973936732,0,0,0.8468336292375762,42.0,0
Manufacturing,101227.10193666317,3,2,0.132417517098855,27.0,0
Finance,299640.21396055026,0,0,0.3441245753360857,9.0,0
E-commerce,12861.258816830095,3,0,0.1974425280288855,8.0,0
Manufacturing,25884.549188265293,2,0,0.1860461779380221,16.0,0
Finance,20565.47939833081,1,0,0.7272606541908385,59.0,0
Finance,187399.0277501245,1,1,0.1665708646279061,6.0,0
Manufacturing,29558.89843616281,1,0,0.1510820914589223,17.0,0
SaaS,134097.76052266796,4,5,0.2220026737953969,22.0,1
Finance,96217.84482666946,2,3,0.43698833194305,7.0,0
Healthcare,160150.25105960591,1,1,0.1958945806497674,11.0,0
Healthcare,18274.23175814916,1,0,0.6966168225288455,59.0,0
SaaS,27759.9584821379,3,3,0.1982446547724699,22.0,1
SaaS,291681.790441444,1,2,0.463707895978252,5.0,1
Manufacturing,35923.47736694824,5,3,0.3557968309290244,13.0,0
Healthcare,63783.86321127852,5,2,0.3658219240219506,23.0,1
SaaS,193607.9197113945,4,2,0.1589517026587968,30.0,0
SaaS,51192.19499889409,4,2,0.2976782383611306,14.0,0
Healthcare,161142.12487573008,3,1,0.1938731436418715,13.0,0
Finance,55825.67036668871,2,0,0.1581167291255983,16.0,0
Manufacturing,27020.092135631035,8,4,0.4232494382328333,18.0,1
E-commerce,73282.3650735309,2,2,0.3092675429257804,15.0,0
SaaS,13954.65895277773,1,0,0.8034135187660579,16.0,0
SaaS,134330.40697507394,2,2,0.2284061280632962,18.0,1
Finance,187958.29997003765,3,6,0.3924787096687728,0.0,1
SaaS,156208.3067428851,0,0,0.2807693844053459,3.0,0
SaaS,234739.4882369137,7,10,0.4954136120235616,7.0,1
SaaS,29979.55215479113,7,5,0.5962494251385314,17.0,1
Manufacturing,139498.29889127144,1,1,0.3583128563657055,3.0,0
SaaS,26577.753154341463,5,0,0.1705267393664479,8.0,0
Healthcare,54000.45417954015,2,3,0.6728232395912853,16.0,0
E-commerce,213817.8575878055,4,4,0.3136406855943286,10.0,1
Finance,81409.37710169294,3,3,0.1221307813675253,20.0,0
Healthcare,312721.1600226841,2,4,0.1726796217958424,6.0,1
Healthcare,23951.013338867844,5,3,0.1585953109866684,38.0,0
Healthcare,22721.463182162137,3,1,0.1853130264688362,25.0,0
E-commerce,74884.14561459336,2,4,0.5558514821933509,9.0,0
SaaS,199112.58255847415,0,0,0.194554497857856,7.0,0
E-commerce,30687.576677444977,5,2,0.3977638682396383,19.0,1
SaaS,42687.399047587096,5,3,0.1544112741379342,22.0,1
Healthcare,21366.585296820667,9,5,0.2964172088149213,19.0,1
E-commerce,47765.09049707836,10,5,0.323826839201365,17.0,1
Finance,14815.439496104773,1,0,0.6102822696281153,31.0,0
Finance,48253.10472645626,9,3,0.4559504851947855,12.0,1
SaaS,7666.131181690673,2,0,0.8078681659185779,16.0,0
Healthcare,244986.9491289427,4,5,0.1887720769895238,10.0,1
Finance,95689.82963116073,3,5,0.1339214560072062,28.0,1
SaaS,21949.572940258146,9,5,0.3141466527304837,24.0,1
SaaS,63170.45193683192,1,1,0.1280966783687209,8.0,0
Healthcare,15225.994235778802,1,0,0.702797853015708,27.0,0
Manufacturing,7149.5103748830725,3,0,0.752522243962023,43.0,0
SaaS,27496.56973569602,2,3,0.3261313411641017,13.0,0
E-commerce,70818.32694946618,4,2,0.3249477092324028,28.0,0
Finance,261692.36707254665,0,0,0.2835271940231726,1.0,0
SaaS,173345.6654155346,5,5,0.3038049741022507,23.0,1
E-commerce,18866.012727763493,1,0,0.753733938323817,24.0,0
SaaS,19848.27018312316,0,0,0.0681832890493694,12.0,0
SaaS,77100.47720225227,6,2,0.2262654210716534,11.0,1
Healthcare,124747.28903089052,5,1,0.2521776184385941,11.0,0
Finance,177579.89039452927,5,2,0.2959657636529236,13.0,0
SaaS,49578.94684904682,6,4,0.3156857697636382,23.0,1
Healthcare,117866.48396904096,5,4,0.1936696948009222,12.0,1
E-commerce,56383.79821103109,9,8,0.5485345645901709,31.0,1
Finance,58873.77377445613,7,2,0.2499618570217031,10.0,1
Manufacturing,100635.00536956653,1,2,0.2385750974041374,11.0,1
Manufacturing,110403.53620378589,0,0,0.0090909319533435,49.0,0
Finance,353913.68624787254,1,2,0.3151231070803006,19.0,1
Healthcare,48140.61335344472,9,6,0.3169540486132937,21.0,1
E-commerce,15976.646060270868,2,0,0.4385863024991652,36.0,0
Manufacturing,119439.291119893,5,3,0.2386154613564263,23.0,1
Healthcare,21538.131402233117,3,0,0.596842810972577,51.0,0
Healthcare,21837.401720343038,0,0,0.7681067278057311,47.0,0
SaaS,11811.77177333422,1,0,0.6149351138726534,61.0,0
SaaS,819691.7272335864,7,3,0.436296304435784,36.0,1
Healthcare,29981.901994392065,6,7,0.2071346895704824,29.0,1
SaaS,37415.50926924448,2,0,0.2469574764824975,15.0,0
Finance,24918.28175032989,0,0,0.7201016553134366,42.0,0
Finance,58478.99472208647,3,3,0.1896502797506423,16.0,0
Healthcare,66443.89592548653,10,6,0.4297465995810815,38.0,1
Healthcare,209667.41777960508,0,0,0.298746667859801,13.0,0
Healthcare,91323.02377491644,2,1,0.2835271940231726,17.0,0
SaaS,66462.44006365004,7,1,0.5984393973469888,32.0,0
Healthcare,206399.0656123267,5,0,0.1513615551560984,11.0,0
Finance,29950.521603326037,2,0,0.7239797271900851,24.0,0
Healthcare,53771.17604706606,5,5,0.2408007560415431,18.0,1
Manufacturing,20168.21816007304,0,0,0.600960057590272,31.0,0
Healthcare,55573.837118281896,7,4,0.2500905932789667,23.0,1
Healthcare,73624.04651196366,3,2,0.2611833218262065,9.0,1
SaaS,58872.944440263294,10,8,0.5657941455335285,35.0,1
Manufacturing,66339.84212467207,4,3,0.3015464272330811,18.0,1
Finance,271376.81765007647,2,5,0.3524022662945283,1.0,1
SaaS,45166.11399672709,8,2,0.2998061773266307,16.0,1
SaaS,12512.98527938266,2,0,0.6126848239404998,50.0,0
SaaS,123853.1052396716,2,0,0.0189395231704944,27.0,0
Finance,145051.87874729588,2,0,0.0827089277481634,15.0,0
SaaS,60902.7181156038,11,5,0.3456877602575236,27.0,1
Finance,72836.741376267,5,3,0.3859559003192767,15.0,1
SaaS,45711.87841927886,3,0,0.4309043232727063,5.0,0
SaaS,181312.52696164136,0,0,0.45762486417115,9.0,0
Finance,36200.57902094457,3,2,0.0917903139857226,22.0,0
E-commerce,137116.5217855325,1,4,0.2630034098458574,14.0,1
Finance,67302.31100265677,3,1,0.1375768817221351,20.0,0
E-commerce,188501.35157780556,0,0,0.1772916514779018,2.0,0
SaaS,47252.62581344395,5,4,0.312113863924984,16.0,1
Finance,577960.5352600924,3,5,0.079967561179816,2.0,1
Finance,159170.64117823698,4,0,0.2296958882352972,26.0,0
Manufacturing,34708.98584432646,3,1,0.3394314098354528,19.0,1
Finance,75921.53118419113,6,6,0.3717201033180655,15.0,1
Finance,25568.21196033681,0,0,0.7802239984990298,30.0,0
Healthcare,63515.14236702065,1,3,0.2602813176835424,44.0,0
SaaS,11178.086613363452,2,0,0.4828127781317283,42.0,0
SaaS,57508.74376680792,5,5,0.1033910884462236,21.0,0
Finance,58126.36392634518,3,1,0.2835271940231726,11.0,0
Healthcare,25436.532454081786,5,2,0.2090922819654557,10.0,0
Finance,14998.575759102185,3,0,0.7800927411824056,35.0,0
Finance,70917.95476646905,5,5,0.2876256246251368,19.0,1
Healthcare,98897.90097294524,5,4,0.2247214088465742,33.0,1
SaaS,165808.82913748233,2,5,0.3685240513000679,7.0,1
Finance,84585.51886710573,4,1,0.4733597373467003,22.0,0
Healthcare,68199.56766979616,2,0,0.1524733170775329,33.0,0
Healthcare,101621.79258204228,1,1,0.2027019210823253,10.0,0
Manufacturing,98778.36158509662,6,6,0.2133500931237839,37.0,1
Manufacturing,26892.546862335028,8,2,0.4569834413207657,20.0,1
E-commerce,140803.0511189007,0,0,0.2505550728568072,4.0,0
Finance,35413.341506195466,3,2,0.212683103011552,8.0,0
Finance,46842.25117916799,8,2,0.6400763269749461,16.0,0
Healthcare,17173.213617079153,2,0,0.5609483979465846,30.0,0
Healthcare,170158.98355934385,9,8,0.4109357567680032,30.0,1
SaaS,25489.575669086964,3,2,0.1902294066889109,17.0,1
E-commerce,101030.58068881756,0,0,0.035870128280133,8.0,0
E-commerce,63659.89581056636,6,2,0.1238946635545302,6.0,0
E-commerce,54789.06709205701,2,4,0.1326982641051992,20.0,1
Healthcare,50585.42436881661,7,6,0.2835271940231726,27.0,1
SaaS,115512.53851901082,1,1,0.2879239996108089,6.0,0
Healthcare,113213.70369130529,12,9,0.2489876295877187,31.0,1
Finance,92156.55692011924,3,2,0.12150033232062,18.0,0
SaaS,96390.8771053791,4,3,0.1959694232289718,7.0,1
Finance,66626.69148684319,7,2,0.138185871377015,37.0,1
Healthcare,177966.86471747456,1,1,0.1935053608126493,8.0,0
Healthcare,36485.74864035442,8,7,0.1891134808130004,25.0,1
SaaS,56402.32571214304,4,1,0.2848402947322987,8.0,0
E-commerce,51077.90179090557,5,1,0.2390241846177909,3.0,1
Healthcare,155037.64651990906,2,5,0.3342052252703769,3.0,1
E-commerce,52243.34967002357,4,5,0.2033785211218008,15.0,1
Healthcare,21575.38002134024,1,0,0.822104903036202,20.0,0
Healthcare,46077.37103042311,10,7,0.3667612669314449,35.0,1
SaaS,14156.400368526029,7,5,0.4667892199162208,22.0,1
SaaS,39537.66427686863,6,3,0.1572830217552893,17.0,1
Manufacturing,53097.470324925205,8,2,0.3013992887414173,23.0,1
Finance,191798.6179311542,5,1,0.1513561385529163,18.0,0
SaaS,245781.96222841504,1,0,0.0892287240485343,1.0,0
SaaS,16640.724707504112,0,1,0.7189007954666959,59.0,0
Manufacturing,26175.436170481207,1,1,0.2565802770808505,12.0,0
Finance,124864.46579670192,2,0,0.2238401562126317,23.0,0
E-commerce,397691.4762728944,1,1,0.0237564860148856,8.0,0
SaaS,43622.80989162689,9,4,0.3685254588857184,22.0,1
Healthcare,63476.93076424684,4,4,0.500081912096827,41.0,0
SaaS,120618.89927965328,2,1,0.3781422919166773,22.0,0
Healthcare,68756.14129361721,9,4,0.2716320335509561,13.0,1
SaaS,156912.87638754107,3,2,0.289701589830791,26.0,0
E-commerce,182061.5092607861,2,3,0.1876570100081934,13.0,1
SaaS,163029.499960635,1,2,0.1789572132775677,2.0,1
SaaS,41684.82903905613,6,4,0.3106191012525,32.0,1
SaaS,27462.25598391725,4,2,0.2835271940231726,17.0,0
Finance,157605.90984767248,4,2,0.0792284521290104,21.0,1
Finance,82347.16749789889,2,1,0.2811254260112581,26.0,0
SaaS,80851.83368623556,8,7,0.3059449537367611,24.0,1
Healthcare,121305.1699705244,7,5,0.1834547707926521,19.0,1
Finance,119961.6574718264,7,5,0.3255480791074192,20.0,1
SaaS,40517.83529595992,3,2,0.1806627441919738,22.0,0
Healthcare,126481.36277037584,5,3,0.329375609445872,8.0,0
Healthcare,53937.95397639382,2,3,0.3479577736955797,18.0,0
SaaS,200744.1024585912,2,3,0.3677836397663407,3.0,1
Finance,18183.278544993373,2,0,0.4564334978677808,48.0,0
Manufacturing,101759.21924089052,4,3,0.1790993202972548,18.0,1
E-commerce,55133.24546845983,2,0,0.2390525786213522,18.0,0
SaaS,39428.55790339699,5,0,0.1736311275657065,29.0,0
Finance,56954.589778225614,1,2,0.3721946929691643,10.0,0
E-commerce,240156.65204071,6,7,0.4152113309021702,11.0,1
E-commerce,188517.5600260329,5,9,0.5968974974206067,10.0,1
E-commerce,49305.040568263896,3,2,0.338201161454179,17.0,0
Finance,37093.60637147275,2,1,0.2783540303738892,12.0,0
SaaS,26425.745121895165,4,3,0.1676527905230787,13.0,0
E-commerce,172312.01065530712,2,3,0.1531887490364679,3.0,1
SaaS,25996.757583370283,4,3,0.3352768467750736,17.0,0
SaaS,40644.8459714642,2,3,0.2835271940231726,24.0,0
SaaS,64605.393100215726,3,3,0.1748559068781012,37.0,0
SaaS,61439.71476829072,10,6,0.3867899316614719,43.0,1
Finance,296215.98334989964,1,0,0.2459601696764039,1.0,0
SaaS,60282.11047405453,8,4,0.2028617899239553,18.0,1
Finance,206078.62377299048,9,3,0.4259083449314158,19.0,1
Healthcare,40786.47299900964,5,3,0.3268215219399426,15.0,1
Healthcare,63416.10005695276,2,2,0.3833438487714601,10.0,0
SaaS,146151.9824486943,3,3,0.1701238614542365,4.0,1
Finance,226086.0174651332,14,12,0.3645304889060518,45.0,1
SaaS,39111.69238712198,11,5,0.472313216538344,32.0,1
E-commerce,209534.6531378356,1,0,0.3184571510242232,3.0,0
Finance,19715.85997305239,2,1,0.2835271940231726,49.0,0
Finance,62594.05283848077,3,1,0.2206508006508561,11.0,0
Finance,11739.596778688272,2,0,0.7084920482080451,21.0,0
E-commerce,30438.506225216053,4,2,0.2252726904930059,16.0,1
SaaS,83296.34825574614,7,5,0.3411984297795119,21.0,1
SaaS,41022.45247512073,5,2,0.2454449657964545,28.0,0
Finance,27441.649423023955,2,0,0.441521859236771,27.0,0
SaaS,23737.483700658413,0,0,0.8079548444117619,47.0,0
E-commerce,142806.2066150762,3,2,0.3445708302619507,4.0,1
E-commerce,45240.84737880735,6,4,0.2428715411774069,14.0,1
SaaS,10953.950961464956,2,1,0.2835271940231726,33.0,0
Finance,121068.12049163433,1,0,0.1838966958326488,5.0,0
Finance,53061.00425411907,2,3,0.1724603802847642,30.0,0
Finance,24062.57447447112,0,0,0.643261182989449,16.0,0
Healthcare,138507.71839146852,2,2,0.1527552885128485,3.0,1
Finance,34120.82015812104,6,4,0.3344646144386405,19.0,1
Healthcare,139119.29619265842,5,1,0.4744801538867477,5.0,0
Healthcare,34558.18452640292,0,0,0.6437349417886884,63.0,0
Manufacturing,86396.9667991396,2,1,0.4319310156527131,2.0,1
SaaS,332739.2644253847,0,0,0.185086539654016,22.0,0
E-commerce,13489.960379071705,0,0,0.4207526236411806,62.0,0
SaaS,13467.11039194716,7,3,0.2473252483060623,28.0,0
Finance,57750.305718132106,2,3,0.1456982232985408,21.0,1
SaaS,56829.93173526358,6,9,0.161431352795973,30.0,1
Healthcare,98312.47901460464,2,1,0.200965128765558,20.0,0
SaaS,33476.2976008327,5,3,0.4187251311919942,18.0,1
Healthcare,91706.71062472343,4,4,0.206938370018842,18.0,1
Manufacturing,8675.080546713825,2,0,0.7945622588030496,26.0,0
Healthcare,139821.15819219025,8,3,0.3910250146986971,20.0,1
Healthcare,15824.811884361508,1,0,0.5790168888442665,19.0,0
Manufacturing,18637.61833428241,1,0,0.6171114733478983,20.0,0
Finance,15657.054631674217,0,1,0.9088318005657372,25.0,0
SaaS,116206.77590379636,1,1,0.163175812702578,19.0,0
SaaS,11615.744933401393,2,0,0.6654201060218622,36.0,0
E-commerce,132926.52446092744,3,4,0.1584428851545363,9.0,1
Manufacturing,68969.31908362274,3,2,0.5312426206484357,14.0,0
Manufacturing,24650.60162548019,7,6,0.0932264793668923,26.0,1
Finance,130240.0763323336,9,7,0.3871087579673154,37.0,1
E-commerce,44136.06330593341,4,4,0.2150117054326445,19.0,1
SaaS,257678.73104247748,3,5,0.2835271940231726,2.0,1
SaaS,133966.81503135723,5,5,0.4941204506977645,14.0,1
Finance,77768.90054800511,6,4,0.3253688360708252,21.0,1
SaaS,40853.551561920685,4,2,0.5702559476885952,6.0,0
Manufacturing,16854.8388204673,15,11,0.5984458801386586,32.0,1
Manufacturing,27001.01022990592,0,0,0.0896154073133646,17.0,0
Healthcare,80241.48516581643,5,4,0.2537270470555347,24.0,1
Finance,62725.19999331311,2,2,0.0707584235138393,20.0,0
Healthcare,36824.08496010861,6,4,0.0948159989179806,17.0,0
E-commerce,17409.722609240776,2,0,0.611202224073872,44.0,0
SaaS,38565.7617893739,8,6,0.260883142515299,26.0,1
SaaS,101541.81298114792,2,2,0.0802536447066729,5.0,1
Finance,21287.41378670197,1,0,0.6557319168728558,36.0,0
Healthcare,37952.6613560431,2,1,0.4858641362371094,30.0,0
SaaS,40245.765746773744,2,1,0.4756892520032014,6.0,0
Manufacturing,187065.391276254,1,2,0.1900549245668344,6.0,0
SaaS,223211.9709004978,3,4,0.3417242625240865,16.0,1
Healthcare,77474.3706327312,2,1,0.1148943581189123,17.0,0
SaaS,62210.03625621267,6,4,0.431236296330077,33.0,1
Finance,88519.38670855622,3,4,0.2103776105263386,14.0,1
Manufacturing,54846.91745800157,3,2,0.1964185358965372,21.0,0
Healthcare,356274.1284929949,3,4,0.5305909779817305,10.0,1
SaaS,14839.56809207677,1,0,0.8246980532354523,52.0,0
Healthcare,199133.8696974656,0,0,0.1422349738555003,9.0,0
SaaS,58569.006824949545,4,3,0.2304970910920592,18.0,1
SaaS,46581.62085474985,5,6,0.3550646811701864,24.0,1
SaaS,9416.16401840914,0,0,0.7962431251578937,35.0,0
Healthcare,10312.37133162552,4,1,0.5006009476292547,47.0,0
Healthcare,61176.231552369725,1,0,0.0691819942413396,8.0,0
Finance,173233.53650297067,9,4,0.3539925500836177,15.0,1
SaaS,46320.89444210851,10,6,0.3684832985510343,39.0,1
Finance,11292.23445870858,2,0,0.7882251382561087,44.0,0
SaaS,10665.079322828013,2,0,0.8553422344469167,60.0,0
E-commerce,111552.88599558055,4,3,0.2092167811477799,27.0,1
E-commerce,58002.286516810505,3,5,0.2462313710003513,25.0,1
Healthcare,62880.32183296445,2,1,0.1783535023054188,28.0,0
SaaS,20549.84172197399,1,1,0.0255049169423514,16.0,0
Finance,58868.9511154894,4,1,0.2379159342995965,26.0,0
SaaS,33068.220698961864,8,4,0.3557323688792598,15.0,1
E-commerce,9736.532521124604,1,0,0.8686840293753171,50.0,0
Finance,116517.1760566638,2,1,0.2993477867849549,13.0,0
Healthcare,13957.009908840048,2,0,0.1780681972556906,23.0,0
E-commerce,14372.761010264696,1,0,0.5009524875765528,37.0,0
E-commerce,94677.4481070459,6,4,0.6041389769081031,13.0,1
Finance,36307.52525537383,6,3,0.2840800714090374,32.0,1
SaaS,9555.240428736726,4,3,0.3611969799299918,10.0,1
Finance,152316.73904969185,4,1,0.2001675626438357,26.0,0
Finance,53207.20812987591,1,0,0.2470788466442008,29.0,0
Manufacturing,91476.05168754976,10,8,0.4425438311447139,31.0,1
E-commerce,64392.91746884341,4,0,0.2565290559675959,12.0,0
E-commerce,126109.85446160982,7,3,0.2825291399198071,20.0,1
Finance,108620.50085720333,6,2,0.2979189413752064,17.0,0
E-commerce,22168.22175156252,3,0,0.7834009542187296,25.0,0
Healthcare,100804.37236613396,13,15,0.3414941421778641,46.0,1
Healthcare,52628.9437635411,8,9,0.1801716623637912,28.0,1
SaaS,131420.66616098135,4,0,0.3303756795202138,6.0,0
Finance,508466.04053281073,2,4,0.2756492667597974,25.0,1
E-commerce,59471.68906647855,3,2,0.378685850392537,15.0,0
SaaS,67565.0798826395,1,2,0.3418469712318361,27.0,0
Finance,52343.39542989208,10,1,0.4867943468539442,13.0,1
Finance,97328.76129846416,11,9,0.3424742009354623,26.0,1
Finance,56619.58967337089,6,4,0.3140559064058801,6.0,0
Finance,133860.30117263264,1,1,0.2445187799083754,19.0,0
SaaS,34386.01627693628,1,0,0.2284821598745442,12.0,0
E-commerce,155862.3092011269,1,0,0.4285266878652362,12.0,0
Finance,61683.37320646252,1,1,0.1151582008612103,18.0,0
Finance,91065.66583577926,8,8,0.3713515338062582,47.0,1
SaaS,42248.581924131206,5,1,0.248674060628583,15.0,0
E-commerce,16200.699045042704,4,2,0.2867791440013597,5.0,0
Healthcare,33511.98357769761,7,5,0.4227538165008307,22.0,1
Healthcare,26527.300434535755,2,0,0.4339913719810795,62.0,0
SaaS,21036.33451844147,0,0,0.2835271940231726,43.0,0
Healthcare,50965.21897207688,15,7,0.4537142367956091,29.0,1
Finance,23598.530522822624,5,5,0.3811202254252532,16.0,1
SaaS,50687.58255636972,4,2,0.3667237298539381,24.0,1
SaaS,131493.16134658674,2,4,0.3531838467716469,18.0,1
SaaS,199168.23510573627,2,4,0.2473974866697695,14.0,1
SaaS,306858.527807872,1,1,0.3023993860905467,6.0,0
SaaS,14601.151965447763,0,0,0.7798336629281089,34.0,0
Finance,57864.85409989901,5,4,0.1308108303591797,12.0,1
Healthcare,14601.646840114672,2,0,0.6707557984893435,17.0,0
Finance,40409.92870185791,1,1,0.1059541693016301,17.0,0
Finance,10782.71051215821,1,0,0.5137454073094462,59.0,0
SaaS,44476.45773383581,4,1,0.2935029656674241,13.0,0
E-commerce,77643.17070685435,1,2,0.109549715060537,18.0,0
Manufacturing,11020.352449583304,2,0,0.79530677379717,15.0,0
SaaS,58073.01004768764,3,1,0.2076259293795538,18.0,0
Finance,18262.44676066233,0,0,0.7196840979344777,54.0,0
Finance,240085.5690016476,2,5,0.3771333982545573,2.0,1
E-commerce,55659.23112167781,0,5,0.4498290681600541,19.0,0
SaaS,54106.99724974131,2,3,0.4464302216699815,25.0,0
SaaS,113447.98017556428,2,1,0.178038619686569,12.0,0
E-commerce,83888.36472103135,4,1,0.2131347885391973,16.0,0
SaaS,18253.29676337106,17,8,0.5266195852308357,25.0,1
E-commerce,213096.2471308288,0,0,0.1612622805156937,12.0,0
Finance,63599.32052490637,2,2,0.0514081126871435,29.0,0
SaaS,195172.5104746507,4,8,0.2859852835688027,7.0,1
E-commerce,29508.57524084088,1,0,0.1278369244722855,8.0,0
Healthcare,272019.62507316686,1,1,0.1089335076302299,16.0,0
SaaS,236270.39558960331,0,0,0.2496914027468223,5.0,0
Healthcare,41317.65545703085,11,8,0.3837115278632286,34.0,1
Manufacturing,29354.49802939905,1,1,0.0574546284596351,20.0,0
Finance,80578.06482026474,8,8,0.3452391072476146,33.0,1
SaaS,13958.632411701152,1,0,0.7164503221027777,70.0,0
Finance,24369.131559402955,8,4,0.494736456322926,14.0,1
SaaS,151376.56701674487,10,5,0.2916905761742117,41.0,1
Finance,26557.578897011463,2,1,0.8033438790891149,61.0,0
Finance,64360.84793230813,6,3,0.2345304924171983,43.0,1
SaaS,265616.2742631626,0,0,0.1362373667409707,6.0,0
Manufacturing,202731.48454546457,1,1,0.1957306230789027,5.0,0
Finance,114806.93989343544,4,2,0.2498815477256989,23.0,1
Finance,56632.936251996216,1,1,0.0654528994070151,10.0,0
E-commerce,53061.57401552843,11,4,0.4912965116311542,21.0,1
SaaS,52876.79179121754,1,0,0.2976206678071315,20.0,0
Manufacturing,211518.23002792173,2,3,0.2227262433161019,8.0,1
Finance,38203.21192041365,2,0,0.712261254627517,53.0,0
SaaS,35014.06253670301,3,1,0.1448703214372454,22.0,0
Finance,197445.49099547887,0,0,0.1084402348597676,8.0,0
Finance,41446.11824681142,5,4,0.2933247706633445,48.0,1
SaaS,77141.04605003474,4,2,0.1728272694985396,20.0,0
SaaS,200198.0936010984,1,1,0.547667448526863,7.0,0
E-commerce,13233.823677827306,1,0,0.425117485443402,42.0,0
Healthcare,30372.33048009361,8,4,0.3792304572464597,24.0,1
Healthcare,85517.49398689686,6,6,0.2432504699539495,34.0,1
Healthcare,50170.77814585702,5,4,0.212770659489737,17.0,1
Manufacturing,53624.57238047266,5,3,0.2909870593417686,20.0,1
Healthcare,72406.66684291599,1,2,0.427357883128194,14.0,0
Healthcare,25305.43386316354,3,0,0.7843490256176826,30.0,0
Healthcare,188295.5341399099,4,7,0.4606582612213905,5.0,1
SaaS,32597.51500310065,2,0,0.3039488362115458,16.0,0
Healthcare,544732.5043045696,1,1,0.1780986964663201,16.0,1
Manufacturing,18516.228976196864,2,1,0.3657212867921586,28.0,0
Healthcare,54436.965704110575,6,2,0.3139794790808822,8.0,0
E-commerce,61984.29294401077,6,2,0.1671097678208194,2.0,0
Finance,105761.03808838852,4,7,0.2557090364220666,3.0,1
SaaS,81661.15603517472,4,2,0.1122098837885832,22.0,1
Manufacturing,36426.97006484734,5,3,0.2733681799671898,27.0,1
Finance,513205.1255320253,1,0,0.3342090386377232,1.0,0
Manufacturing,12465.044299447316,2,0,0.1135728752992154,28.0,0
SaaS,77928.33635768555,1,2,0.2084962628361676,4.0,0
Manufacturing,38185.23896006622,6,2,0.2466527908610702,16.0,0
SaaS,209961.9465683192,0,0,0.1427919755550733,7.0,0
Healthcare,40178.36411811644,3,2,0.1955597394840372,13.0,0
Finance,549580.8792815541,3,5,0.4600627517441628,5.0,1
Healthcare,76731.23067113728,4,7,0.2442353675536143,32.0,1
Finance,45402.490917480674,3,2,0.4361390438445588,15.0,0
Finance,124100.4098313134,1,0,0.0602958371428306,7.0,0
Finance,86267.45347539854,5,3,0.3052666498423841,16.0,0
Healthcare,251088.39356905333,0,0,0.2863875509550912,9.0,0
E-commerce,32554.599343420137,12,6,0.2006505441000141,22.0,1
Finance,164596.70423982473,0,0,0.1287195684035726,2.0,0
Finance,27726.77138791396,5,5,0.1880877530612659,39.0,1
SaaS,273276.9988796718,2,1,0.2835271940231726,1.0,0
Finance,48763.65757589653,1,3,0.1313654823169917,9.0,0
Finance,131876.95974382648,5,2,0.2516764522326022,10.0,1
Finance,19003.911821684727,4,1,0.1580411289122896,12.0,0
Manufacturing,11602.677008599723,1,0,0.5226324241997046,80.0,0
E-commerce,43399.41203762197,2,2,0.0953927600004086,16.0,0
Healthcare,87038.62402758235,1,0,0.1092599405765062,9.0,0
SaaS,33733.366338060565,6,5,0.1716956034714677,23.0,1
SaaS,56751.194419634136,5,3,0.4188000107972761,27.0,0
SaaS,61802.08320820706,1,0,0.1116590730165495,19.0,0
SaaS,28414.402322245023,2,2,0.1449759724042334,26.0,0
SaaS,11141.018228486486,2,0,0.8228363321963946,66.0,0
Healthcare,75191.24175526433,7,5,0.2137424276672835,23.0,1
Finance,13376.52603393254,2,0,0.844711130033261,49.0,0
SaaS,36516.5778460047,4,3,0.1401981695921582,14.0,0
E-commerce,66517.49020123498,2,1,0.362744415330283,10.0,0
SaaS,116157.99744573116,7,7,0.3061750629569884,15.0,1
E-commerce,35317.85391080589,3,0,0.2143242685078292,32.0,0
Manufacturing,116409.4666153802,4,3,0.3176406369177157,14.0,1
Finance,68869.92290327384,3,2,0.3631099721396532,2.0,0
SaaS,38305.66288437521,3,2,0.1475192060061708,5.0,0
SaaS,68733.89812487595,2,2,0.1185204141796296,15.0,0
Manufacturing,155454.41761448042,3,3,0.5482054804241467,9.0,1
Manufacturing,183761.492077465,1,2,0.3596332323736956,1.0,1
SaaS,157678.25238196042,1,2,0.3075559036297743,1.0,1
Finance,30790.400089277464,3,3,0.2950281201914629,10.0,0
E-commerce,71994.3826112526,1,1,0.1064212594990424,42.0,0
Finance,18910.36015721717,2,0,0.6900140698115322,61.0,0
E-commerce,34179.69602029574,4,2,0.5480432963058876,15.0,0
Manufacturing,38353.00039110957,5,0,0.2039666716006976,10.0,0
Healthcare,76927.50535148477,10,4,0.2835271940231726,18.0,1
SaaS,39349.14701488767,6,6,0.2827545223912808,16.0,1
Healthcare,14527.431633815571,2,0,0.7321215883381633,39.0,0
Healthcare,826726.0252353987,0,0,0.2803853504903943,5.0,0
Healthcare,218823.5183404348,0,0,0.1733733028412508,5.0,0
E-commerce,121305.64218979006,1,0,0.4492596014652737,7.0,0
Manufacturing,7922.686619017278,1,0,0.6184585236292214,51.0,0
Manufacturing,32764.074308671094,1,0,0.1978479699855781,6.0,0
Finance,252457.5886316833,3,8,0.6094868434555044,7.0,1
E-commerce,397382.9198521529,2,5,0.3310193427570411,10.0,1
SaaS,102494.99321403836,3,3,0.5514375213996872,3.0,1
Healthcare,164092.67456066958,3,1,0.1934373949417586,20.0,0
Finance,31094.66407318012,2,0,0.1690538041171477,10.0,0
Healthcare,72883.59425322532,3,1,0.078426966041601,6.0,0
Manufacturing,9122.103426201287,2,0,0.5335599155380886,18.0,0
SaaS,40136.90891673351,5,4,0.3746271507569751,15.0,1
SaaS,178451.59189021384,0,0,0.1610014570626586,5.0,0
Healthcare,11925.34377642778,5,0,0.6220062359324716,19.0,0
SaaS,76232.54674235402,3,5,0.173381807129052,15.0,1
Finance,116326.77666602208,1,2,0.184068629713451,22.0,0
Healthcare,45390.600674132416,1,0,0.0485409176721931,14.0,0
SaaS,58141.40707234951,5,3,0.3450326372654571,15.0,1
Finance,43297.94532380915,10,7,0.4603449714728712,27.0,1
E-commerce,302310.98036812287,1,2,0.2176513200368742,6.0,1
Finance,86795.06312892982,4,0,0.1300543228180631,5.0,0
SaaS,144685.05735720735,0,0,0.2219678848518675,15.0,0
Healthcare,67236.1573901682,5,1,0.2375839547807314,16.0,0
SaaS,10802.00687737352,1,0,0.8484860829155167,31.0,0
Finance,29995.335869464223,3,3,0.3579476952534064,5.0,0
Finance,77942.8133479605,3,1,0.1414714774414235,11.0,0
Manufacturing,27266.568753591742,2,1,0.4872381600903057,22.0,0
Healthcare,20774.05505807833,0,0,0.6766387239226175,36.0,0
E-commerce,11479.938660209287,2,0,0.8196521079911019,46.0,0
Manufacturing,13151.254411993035,0,0,0.650016787924068,51.0,0
Finance,160150.58711789112,5,2,0.241428006964444,12.0,1
Healthcare,248031.44142518684,7,5,0.3743057669086252,17.0,1
SaaS,69668.78660633312,3,2,0.3733614797732086,12.0,0
Manufacturing,237870.0991338821,4,5,0.0923327904273587,1.0,1
Manufacturing,27244.231721227257,7,4,0.3039677018130726,16.0,1
SaaS,175271.48931599592,4,6,0.3756428246107179,18.0,1
E-commerce,11155.463572057364,2,0,0.7698363211545516,19.0,0
Finance,56145.1073118039,2,0,0.2740326710499402,8.0,0
Manufacturing,57094.89725056288,2,3,0.2835271940231726,23.0,0
Manufacturing,195961.34883821176,3,2,0.371291664689136,11.0,1
Finance,366975.5407956919,3,3,0.4706885176481153,12.0,1
Healthcare,46234.72772855296,4,1,0.3116917928323005,6.0,0
Finance,22428.115796795104,1,0,0.6702703391626157,45.0,0
Healthcare,28459.50700030172,3,4,0.3551754092493778,15.0,1
E-commerce,54915.60705372422,6,5,0.2141427728261395,19.0,1
Healthcare,41277.40795710508,5,0,0.3504261911567092,16.0,0
Finance,161637.7568331825,1,0,0.5826834090033971,11.0,0
Healthcare,673095.3897137864,1,1,0.1501382920839327,10.0,1
Manufacturing,25073.19616334093,16,9,0.5838059554276044,28.0,1
SaaS,48065.37545647713,9,5,0.5467062979165542,22.0,1
Healthcare,20135.25341993609,2,0,0.6546112695729865,86.0,1
Finance,452572.1167010858,0,0,0.3097791407367983,5.0,0
Manufacturing,136355.82228759365,2,6,0.2506973517844448,6.0,1
E-commerce,34881.45262048729,4,2,0.2007283065122043,13.0,0
Healthcare,64534.72320611385,6,2,0.2413648523014527,26.0,0
Finance,72900.65858948011,5,0,0.4438555549071152,21.0,0
Finance,174100.54570197675,3,3,0.18155452586413,22.0,1
Finance,87598.25497035173,3,0,0.2352788871382226,5.0,0
SaaS,148642.22299022385,1,0,0.1463923242296725,7.0,0
Manufacturing,107659.7344220088,5,8,0.5344545697807453,5.0,1
SaaS,478125.5027347676,3,4,0.3716767619684321,15.0,1
E-commerce,351025.96977592504,2,1,0.0973320272960833,10.0,1
Healthcare,24171.937305271284,7,4,0.2835271940231726,33.0,1
SaaS,43729.28475908181,8,1,0.3473241753035813,33.0,0
SaaS,27828.482315283018,2,0,0.1329841656981337,11.0,0
Finance,261293.4802756349,0,0,0.3183996375108824,10.0,0
Healthcare,18557.70745953116,1,0,0.8091630927402914,22.0,0
SaaS,14682.08462413154,0,0,0.3314277265649149,39.0,0
Finance,49958.0255850189,8,8,0.3421667909495361,22.0,1
Healthcare,9121.438433465632,1,0,0.6881415107474866,52.0,0
SaaS,196562.3184707664,3,4,0.1215229094305556,4.0,1
Manufacturing,24863.42975606034,5,6,0.2219942095616501,32.0,1
SaaS,12811.293480232434,3,0,0.5454451026428903,45.0,0
E-commerce,70575.90889917484,9,3,0.4315060487985389,10.0,0
Healthcare,291396.54936269723,1,2,0.3250010972615778,12.0,0
E-commerce,12970.804216742334,8,2,0.2251361128734526,22.0,1
SaaS,74511.7413212281,2,1,0.1163724355375217,3.0,0
E-commerce,104614.56276315896,1,0,0.0833247341855408,17.0,0
Healthcare,112217.09318582104,6,1,0.2833910556997416,42.0,0
SaaS,68241.5380416036,8,8,0.1441179350779731,29.0,1
SaaS,43486.78931288395,6,3,0.3407455226516387,26.0,1
Healthcare,38658.99080214446,5,2,0.4144092330074785,21.0,1
Finance,107224.17015011302,7,8,0.2835271940231726,28.0,1
Finance,15500.647206384136,2,1,0.6728108823673132,30.0,0
Finance,103308.19210875987,1,2,0.2596325884269138,19.0,0
E-commerce,201635.11121605852,0,0,0.1275929995426709,1.0,0
Finance,54299.6685503279,8,8,0.4244466974003021,26.0,1
Finance,26499.550441490108,5,2,0.1517595548529664,22.0,0
SaaS,60332.09307536574,0,0,0.1763307503037592,19.0,0
Healthcare,426780.7258756439,3,5,0.3058833488796245,8.0,1
SaaS,82141.82369798975,2,1,0.3157707409468632,12.0,0
Finance,205910.8672271236,0,0,0.6100820527668132,5.0,0
Manufacturing,22532.875682589696,4,1,0.2835271940231726,20.0,0
E-commerce,195954.1968835651,1,2,0.2312719653571197,2.0,0
E-commerce,42472.39785150261,9,5,0.3224692932545167,19.0,1
Healthcare,17649.617833315508,2,0,0.7120057687111617,43.0,0
E-commerce,16676.0514401205,5,0,0.5394775054201152,50.0,0
Finance,53048.24179389424,2,2,0.0802766064168559,18.0,0
Finance,62532.268276383424,4,1,0.4659718156492681,23.0,0
Finance,240893.6384849297,1,1,0.079096108641807,7.0,1
SaaS,81384.89383889173,3,4,0.3467989227966982,16.0,0
SaaS,102093.59802301328,5,8,0.4766666739406968,3.0,1
SaaS,86640.19430389485,12,3,0.3613180346553855,16.0,1
Finance,29719.13595855546,6,3,0.3037056532410833,18.0,1
Healthcare,18804.57060594772,1,0,0.8460909672027261,72.0,0
SaaS,21506.06659109276,4,1,0.1269532456102984,28.0,0
Healthcare,305640.4684007968,1,0,0.21446290163275,3.0,0
SaaS,17250.822167445018,3,1,0.1677445304057332,15.0,0
Finance,35514.79657606039,10,6,0.5455441402684821,27.0,1
E-commerce,102812.625921726,2,0,0.1692294764507727,16.0,0
SaaS,9681.725647801395,2,0,0.5578596670273183,48.0,0
Finance,22966.195152389693,2,1,0.6687178068663321,32.0,0
Finance,348028.04362834647,0,0,0.0929697720788496,0.0,0
SaaS,31624.99114390245,1,0,0.0701384581398646,25.0,0
E-commerce,19812.798997041427,7,4,0.4151297486529939,31.0,1
Healthcare,48213.74714906095,3,0,0.1192835831297588,14.0,0
Healthcare,63669.27104278005,4,4,0.2582030396230683,36.0,1
E-commerce,201121.3278875285,2,3,0.5064445906625449,1.0,1
SaaS,292564.3900419808,0,0,0.1227476061954996,9.0,0
Healthcare,220881.69767501677,1,4,0.0608671587529855,6.0,1
SaaS,12535.60361181896,2,0,0.812496372221374,83.0,0
Finance,236363.65094310543,0,0,0.2097748727675203,1.0,0
SaaS,29520.73860749936,6,1,0.3615416957433116,27.0,1
Healthcare,16117.94406666064,1,1,0.3894515210876854,38.0,0
Manufacturing,235385.8141181553,0,0,0.2120406043220869,13.0,0
SaaS,42071.69963270507,7,10,0.4342818458033638,34.0,1
SaaS,7768.240094158617,0,0,0.7373319274149079,18.0,0
SaaS,41318.0374914031,3,1,0.2014930724407282,20.0,0
Manufacturing,14947.143533812005,1,0,0.6711063394385511,56.0,0
E-commerce,120597.05179203989,8,2,0.5062550425858721,10.0,1
SaaS,47233.89705614122,6,6,0.2653223739068788,28.0,1
SaaS,261190.1665428715,2,1,0.2835271940231726,8.0,0
SaaS,26032.05222290167,2,2,0.2021525405674175,14.0,0
SaaS,34803.054060274895,10,4,0.354414107021627,22.0,1
Finance,173934.1112755404,3,0,0.1304525481784495,22.0,0
SaaS,8167.142515976273,2,0,0.7147921913337901,62.0,0
Finance,57131.00181362255,7,3,0.1266571136954242,7.0,0
Manufacturing,15271.81261792496,12,9,0.4821251075582814,38.0,1
Healthcare,48146.650030622295,2,2,0.1346876131918116,15.0,0
Manufacturing,305557.2481653192,4,7,0.2835271940231726,8.0,1
SaaS,245872.853690271,5,10,0.3121523042546468,3.0,1
SaaS,17639.504017688967,3,0,0.4260609195091823,32.0,0
SaaS,15603.732724712718,1,0,0.8134784344124661,35.0,0
Finance,17287.4042822437,2,0,0.6754483733100741,45.0,0
Healthcare,17333.922518169955,1,1,0.6657536509959472,16.0,0
Finance,365156.6524116023,5,5,0.7482591054819525,2.0,1
SaaS,200331.4746261454,2,3,0.2909929791719461,1.0,1
Healthcare,67493.73551172312,2,1,0.0611129069619771,10.0,0
E-commerce,220749.60048630423,5,8,0.4549037482725589,4.0,1
Finance,18353.248795374824,3,0,0.7449115562849753,18.0,0
Finance,25125.393568867028,2,0,0.7907346980899826,22.0,0
Healthcare,41566.149900091776,8,1,0.2912975581673825,19.0,1
Manufacturing,16551.92488145166,9,8,0.3701316123425608,25.0,1
SaaS,67997.86678270751,10,3,0.3917539039077779,31.0,1
Healthcare,275563.8546588492,3,1,0.3766982731935539,20.0,1
SaaS,83228.85806552983,4,3,0.1450660989282894,26.0,1
Finance,167985.30355752213,1,2,0.1679669444397267,6.0,0
Manufacturing,10202.444076999594,1,1,0.5445844213456922,117.0,0
SaaS,34964.64250925253,3,1,0.2826770005343387,11.0,0
Healthcare,162868.30941612556,7,4,0.4907719473531517,30.0,1
SaaS,14717.686866532997,5,6,0.2782342957841364,19.0,1
Finance,59066.27511679423,6,4,0.310306885724727,25.0,1
Manufacturing,66538.9996536505,7,5,0.4161879487939284,29.0,1
Finance,17256.703591099395,2,0,0.6311784182436415,39.0,0
SaaS,55786.16063308898,4,1,0.3726677056963725,23.0,0
Finance,343729.0819310424,2,4,0.233644392889023,7.0,1
SaaS,43250.70728423364,6,3,0.3270424797026122,12.0,1
E-commerce,322476.88698862505,1,0,0.2718438973800059,11.0,0
SaaS,78659.28015448707,3,1,0.2325228885294721,20.0,0
SaaS,10289.45672079397,1,1,0.7616891410369377,20.0,0
E-commerce,23782.200104148164,5,2,0.374664220578358,25.0,0
Finance,210569.61931726927,0,0,0.1717490876355858,15.0,0
Healthcare,15011.546481816607,2,0,0.6252583250330827,58.0,0
Finance,62564.70270152386,1,0,0.1598496607559863,18.0,0
Manufacturing,147216.4255821827,0,0,0.1093302869931361,2.0,0
Healthcare,96777.0045892534,1,5,0.5110019438648505,26.0,0
SaaS,173250.3050318949,0,0,0.3103586770788366,4.0,0
SaaS,60899.85240975856,6,0,0.4641037301424178,8.0,0
Finance,304205.64768559573,0,0,0.1811179121500078,2.0,0
Finance,17474.933459308846,2,0,0.7322051216985644,19.0,0
Healthcare,37562.5711669392,4,3,0.2639091580331508,11.0,1
Healthcare,117408.82083407028,1,1,0.2835271940231726,19.0,0
Finance,12512.87333250784,0,0,0.5081374780827252,39.0,0
Finance,86940.97180031381,12,10,0.370085842951372,26.0,1
E-commerce,151737.33380835588,1,2,0.1035778074376575,18.0,1
Manufacturing,13664.742882240538,5,0,0.8653974313633163,59.0,0
Healthcare,31357.05009620229,3,3,0.1702634802464418,18.0,0
Healthcare,7969.38092328365,1,1,0.6322386664161741,51.0,0
Finance,57095.79886672002,0,0,0.2736765906016172,15.0,0
SaaS,63623.81533861104,3,3,0.3284485259622363,30.0,0
E-commerce,104396.56772759794,13,11,0.361603387534777,32.0,1
Finance,116837.90371283292,9,6,0.4494001533071509,40.0,1
Finance,394707.0530110928,4,4,0.3414847188702422,10.0,1
E-commerce,12346.934281317062,1,0,0.5322738309509865,36.0,0
SaaS,15818.26654822452,1,0,0.6344664506534058,28.0,0
Finance,215724.9083717081,1,1,0.3033647582499401,1.0,1
SaaS,41294.190342026486,9,10,0.3700745146562821,26.0,1
Healthcare,28963.246937948694,2,2,0.0812228959507094,29.0,0
Healthcare,70171.77362950251,1,1,0.4056349396779388,10.0,0
E-commerce,33006.09424622816,6,9,0.1382746951122835,24.0,1
E-commerce,305717.5684063078,0,0,0.1148692371441825,7.0,0
Healthcare,100219.23480640924,7,5,0.4311674903766795,32.0,1
Manufacturing,83639.34898745366,7,4,0.2424203362917093,19.0,1
Healthcare,20920.363090427545,8,6,0.251747820088965,33.0,1
E-commerce,13646.094690142034,1,1,0.5859181511072854,49.0,0
SaaS,54456.64426206792,5,6,0.2656300657233386,14.0,1
E-commerce,52328.94074913837,2,2,0.1518162728698556,10.0,0
Manufacturing,46711.94485873706,5,2,0.2872642501520024,20.0,1
Finance,61459.955277902845,7,0,0.4971840718668614,17.0,0
Manufacturing,37363.519608939525,3,1,0.2835271940231726,20.0,0
E-commerce,46868.722896838844,4,2,0.3412653645427917,27.0,0
E-commerce,81176.42784717566,6,4,0.315376286359217,17.0,1
Finance,191134.97995018988,2,3,0.2223256252885088,3.0,1
E-commerce,53381.93999436032,2,0,0.2247709680651611,17.0,0
E-commerce,57328.18508788106,9,4,0.2826283826813529,23.0,1
Healthcare,49259.4119294744,10,4,0.3383308097947806,15.0,1
Manufacturing,31703.4303043264,8,6,0.5054832567469915,34.0,1
Finance,52460.78321314209,5,3,0.413948422153522,21.0,0
Finance,35424.1554140695,3,0,0.0951912141259135,20.0,0
SaaS,218687.80337449067,2,4,0.3505147666146767,12.0,1
SaaS,150042.75461559708,1,1,0.288190512984522,6.0,0
SaaS,61273.26019894616,5,4,0.2645143531848911,31.0,1
Finance,35313.63918946192,4,4,0.1321727320078209,19.0,1
Manufacturing,83834.27483025695,4,5,0.202631649529267,24.0,1
Finance,69746.61308116282,2,0,0.2090689136815103,7.0,0
Finance,58222.453453951326,3,3,0.2911144554332794,14.0,1
Finance,8655.137515698883,1,0,0.6166116520337804,42.0,0
SaaS,105770.45109617963,6,4,0.236775226017999,20.0,1
Manufacturing,8730.616990527946,1,1,0.7141280725728396,37.0,0
SaaS,34300.47205300167,5,2,0.1667151341375761,12.0,0
E-commerce,217445.2426775304,4,1,0.2134787640385201,14.0,0
Finance,49508.02211902961,4,2,0.2418591025300101,21.0,1
SaaS,21787.911193073956,3,2,0.2835271940231726,19.0,0
SaaS,32240.305586305305,5,4,0.2808682652902016,43.0,1
SaaS,42895.605275812544,5,4,0.3597281449141954,21.0,1
Finance,62507.19173595,9,8,0.2993048195486021,28.0,1
SaaS,138334.49763366775,1,1,0.1865548115913118,0.0,1
SaaS,125998.91047825264,6,5,0.3737605593320399,28.0,1
E-commerce,25954.989470445365,3,1,0.1923467872964725,38.0,0
SaaS,79591.70239095707,0,0,0.0435381559885258,17.0,0
Finance,27805.717377289184,9,2,0.3168584541817581,14.0,1
SaaS,348147.5195437969,3,3,0.3967836184419076,20.0,1
Finance,208810.2140726933,5,7,0.2748589173990889,12.0,1
E-commerce,31574.01380915817,2,3,0.383923162929742,4.0,0
SaaS,232487.630144582,0,0,0.2364148436528487,6.0,0
Finance,71641.22956524731,6,1,0.3815972919742998,18.0,1
Manufacturing,9436.767288612533,3,0,0.81209240837752,20.0,0
SaaS,29485.113316289404,4,1,0.3287268765486213,14.0,0
Finance,241332.60741035597,1,4,0.4591315163967174,8.0,1
SaaS,23191.92975039628,2,3,0.3010783757399867,17.0,0
Healthcare,48704.84111914472,4,0,0.6254540737153894,28.0,0
E-commerce,485034.590387425,1,2,0.4174044930975297,3.0,1
E-commerce,7910.164946566684,1,0,0.5447798283816115,46.0,0
Manufacturing,46589.07349330981,5,1,0.5812220857542493,25.0,0
SaaS,57438.0243549882,2,1,0.2549915394326453,12.0,0
SaaS,12270.682653127898,2,1,0.8031643531501255,43.0,0
E-commerce,99194.09658010556,4,4,0.320622445112865,19.0,1
Finance,29990.40452395013,5,2,0.2287445922314436,29.0,1
SaaS,42335.51223217957,0,0,0.0309283072291959,17.0,0
SaaS,49760.563880294205,7,2,0.2441667727157271,17.0,1
Finance,77148.89287917937,3,0,0.18425074358692,13.0,0
Healthcare,94615.593665275,2,3,0.2291703995434078,16.0,0
E-commerce,6157.667551704602,2,1,0.1541390853674639,17.0,0
E-commerce,273791.1444727186,0,0,0.1149811265807821,5.0,0
Finance,81884.4316441118,3,2,0.1781389284088627,27.0,0
Finance,80546.49233005068,10,6,0.4585720657026368,27.0,1
Healthcare,123355.39598759433,5,4,0.2943307303671454,33.0,1
E-commerce,25961.14816871844,4,1,0.1445922041554628,8.0,0
Finance,76138.28748371899,2,2,0.1022145439571396,21.0,0
SaaS,11027.022346386628,2,0,0.6206286312705029,36.0,0
Finance,70486.27254957827,4,2,0.3601888749637373,37.0,1
SaaS,32750.836112148278,3,3,0.2100547341942143,22.0,0
Healthcare,18203.179735287154,1,1,0.709628824952808,55.0,0
E-commerce,70473.35949512417,2,2,0.231782025901392,23.0,0
Finance,83181.01682123542,4,2,0.4087144938455668,16.0,0
SaaS,32985.01554316494,1,1,0.1994546505758091,20.0,0
Finance,85710.04875685238,7,2,0.4751479736153909,12.0,1
SaaS,42822.14452511008,7,1,0.3619483638553865,17.0,0
E-commerce,70463.21240368903,1,1,0.0905383024104336,12.0,0
Finance,70005.27058758083,6,6,0.2543674567446934,28.0,1
E-commerce,50385.67879631355,3,6,0.4433498670489947,19.0,0
SaaS,373849.8416019265,2,3,0.3143222017357928,11.0,1
Finance,94992.6147696772,3,0,0.0910019276567428,23.0,0
Healthcare,251386.4566599682,2,1,0.5517383032498739,8.0,1
Finance,45928.81761665608,2,3,0.2582329785651661,17.0,1
SaaS,55161.05864999383,4,2,0.3158017602197044,22.0,0
E-commerce,48892.018054108994,6,2,0.4216881885811783,17.0,1
Finance,65677.30415975099,9,6,0.4883406055329423,37.0,1
SaaS,133891.76062504237,0,0,0.2962548870808818,16.0,0
E-commerce,33195.09480114649,5,0,0.1499750430060264,10.0,0
Manufacturing,111478.57093373318,4,1,0.3013868290108518,20.0,0
SaaS,46032.29270770896,10,3,0.351517275263867,24.0,1
Manufacturing,20697.21066869197,6,1,0.3702557693189947,19.0,0
SaaS,26908.397126424617,5,2,0.334436017755756,13.0,1
Healthcare,92520.2477450448,9,7,0.5006715424568088,34.0,1
E-commerce,31546.878892618966,4,1,0.3184013187138301,19.0,1
SaaS,73386.44997077294,7,1,0.2404759259656518,13.0,1
SaaS,41902.498857925,2,1,0.3011225156034764,12.0,0
SaaS,156075.9902263195,10,3,0.3798035785921205,35.0,1
E-commerce,46098.70835485481,2,4,0.2693537817877799,7.0,0
E-commerce,248529.29643344236,1,2,0.2531418180211353,14.0,1
Healthcare,53758.24455435796,2,1,0.133090912894294,10.0,0
Healthcare,239434.6601437624,5,5,0.3922902029272626,9.0,1
SaaS,201190.6115224054,1,1,0.187926135453469,6.0,1
SaaS,12910.79540910462,3,0,0.6473748814976801,60.0,0
Finance,125766.16625096534,2,4,0.4056086268287662,5.0,1
E-commerce,27585.07931279363,12,6,0.4863024110040156,48.0,1
SaaS,218212.61885168136,0,0,0.1776593436385473,1.0,0
Healthcare,21635.79087240704,0,0,0.799505834819768,71.0,0
Finance,390139.112960528,6,11,0.4860177953951906,9.0,1
Finance,228221.78030979884,1,0,0.0545521874573356,11.0,0
Manufacturing,12612.184874461287,0,0,0.732004649388828,20.0,0
Healthcare,72945.56534260303,7,6,0.278855250380262,18.0,1
Finance,94435.27938954395,4,4,0.3190315405620131,21.0,1
SaaS,24137.41198988352,2,3,0.1003667724197002,43.0,1
Healthcare,149518.7643529701,4,0,0.1988298359577899,22.0,0
Finance,166034.20265990766,3,5,0.3879753519643729,2.0,1
Healthcare,9275.26499345418,3,0,0.6251682043587247,46.0,0
SaaS,196343.77376459405,0,0,0.2437504670047153,19.0,0
SaaS,51932.002692711045,12,7,0.3776700849360716,19.0,1
Healthcare,324599.7914928428,0,0,0.2499622054405676,2.0,0
Healthcare,34392.12298584459,4,1,0.2510537824072066,20.0,1
Manufacturing,11489.92319976052,1,0,0.5951111002379534,73.0,0
Healthcare,11776.722199981055,3,1,0.7846740870090362,63.0,0
Healthcare,149112.81255618378,6,4,0.2455385293912929,43.0,1
Finance,60851.04613988575,2,1,0.2554066966450399,31.0,0
SaaS,20936.64181415965,10,7,0.3691145435877573,26.0,1
E-commerce,35875.70640323794,9,6,0.1635070773414161,16.0,1
Finance,76895.94146159793,2,4,0.2030060749070926,11.0,1
SaaS,69561.47960316473,4,2,0.2650581542221659,16.0,1
Finance,36128.74674267787,3,1,0.089001457124101,17.0,0
Healthcare,13561.494195740095,1,0,0.7745044837886977,55.0,0
E-commerce,29860.61878486866,6,6,0.3589221495270892,24.0,1
Healthcare,159738.38715233008,5,3,0.2788378120007649,12.0,1
SaaS,47887.152632070814,2,1,0.2695935791003326,9.0,0
Finance,103991.63369709486,4,2,0.2927406863220797,29.0,1
SaaS,117996.32880950846,12,6,0.3710873802632299,24.0,1
Finance,53305.06598749767,6,2,0.3061614131952461,7.0,0
E-commerce,36424.51913889748,6,1,0.4513234446492533,17.0,0
Finance,28675.853326979795,5,1,0.353444849952314,16.0,0
E-commerce,76324.48897830784,2,1,0.2264194049063141,17.0,0
Healthcare,93392.4761383405,0,0,0.2835271940231726,14.0,0
SaaS,155096.37298858352,1,3,0.1673984602385996,3.0,1
Healthcare,21286.314799545908,5,6,0.1345793313587036,20.0,1
Manufacturing,185199.2769070668,0,0,0.4555223159508073,3.0,0
Finance,82216.58394891191,6,3,0.2638191035552257,12.0,1
Finance,12642.450348065857,1,0,0.6793495796377277,48.0,0
SaaS,73818.89811871116,5,2,0.1797573040254079,18.0,0
Finance,169100.09528127417,5,5,0.1839050717435653,31.0,1
Finance,136678.38231278805,0,0,0.4668540895811857,9.0,0
Manufacturing,79845.41007573903,1,0,0.1054720356558871,13.0,0
Manufacturing,47960.80645998335,6,2,0.2310881706182372,12.0,0
Healthcare,13108.20167918609,3,0,0.4813325174502318,36.0,0
Manufacturing,11204.428608448156,0,0,0.3980976476141125,79.0,0
SaaS,66122.81715573762,3,1,0.2835271940231726,12.0,0
Healthcare,71517.73136020385,6,3,0.1566218449050146,19.0,1
SaaS,21550.29824109251,5,4,0.2501797844775275,16.0,1
SaaS,60654.16926399155,8,12,0.4533936563026691,39.0,1
Manufacturing,17619.031986271213,1,0,0.6902894753982245,63.0,0
Healthcare,21541.145233488463,3,0,0.7225244600394597,47.0,0
SaaS,9125.91881147088,2,0,0.6225697073828199,43.0,0
Finance,69859.00860030187,7,2,0.2628048645118181,8.0,1
Finance,41429.27796273749,6,4,0.2009006627356752,31.0,1
Finance,24481.868970618187,2,0,0.7705489324838379,84.0,1
Manufacturing,39529.76320820713,4,0,0.3361543151544153,20.0,0
E-commerce,148201.71227916353,2,1,0.2835271940231726,21.0,0
E-commerce,58900.85921269515,4,2,0.2217306592668649,15.0,1
SaaS,54936.12408189298,6,2,0.2998413529333001,17.0,0
Healthcare,49454.77857091294,3,3,0.2287189850586552,8.0,0
Finance,52017.52857236267,4,4,0.2835271940231726,18.0,1
Healthcare,52412.54373146351,5,0,0.2054122134050613,29.0,0
Healthcare,61102.138474298816,9,5,0.261053168668551,55.0,1
E-commerce,42350.12141421791,6,8,0.2115115860635074,33.0,1
SaaS,56467.66151756959,8,11,0.3661575939029333,37.0,1
Finance,383016.4517898109,2,7,0.1829340877738095,4.0,1
Finance,20255.78092886898,2,0,0.5919240368342262,29.0,0
Finance,37863.55277422396,3,4,0.4884191627946129,8.0,0
Healthcare,69490.9102918939,1,3,0.261447837978502,26.0,0
Manufacturing,80448.17985573478,3,2,0.1503715533687978,14.0,0
SaaS,47415.6724459093,11,4,0.3943590270940267,19.0,1
E-commerce,250067.62415186813,1,1,0.1962558931076369,7.0,0
SaaS,35249.82032293662,2,1,0.4099706649631288,11.0,0
Healthcare,297405.2777406521,3,7,0.2220303880303228,13.0,1
Finance,19917.838978272244,6,5,0.2835271940231726,27.0,1
E-commerce,36345.49840616762,6,6,0.2437173134312037,47.0,1
E-commerce,25693.72031045696,6,1,0.3275277124965048,13.0,0
Finance,268873.6926556678,2,4,0.4206721554041082,9.0,1
SaaS,24113.13188036289,8,4,0.23032785712633,16.0,1
SaaS,57768.498742060925,2,1,0.0888271322166225,16.0,0
SaaS,48962.09654598707,2,1,0.3216356458596156,4.0,0
Manufacturing,79124.7685274405,2,2,0.1847314644921947,19.0,0
SaaS,27804.27583253191,14,6,0.3929314277615212,18.0,1
SaaS,38257.18695347799,5,1,0.3275949876635474,32.0,0
Finance,450857.9591407627,4,1,0.2349541097145883,20.0,1
Finance,12752.885256038036,0,0,0.7417229747623616,32.0,0
Finance,144372.5507222637,10,4,0.4368692630202174,22.0,1
Finance,100077.41340582866,2,2,0.1648990208486898,11.0,0
SaaS,13062.802826079058,1,0,0.6710699010133205,48.0,0
SaaS,221108.38178714685,1,4,0.0919375454709999,6.0,1
Finance,23051.177635210617,2,0,0.4310803782676771,47.0,0
E-commerce,190658.78151607237,0,0,0.2393560738327751,10.0,0
Finance,43769.33973880164,4,3,0.3233678452397393,20.0,1
Healthcare,51244.22461294467,7,4,0.268418498627356,14.0,1
Finance,82733.86763374407,11,8,0.3939604646428346,17.0,1
Healthcare,138700.28704091857,2,1,0.4790581149985107,17.0,0
Healthcare,50086.1280973058,2,4,0.2230468391637448,5.0,0
SaaS,79593.49058968345,0,0,0.1069867283534087,26.0,0
Healthcare,116170.6668997858,1,2,0.4032813423801624,27.0,0
Manufacturing,27070.910754173685,7,7,0.3649462513889615,27.0,1
Finance,102776.0593682082,3,3,0.2660381282196413,13.0,0
Finance,82014.5143077359,2,3,0.1957709635485797,15.0,1
Finance,187294.2549269287,2,2,0.2552206578236562,0.0,1
SaaS,53014.88830487741,2,0,0.1585569361293086,12.0,0
Finance,73739.31894300185,0,0,0.0625207037749112,17.0,0
E-commerce,47091.9345044553,3,1,0.1885699848703325,22.0,0
SaaS,56106.20630147521,3,3,0.279858598288762,14.0,1
SaaS,6177.089689252573,1,0,0.6435256771323641,72.0,0
SaaS,34952.472205833445,8,1,0.4091988931125921,16.0,0
Finance,109235.3765031994,4,5,0.2214733846007556,16.0,0
Finance,41713.68235967031,3,1,0.2072964444472657,24.0,0
Healthcare,214122.4611879104,2,5,0.2136276204604813,4.0,1
SaaS,44708.6550759672,3,0,0.3149099494636934,7.0,0
Finance,32262.272716045707,6,3,0.2589381579184672,27.0,1
Finance,94161.33193828724,5,2,0.2216757638509554,9.0,0
Manufacturing,12356.228704718967,2,0,0.7129647735685454,34.0,0
Finance,189099.85695441,0,0,0.1132907155678088,5.0,0
E-commerce,64026.64475544106,13,4,0.4099332174156127,23.0,1
E-commerce,6813.480921413716,3,0,0.7232992383791018,25.0,0
Healthcare,106067.87254534582,4,1,0.2174514408097038,18.0,0
Finance,61125.38986101213,7,4,0.2587726513258684,12.0,1
Finance,122398.36990581604,8,5,0.4746131988444373,24.0,1
SaaS,21996.33969365089,2,2,0.1219279299130057,29.0,0
SaaS,221960.50702356247,1,1,0.1870157805192439,6.0,0
E-commerce,47727.031469298,7,2,0.2753388097597964,14.0,1
Manufacturing,35033.72549260745,9,4,0.2137058894110004,20.0,1
SaaS,42234.6110759265,2,0,0.1585412247280798,11.0,0
Finance,27791.849055169798,0,0,0.1592099786119845,14.0,0
Finance,46944.776710547245,8,3,0.2405807116560431,18.0,1
E-commerce,170533.0962598845,4,11,0.1049990008408327,1.0,1
Finance,14691.923381595754,3,2,0.2126923913053272,38.0,0
Finance,31296.04965414492,2,3,0.073525004635062,16.0,0
SaaS,43986.543864570194,6,4,0.246379373635995,20.0,1
Healthcare,117120.01055929714,5,1,0.3433826848536594,12.0,1
Manufacturing,9999.109313775974,1,0,0.5962683537356113,59.0,0
SaaS,48256.09280814144,3,2,0.1768619622551463,21.0,0
Finance,80903.56401063348,1,1,0.0846350473310987,32.0,0
Manufacturing,159454.56281400053,3,9,0.4670175114860508,4.0,1
Healthcare,46526.75047561698,10,6,0.16302005455155,30.0,1
Healthcare,23306.336563668763,1,0,0.6868626477220351,81.0,0
Healthcare,22057.65520658975,1,0,0.1083027206582341,14.0,0
Finance,20212.90064899237,1,0,0.497958981275117,65.0,0
SaaS,57624.29966083863,9,6,0.4660837990687332,36.0,1
Finance,159633.9047554264,2,4,0.2835271940231726,10.0,1
Healthcare,121252.22459029252,5,0,0.1878302931240177,12.0,0
Healthcare,98643.53791282112,3,1,0.3266744750020293,33.0,0
E-commerce,15676.75096184518,1,0,0.587217955592416,36.0,0
E-commerce,35313.465063832016,1,1,0.1229712155076453,14.0,0
Finance,267371.0183663049,4,7,0.2419591069761175,4.0,1
Healthcare,152354.9980064624,1,1,0.1705672627734479,9.0,0
Healthcare,48353.29095378592,7,3,0.4194128214208489,23.0,1
Finance,73558.09894577408,7,3,0.3156648497190973,26.0,1
E-commerce,25358.36301563886,4,4,0.3622070823011146,19.0,1
SaaS,44112.13695714634,2,1,0.1717553719528541,10.0,0
Finance,19654.06965629281,2,0,0.5334543140030893,58.0,0
Healthcare,15573.373841963614,2,1,0.1263637132725904,23.0,0
Finance,281793.5826995148,4,8,0.4624911555845638,15.0,1
SaaS,60251.44268882014,6,1,0.2050173864950212,16.0,1
Finance,138157.31120673014,1,1,0.2324152145315265,5.0,0
Manufacturing,51015.132316297815,9,8,0.375482561008664,32.0,1
E-commerce,166063.85601349027,3,3,0.4331885873099462,6.0,1
Healthcare,178258.03723884342,5,4,0.239527231132074,31.0,1
SaaS,163268.0109565909,2,5,0.3053002003121093,7.0,1
Manufacturing,205625.82921135903,0,0,0.4114320664385954,18.0,0
SaaS,70023.36799136965,6,5,0.2938369950156428,18.0,1
Finance,18959.24309973229,1,0,0.7152767671685407,42.0,0
Healthcare,41707.98072426709,4,2,0.2289711260031201,22.0,0
E-commerce,73106.54205172557,3,3,0.2100412731940041,13.0,1
SaaS,180723.8860545984,2,3,0.171454491488598,12.0,1
SaaS,107228.9404144372,4,2,0.1347285896231128,8.0,1
E-commerce,42845.01931668848,1,2,0.155888485779604,7.0,0
E-commerce,48876.04750945152,3,5,0.2058533999451853,24.0,1
Manufacturing,41355.771713315,8,4,0.4539687296078847,27.0,1
Finance,9955.317550901644,3,0,0.1866179992227669,10.0,0
SaaS,14912.543732555798,2,0,0.665874579154694,65.0,0
SaaS,10723.752796838606,6,0,0.650604037253958,22.0,0
E-commerce,43305.632442081456,7,1,0.4046932251249782,7.0,1
SaaS,75728.677889491,2,1,0.3863662044029223,14.0,0
Finance,46795.33539354455,3,3,0.411545689225584,19.0,0
E-commerce,111257.57099256924,7,8,0.1988025236722012,40.0,1
SaaS,27844.564224986905,1,0,0.1287263243573899,16.0,0
Finance,285575.1711738313,1,0,0.0860789402200215,2.0,0
SaaS,13875.37574164122,1,0,0.6122922988286528,40.0,0
Finance,45321.616330866666,4,1,0.4640402547657092,19.0,0
Healthcare,175698.60404278932,0,0,0.1956958485485604,19.0,0
Finance,23825.74557319257,2,0,0.6063607821966399,61.0,0
Healthcare,358296.1532555777,2,3,0.2071298990718107,6.0,1
SaaS,32391.984488269394,0,0,0.0619136644547708,15.0,0
SaaS,66233.8569366655,8,8,0.3628243775207221,25.0,1
SaaS,362615.472310363,2,2,0.4172482955289258,2.0,1
E-commerce,366237.4355027422,0,0,0.2078921833509356,1.0,0
Finance,42897.37094961047,3,0,0.1969989042608216,0.0,0
Finance,74908.57033558401,3,3,0.4966170909900314,15.0,0
E-commerce,80197.27804332609,4,1,0.4536944410491171,16.0,1
Finance,144394.22421765706,3,1,0.1792955904038315,24.0,1
Manufacturing,40669.4866808346,5,4,0.3091754050304872,27.0,1
E-commerce,392602.7766767174,4,8,0.4449098237430078,7.0,1
SaaS,27883.95195820225,2,2,0.1969810633613219,17.0,0
Manufacturing,43489.65639618358,9,4,0.2760606801592139,18.0,1
Finance,137716.93511995452,7,6,0.3164437978142818,34.0,1
Healthcare,124246.82600621977,6,3,0.2835271940231726,18.0,1
SaaS,11785.60936563106,4,1,0.8548034400748088,41.0,0
Healthcare,88572.97656676991,2,0,0.3260742758621223,9.0,0
Manufacturing,28233.736787822618,0,0,0.0750751863393893,12.0,0
Finance,94917.11872150148,8,2,0.413317132526019,4.0,1
SaaS,104631.02884587269,9,7,0.4948185987693622,32.0,1
SaaS,111828.2380763958,6,7,0.2835271940231726,17.0,1
SaaS,339945.5642704081,1,3,0.2835271940231726,12.0,1
Healthcare,11501.310051452723,1,0,0.6515665549068685,29.0,0
Healthcare,35426.92678272953,3,2,0.2291348019888572,19.0,0
E-commerce,151368.30059946343,0,0,0.0783247160230984,4.0,0
Finance,127689.2432425501,4,1,0.1478222244042418,19.0,0
E-commerce,12728.51623843657,2,0,0.7624408380074653,63.0,0
SaaS,59974.36527139617,9,6,0.3680962572764511,16.0,1
E-commerce,92515.35308359154,4,3,0.3310462120931395,21.0,1
SaaS,36223.13236808545,2,2,0.7616183327819864,12.0,0
Finance,186496.7294883213,4,4,0.5003744330493413,13.0,1
SaaS,47065.954931370965,5,3,0.1333344945575399,38.0,1
E-commerce,38998.08612124008,2,0,0.1128908993964455,6.0,0
Healthcare,15324.964323522305,6,8,0.2026754188167427,49.0,1
Manufacturing,103230.46127841134,2,1,0.2747479808160254,16.0,0
SaaS,256694.78833262436,3,5,0.2835271940231726,0.0,1
Finance,15763.92196243136,0,0,0.7262346138073066,29.0,0
Healthcare,349221.69237618946,2,6,0.3816059109227995,5.0,1
Manufacturing,108778.9994377684,7,3,0.3767959632528816,19.0,1
Healthcare,98511.12869408722,1,1,0.2025607682325974,19.0,0
E-commerce,10934.764714513976,1,0,0.8934649474882734,57.0,0
E-commerce,9874.922473433626,2,0,0.6916727875733996,90.0,0
Healthcare,13070.056675727525,3,1,0.6110595678406516,36.0,0
Finance,103197.3521260945,9,3,0.4477384721881536,24.0,1
SaaS,6131.008361453065,2,2,0.1764454096781458,17.0,0
Healthcare,109096.20706884154,5,3,0.3302334669416806,33.0,1
E-commerce,54460.13825690831,4,0,0.1704214669217157,10.0,0
Healthcare,57348.82359857457,2,2,0.1329371201073825,39.0,0
SaaS,61546.255423639486,6,3,0.415558431688892,23.0,0
E-commerce,7884.590089326496,2,1,0.5430159451317725,56.0,0
Healthcare,179610.28406676327,0,0,0.0972917142605849,6.0,0
Healthcare,152100.86723462975,6,4,0.317811349339803,40.0,1
Healthcare,15943.767980737824,2,0,0.4341683129366623,35.0,0
Healthcare,533596.770729773,2,1,0.2007018827026963,17.0,1
SaaS,30803.5455594586,1,4,0.3735820328491277,17.0,0
E-commerce,36335.722015118256,1,2,0.3434311715631283,5.0,0
Healthcare,68749.04158932992,15,10,0.338498683432379,48.0,1
SaaS,140048.4684016369,2,4,0.2266805443552923,21.0,1
SaaS,106940.80614127638,0,0,0.1780122261039606,6.0,0
Healthcare,23124.226941001543,1,0,0.6919171707283447,69.0,0
Healthcare,85683.32625376794,1,1,0.2373337246973015,2.0,0
Manufacturing,91390.2185759194,3,3,0.2897857286030799,14.0,1
SaaS,32559.89327325401,1,1,0.19484967428979,5.0,0
SaaS,62987.28401584781,6,6,0.2529349916069232,20.0,1
SaaS,11436.251807314413,2,0,0.829394947412232,15.0,0
Finance,181405.9858347135,6,2,0.3490446267716324,13.0,1
SaaS,65655.47708181503,3,1,0.1780474785257194,38.0,0
SaaS,64335.87676785378,2,2,0.1937325120089206,17.0,0
SaaS,18592.168212752746,4,3,0.195162210823101,27.0,1
Healthcare,62991.33658286785,7,2,0.3780322465835664,22.0,1
Finance,55576.91513750453,9,5,0.3134121523494572,37.0,1
Finance,14722.903359247031,4,0,0.6279072085307791,61.0,0
Manufacturing,171155.0865073872,6,4,0.4584691886068159,8.0,1
Healthcare,195850.90014476297,1,4,0.225751743590085,5.0,1
SaaS,9613.68841395954,6,4,0.3292624230482989,16.0,1
Finance,100153.63384592824,3,3,0.1587664961480956,16.0,0
Finance,259359.1377348601,0,0,0.0873148552402824,7.0,0
SaaS,62851.68026532488,4,3,0.159029868147066,27.0,1
SaaS,97204.52120025356,5,3,0.2266120246515915,23.0,1
SaaS,52263.74554720937,4,6,0.0942769312013272,36.0,1
Finance,185119.70732548003,11,4,0.5254638093400844,22.0,1
SaaS,26001.92442756536,4,2,0.1790059320444888,19.0,1
Finance,19094.67817091828,1,0,0.729872404415076,47.0,0
Finance,11800.105703918713,1,0,0.678361498772875,43.0,0
SaaS,39487.63678957446,7,3,0.5884403387366081,26.0,1
Healthcare,67091.47151793557,2,2,0.3319714387647676,12.0,0
Finance,276361.624573626,3,3,0.3929823060452155,16.0,1
SaaS,21619.8263340514,3,1,0.2119776059753459,14.0,0
SaaS,28359.35041765694,0,0,0.053544218432853,18.0,0
E-commerce,67331.35273498252,6,3,0.2850242669252738,19.0,1
Healthcare,30200.328235791683,1,0,0.2835271940231726,87.0,1
Finance,33974.19505998898,3,2,0.1357777461719073,26.0,0
Healthcare,75333.33924800319,1,1,0.2011274935831613,23.0,0
Manufacturing,221215.13443033973,0,0,0.0392155432172192,13.0,0
SaaS,34200.29914519844,3,3,0.1626715956457677,15.0,0
SaaS,310836.43588908535,2,4,0.364278878395786,5.0,1
Finance,185868.0034851333,1,1,0.1651959491632919,10.0,0
SaaS,153574.0287518007,2,0,0.3628614868208318,11.0,0
Finance,136452.95293508613,2,2,0.4160176106193936,3.0,1
SaaS,18358.375466904057,8,2,0.3224233981945998,25.0,1
Manufacturing,32007.278547392547,9,11,0.2192253336929711,47.0,1
Manufacturing,42607.94476129106,6,4,0.1250270935797769,22.0,1
SaaS,248841.18878523575,0,0,0.2908441914352149,2.0,0
SaaS,81788.98051888027,11,6,0.3516252874158381,29.0,1
Manufacturing,12642.433914836933,3,0,0.7088291695115256,79.0,0
SaaS,58757.2318386503,7,5,0.3253373831822258,24.0,1
Finance,59378.90856762171,4,1,0.4035973930643867,24.0,0
SaaS,15028.573167876148,1,0,0.7837476409663411,45.0,0
Finance,45370.69364571176,10,6,0.5442520940743171,40.0,1
SaaS,51477.5871366373,1,1,0.2452656799426002,15.0,0
SaaS,174883.4778204375,3,2,0.0640429354314937,7.0,1
SaaS,29996.07071051483,1,1,0.2835271940231726,13.0,0
Healthcare,44075.79368035236,1,0,0.1822528371309365,15.0,0
Finance,20214.64921633132,1,0,0.6020840424356245,52.0,0
SaaS,36001.14896513608,4,0,0.3034138660796279,26.0,0
E-commerce,191398.2126921031,1,3,0.3817097353892787,7.0,1
SaaS,158624.3476684795,6,4,0.2835271940231726,21.0,1
Healthcare,74191.45604116336,7,5,0.2061656768935806,22.0,1
Manufacturing,26745.34925132453,1,1,0.4341350507695387,28.0,0
Manufacturing,83527.35350803929,3,2,0.4652095948786766,27.0,0
Finance,169312.77413593198,1,2,0.5288314732388179,15.0,0
Finance,22681.18383957864,2,1,0.7819398023488893,53.0,0
SaaS,131906.15596483272,0,0,0.1706798899744327,7.0,0
E-commerce,91115.8511373084,0,3,0.3998639615624222,11.0,0
Manufacturing,70124.78012358586,1,1,0.1419858339511009,15.0,0
E-commerce,123220.14692080164,6,6,0.2342090415871003,27.0,1
SaaS,250062.1720745596,4,7,0.4090401425131997,6.0,1
SaaS,25882.227073632275,3,2,0.1980809217257154,20.0,0
Finance,35390.40790840342,4,2,0.1069358149216448,21.0,0
Finance,128452.0227504172,8,6,0.2904777987796848,31.0,1
SaaS,39366.90045766712,4,2,0.2930007597056958,23.0,1
SaaS,16882.823095557244,3,0,0.8646030832616427,23.0,0
SaaS,261903.92412704852,2,1,0.2358719360347251,2.0,1
SaaS,117424.5272418973,3,1,0.2595236548581062,23.0,0
Healthcare,19360.124603885663,1,0,0.5533612424942931,60.0,0
SaaS,142058.35766627564,0,0,0.0562357787945788,7.0,0
Finance,19684.56167646084,1,0,0.683535287036145,70.0,0
Healthcare,12129.573261892085,0,0,0.344788131798051,51.0,0
E-commerce,27179.31499921645,0,0,0.029880464934144,11.0,0
SaaS,109824.68151605348,4,7,0.2647896240785478,9.0,1
Manufacturing,157699.26320229567,4,0,0.2159692981478479,17.0,0
Healthcare,88181.3718619207,3,0,0.468946197408794,25.0,0
SaaS,37237.29036164659,4,3,0.677248688565552,10.0,0
Healthcare,34978.46701487182,4,3,0.2324503497325664,14.0,0
Healthcare,189851.3025290406,1,3,0.4007286065059859,2.0,1
E-commerce,25823.13744984468,3,0,0.1285399354190818,21.0,0
SaaS,52399.494888694055,11,8,0.2835271940231726,25.0,1
E-commerce,25752.738144671523,3,2,0.1026385288065945,13.0,0
Finance,104219.70339139234,6,1,0.3501581147769606,30.0,0
E-commerce,41489.8474392105,1,1,0.4349407751187771,22.0,0
Finance,42300.4875132864,5,1,0.1806106603719109,17.0,0
E-commerce,134521.38955018923,2,1,0.0939163742633281,24.0,0
Healthcare,12491.734924906348,1,0,0.391713954372726,55.0,0
Healthcare,201370.14397630756,2,2,0.2268596982528254,2.0,1
SaaS,26135.967955844004,2,2,0.8123309388248604,17.0,0
Manufacturing,202169.33506482435,4,5,0.1970022162722318,17.0,1
Finance,13167.201031168544,2,0,0.8789017004170402,37.0,0
Healthcare,60756.06036015704,4,1,0.1529522432420509,15.0,0
E-commerce,48098.95517991206,3,1,0.3248003497613698,16.0,1
Healthcare,23856.08759148133,12,8,0.4916745421181694,28.0,1
Finance,104252.95366635012,6,4,0.4038894721315928,11.0,1
Healthcare,60832.78367850764,5,3,0.2885399226664319,41.0,0
Healthcare,135114.27135198924,1,5,0.1374229931866948,21.0,1
Manufacturing,28694.772010569977,5,3,0.1592084038804603,9.0,1
E-commerce,63820.6996957047,11,5,0.4419453787894546,20.0,1
SaaS,11423.281341856826,0,0,0.8261130182190021,81.0,0
Manufacturing,39313.42858737117,2,2,0.3602594943433413,18.0,1
SaaS,8583.917374091729,1,1,0.6592763266345871,58.0,0
Finance,21024.659343370957,4,1,0.6199226227415572,68.0,0
Healthcare,121220.58523217528,8,9,0.378663248352167,25.0,1
Healthcare,32319.98603859401,5,4,0.2096716937375537,16.0,1
Finance,54182.06883882811,3,2,0.165858766952428,14.0,1
Manufacturing,9876.524305658018,0,0,0.8554333207778146,42.0,0
E-commerce,55659.84927680754,11,6,0.3765307942842119,32.0,1
Healthcare,38695.70953898802,1,5,0.6353484374460675,18.0,0
SaaS,77563.7100407972,1,0,0.0461107844855754,13.0,0
SaaS,7774.314612693664,2,1,0.2835271940231726,91.0,0
Manufacturing,24578.271299818,1,0,0.0655327724002863,11.0,0
E-commerce,14520.603596679564,11,5,0.3976914053452642,24.0,1
SaaS,12861.810178366894,1,0,0.534009302146651,44.0,0
E-commerce,8822.087688974063,1,0,0.5616726597648237,48.0,0
SaaS,15639.064626157267,7,5,0.5114057056569391,39.0,1
SaaS,12586.463066527996,1,0,0.0871165271822341,9.0,0
Finance,66819.69352198759,12,8,0.377277798458685,36.0,1
Finance,78710.25836037334,3,1,0.1212510903764367,8.0,0
SaaS,29299.46860151783,3,2,0.233705362000184,7.0,0
Healthcare,186914.81628632708,6,0,0.2366668159498885,8.0,0
Finance,30725.714061223476,3,0,0.7828719137827245,69.0,0
SaaS,124962.85038160592,4,8,0.2897159697740781,19.0,1
Finance,80789.98406521294,4,1,0.3076372044083017,32.0,0
SaaS,222669.6487773444,2,3,0.1914242050187163,9.0,1
SaaS,37359.391380387286,7,0,0.2428834967402932,5.0,0
Manufacturing,18137.606797950622,4,2,0.2580134901704914,24.0,0
SaaS,23549.279200462184,2,1,0.1500463317309075,8.0,0
Finance,54527.41016396327,5,5,0.2227523799719142,35.0,1
SaaS,90014.49949699607,5,3,0.3975726204437927,7.0,0
E-commerce,159422.11473984798,3,5,0.1789270294905555,34.0,1
Manufacturing,71892.72927758752,0,0,0.0840239216459602,6.0,0
Healthcare,305923.22584225016,3,4,0.2533245259442291,15.0,1
Healthcare,75505.19377197063,4,3,0.2365080674293048,28.0,1
Manufacturing,89099.32199534506,1,1,0.1883681704378026,5.0,0
Finance,50445.75813103505,7,6,0.2959029485484897,32.0,1
SaaS,116790.53263993812,1,2,0.1243703673818479,21.0,0
Healthcare,124824.49104487906,5,6,0.3291155603128537,23.0,1
Finance,15161.650655370862,0,0,0.3973474573927703,51.0,0
Healthcare,36644.47676180017,3,3,0.2385000651840254,27.0,0
Healthcare,283929.8847203352,2,7,0.3833002530686216,19.0,1
SaaS,83222.17860694641,6,8,0.298309788917364,23.0,1
Manufacturing,370381.9886242172,0,0,0.196149128125793,12.0,0
Healthcare,24658.501087657354,7,3,0.4180478739007334,27.0,1
E-commerce,9114.474631797346,3,0,0.8548172128101896,41.0,0
Finance,203818.1059869417,1,1,0.3251519715397054,10.0,0
SaaS,32486.227254517136,3,1,0.3507211943038978,23.0,0
Finance,333672.4649017097,1,2,0.1148797767108518,11.0,1
Manufacturing,55328.822394790855,7,2,0.3997485591494192,19.0,1
E-commerce,6693.779394986397,0,0,0.761958049505485,89.0,0
SaaS,24248.36047702465,0,0,0.4965736114833275,45.0,0
E-commerce,90491.34014393772,6,4,0.257226427798111,16.0,1
SaaS,5268.880542197299,5,0,0.4044978710790928,17.0,0
Manufacturing,47810.319979448366,3,2,0.2557977029248179,16.0,0
SaaS,53894.21567354032,4,2,0.170504739018921,14.0,0
Manufacturing,137974.52165493873,0,0,0.2893078154057317,4.0,0
SaaS,419551.6634060432,3,3,0.3826193596489781,2.0,1
Finance,18000.55210243422,2,0,0.6754714152871046,52.0,0
SaaS,152043.78583735914,3,4,0.2835271940231726,19.0,0
Finance,46019.297241495726,14,4,0.5523314548993038,15.0,1
SaaS,22560.62337820149,5,2,0.2870625442973473,6.0,0
SaaS,42831.15070849634,7,2,0.2589540657139729,24.0,1
SaaS,210108.6504733968,1,3,0.2526218021969889,11.0,1
Finance,153053.95079308443,1,5,0.1264898011949537,24.0,0
Finance,42998.56618388051,2,1,0.2835271940231726,10.0,0
SaaS,25452.850728867197,7,2,0.4337560569582073,24.0,1
Manufacturing,74761.91070224631,6,5,0.2791413155674449,28.0,1
Healthcare,35472.43149095986,4,3,0.1485388363369292,22.0,0
Healthcare,147193.14550257026,4,2,0.2491372332556297,13.0,1
SaaS,19476.477852560238,1,0,0.4355916719270044,25.0,0
SaaS,231917.6307211958,3,5,0.4863854301917091,7.0,1
Healthcare,375300.3949633065,1,2,0.0775200444329665,3.0,1
Healthcare,66758.34617901419,2,1,0.2463671374385366,7.0,0
Finance,24235.31132403909,1,0,0.6570734300164496,21.0,0
Manufacturing,144451.0369241016,2,4,0.4327055064941392,12.0,1
Finance,33754.88864074895,1,2,0.3053687335770582,23.0,0
Healthcare,24268.871340535345,3,0,0.7773466730255572,69.0,0
Finance,191153.4637878811,1,1,0.4344863380843021,5.0,0
Finance,23102.948412783117,5,0,0.6633830346492899,71.0,1
E-commerce,46820.94528731723,2,2,0.1532033633651263,16.0,1
Finance,16311.08846366561,2,0,0.5730274828667661,78.0,0
Finance,67497.60195686677,5,4,0.3113460255546497,16.0,1
SaaS,43850.11449431332,4,5,0.166031359241917,22.0,1
Finance,130677.8138524466,4,2,0.3720942762268259,16.0,0
Finance,26833.24291273137,0,0,0.8943025880580913,47.0,0
E-commerce,50514.06771704714,1,4,0.3356733162038894,9.0,0
E-commerce,30109.55367377707,2,1,0.0421245993154943,20.0,0
Manufacturing,37056.902695508,5,2,0.3420742045653533,16.0,0
E-commerce,15574.736724042648,1,0,0.4795427923757178,49.0,0
SaaS,281782.58875280665,1,1,0.1970498216857532,2.0,0
Finance,95578.88624906016,11,6,0.3747486604361373,17.0,1
E-commerce,42256.89587433952,2,2,0.3239528854154904,16.0,0
E-commerce,62751.29616864122,6,8,0.1748603167250616,23.0,1
E-commerce,56967.60721174604,4,5,0.45127677285153,16.0,0
SaaS,128324.06438312824,0,0,0.0827442929443795,35.0,0
Finance,114757.62480153255,2,1,0.096602499146789,14.0,0
E-commerce,34159.64755033593,5,4,0.2835271940231726,38.0,0
SaaS,74980.6340939565,5,2,0.2007518188259416,15.0,1
Manufacturing,48544.32845479582,1,1,0.150980088451171,14.0,0
Finance,195757.95595066837,1,2,0.2528259512151904,12.0,1
Finance,230865.37387821847,2,3,0.1737187227864703,1.0,1
Finance,236893.81007079332,4,4,0.2764633465505763,15.0,1
E-commerce,90263.84340069554,6,7,0.2942490272981787,46.0,1
Finance,33608.682650210605,6,2,0.2514564211024138,44.0,1
Finance,51850.48002353389,6,6,0.2042134250620493,41.0,1
Manufacturing,61390.01784729936,4,0,0.1362795609322895,12.0,0
Finance,120820.5567393311,4,4,0.3018381592793688,7.0,1
E-commerce,98367.7757245655,1,0,0.0681171115985688,13.0,0
Healthcare,167302.0451496023,1,0,0.1412264194807084,23.0,0
E-commerce,53255.28843095088,10,9,0.2884667308045786,21.0,1
SaaS,59042.57464652285,3,2,0.2584156471391601,20.0,1
Manufacturing,52144.62958630292,3,2,0.2733074763770409,9.0,0
Manufacturing,7141.027584527032,1,0,0.6729490143777199,27.0,0
Finance,230814.38159343493,0,0,0.3449967582696594,10.0,0
Finance,42972.19125903648,2,6,0.1640312579385443,1.0,0
Healthcare,503131.0249087084,6,4,0.3173170270750876,14.0,1
SaaS,66045.9963714985,6,3,0.5920661798645114,11.0,1
E-commerce,48138.067072398495,2,1,0.2803181411490529,17.0,0
SaaS,30376.922483507908,7,7,0.2714584497137432,37.0,1
SaaS,115016.39593643683,3,0,0.0579448532776795,20.0,0
Finance,244996.25607092152,2,3,0.0716358950650034,12.0,1
E-commerce,38398.88063936344,2,1,0.622509508188414,26.0,0
Manufacturing,27486.81029938021,0,0,0.1302297623189042,19.0,0
Healthcare,54708.20560897231,1,0,0.1702159262374258,13.0,0
SaaS,124674.77771840664,9,5,0.4008392305346319,13.0,1
Finance,114126.2492314631,6,4,0.3491485897191376,30.0,1
SaaS,21506.389865790898,13,10,0.3374646449344868,26.0,1
SaaS,202217.10040506232,3,2,0.2595872230227795,9.0,1
Finance,28459.46408147044,2,2,0.2564418386908583,11.0,0
Healthcare,250044.3412255057,2,3,0.2833837250370337,5.0,1
Healthcare,461990.95773947233,2,2,0.5036752581486711,20.0,1
SaaS,44165.80875091377,5,0,0.1843959066692124,13.0,0
SaaS,157031.4204760796,2,1,0.1754628719202887,18.0,0
Finance,107251.2081133924,4,1,0.2207410125443474,24.0,1
E-commerce,63851.930160433374,4,1,0.1594415517569104,16.0,0
SaaS,10484.869197186355,2,0,0.6977301285234441,41.0,0
Healthcare,79904.02400100972,4,3,0.1914480443643059,12.0,1
Finance,42319.13245596801,2,1,0.1376514587862864,22.0,0
E-commerce,34708.0788193475,9,3,0.2990096744685253,24.0,1
Manufacturing,22072.167434639527,4,2,0.233408323017981,8.0,0
Finance,334719.07699556573,3,6,0.4375480921939352,2.0,1
Healthcare,27680.271591857985,2,2,0.1698842175856488,14.0,0
Finance,44684.40183783112,5,2,0.1474082670178568,34.0,0
SaaS,55535.55026470488,10,8,0.3730424277636722,27.0,1
Finance,81320.26349577957,0,0,0.2835271940231726,6.0,0
Healthcare,74020.15829671285,8,2,0.4581057411612873,10.0,1
SaaS,70532.0709819647,11,9,0.523251778569973,33.0,1
SaaS,49510.69330813962,8,4,0.3835126583672397,17.0,1
Healthcare,41802.26683805054,2,1,0.274208987014824,11.0,1
Healthcare,19331.2935078587,1,0,0.6744591301484772,46.0,0
SaaS,14636.409998802535,0,0,0.6258267426634925,74.0,0
Finance,355948.3074079219,2,2,0.1424542115567737,16.0,1
Finance,90105.14940362616,7,3,0.2883558531619908,24.0,1
E-commerce,70501.68698486254,1,0,0.1663393945216298,18.0,0
Finance,673137.1623405538,2,1,0.5539346535235584,7.0,1
SaaS,29486.92159566285,7,3,0.31539146190618,26.0,1
Manufacturing,23745.565169959027,4,3,0.1965193585658298,21.0,0
Healthcare,110167.71914927333,3,2,0.131424276579084,12.0,1
Healthcare,162395.02619767908,4,4,0.5579334273351816,2.0,1
SaaS,59043.384616609794,1,0,0.1938452710485987,9.0,0
E-commerce,64556.3001632829,3,1,0.1660412710074851,23.0,0
Manufacturing,35420.01870129114,3,2,0.1922705161408316,11.0,0
SaaS,35155.91803835665,10,8,0.4210440855942702,32.0,1
Finance,228072.94573050857,3,2,0.3129196705986827,43.0,1
SaaS,118324.65699864912,2,1,0.407866775543864,14.0,0
Healthcare,53724.96641100516,4,3,0.2334082551654736,13.0,1
SaaS,171504.21402189886,3,6,0.4127261800389984,11.0,1
Finance,30153.403366216127,0,1,0.775627992473489,27.0,0
Finance,173034.6144426994,2,0,0.2118631551222912,6.0,0
E-commerce,59710.99620183355,5,1,0.2109944863077049,11.0,0
SaaS,33631.61602512806,5,2,0.214246530439815,19.0,0
Healthcare,40294.51322299019,7,4,0.2297386099911184,35.0,1
Healthcare,98962.81532931545,3,4,0.3051807212375858,35.0,1
E-commerce,70476.63442986965,1,2,0.1108906097484034,9.0,0
SaaS,86467.16794953766,0,0,0.1853937494526664,9.0,0
Healthcare,491089.0155277148,1,2,0.1889906692010435,16.0,1
Finance,273025.25126305973,1,0,0.385204413385644,7.0,0
Healthcare,17621.55353672563,11,8,0.4643583261800099,25.0,1
Manufacturing,89441.93186203828,3,1,0.1066948588656044,22.0,1
SaaS,24988.633778387168,4,4,0.1897823021669826,16.0,1
SaaS,33236.77353339361,5,2,0.2542991916687294,17.0,0
SaaS,117932.88689335794,2,2,0.2272171531394503,12.0,0
Healthcare,184804.85045215863,3,3,0.3970019198517918,12.0,1
E-commerce,68821.00608805068,7,3,0.5052234027072194,16.0,1
SaaS,12950.017344256736,0,0,0.8144478337969536,62.0,0
Finance,107357.0156915818,2,3,0.083363873200778,13.0,0
Finance,22200.619571789157,0,0,0.0809474039991288,6.0,0
SaaS,14975.322251893076,5,7,0.2921592915722906,32.0,1
Manufacturing,17393.0845376967,2,0,0.6690356108309562,44.0,0
Healthcare,64433.63959018599,8,3,0.3660236395485128,11.0,1
E-commerce,11768.83082415411,1,0,0.6388694170752571,48.0,0
E-commerce,61951.98930079429,0,0,0.0414895601937925,14.0,0
Finance,13705.536191308673,2,0,0.7015179467923044,36.0,0
Finance,252663.76611231503,2,3,0.4440856680415962,8.0,1
Finance,47828.74538486609,6,4,0.3283717554745212,14.0,1
SaaS,10566.645612489034,0,0,0.5653298426669344,55.0,0
Finance,452085.60749361897,0,0,0.2492092308760135,13.0,0
Healthcare,10277.99825817804,2,0,0.4180349215496953,48.0,0
SaaS,205892.69810025115,2,1,0.3593851899897934,4.0,1
SaaS,29120.45578740519,4,4,0.2844500080695571,31.0,1
Finance,100658.32984485597,2,0,0.1791752588017681,3.0,0
Healthcare,56514.01409266952,2,5,0.1327996318362223,16.0,1
SaaS,44129.99913442352,1,0,0.2535945798519265,20.0,0
SaaS,68975.54724716595,4,3,0.2835271940231726,16.0,1
E-commerce,88020.45199417828,3,2,0.1601949727071133,26.0,0
Finance,35057.850467100136,4,2,0.2268512944221187,12.0,1
E-commerce,64199.61827273926,4,1,0.4699605871398823,17.0,0
SaaS,20770.913839578552,4,3,0.2890282706252356,12.0,1
SaaS,26621.56693102285,0,0,0.0991700435408207,14.0,0
SaaS,6857.913675037873,0,0,0.8889683382682839,59.0,0
Healthcare,177568.1324062563,4,10,0.3711942773659967,16.0,1
Finance,23274.11278313559,7,5,0.3200991402793879,30.0,1
SaaS,48907.76025891596,2,3,0.2756488160025836,13.0,0
SaaS,233039.3595030708,1,1,0.3039007192218688,10.0,1
SaaS,41749.31765150702,4,3,0.3027621231056623,18.0,0
Healthcare,88020.92842683027,2,0,0.210351191165674,25.0,0
Manufacturing,37230.148305278046,6,2,0.275351401324865,19.0,1
SaaS,172835.21379320673,3,7,0.5176561678401367,6.0,1
Finance,25800.79988657865,1,0,0.6102672251012483,32.0,0
Healthcare,58044.7139391005,4,1,0.1507405132228512,20.0,0
E-commerce,41453.80241038601,0,0,0.0515061352670301,8.0,0
E-commerce,19491.05520226247,2,0,0.721771368284179,67.0,0
SaaS,59604.93216469086,2,2,0.1549393607082862,9.0,0
E-commerce,93195.35433603683,3,2,0.2946294752472582,12.0,0
Healthcare,91832.8745063324,4,1,0.2177514656458203,21.0,0
Healthcare,90304.62759442348,6,5,0.1678424440646854,20.0,1
E-commerce,53015.59687540103,8,4,0.3960264152520879,26.0,1
E-commerce,51436.778000957216,3,2,0.2375615741540493,2.0,0
SaaS,215606.83478602755,1,2,0.1528676244529433,3.0,1
E-commerce,13570.034858886178,1,0,0.5151957922590101,59.0,0
Finance,320419.1222451402,2,3,0.3724281281103869,9.0,1
E-commerce,99714.50442850018,3,5,0.3955202227797922,2.0,1
Healthcare,32768.61134108806,0,1,0.3005579995969194,12.0,0
Finance,47834.72822718236,8,8,0.3180235767802531,26.0,1
Finance,115672.99655096164,7,2,0.3908884148718211,21.0,1
Healthcare,75839.43288975356,14,9,0.4460137764066643,34.0,1
Healthcare,50873.59111839522,8,5,0.3057132102548521,28.0,1
Healthcare,538765.944492712,2,6,0.525005755755944,7.0,1
Finance,17404.484412560076,2,0,0.6375650933108702,46.0,0
Healthcare,466510.3898928152,2,3,0.0597292114830722,14.0,1
SaaS,42780.37244744033,3,3,0.2118514676766633,24.0,1
Healthcare,379453.7442372196,2,6,0.3628425117964949,8.0,1
Healthcare,31057.17423860149,8,5,0.2627635379626148,25.0,1
SaaS,177891.95598463257,5,0,0.3705042064751921,5.0,0
E-commerce,16650.543895036317,0,0,0.8581968563948785,33.0,0
E-commerce,169123.21696001315,1,0,0.0864404813237176,8.0,0
Healthcare,14343.599709494669,3,1,0.1250427722033909,20.0,0
SaaS,82954.37002994266,3,3,0.1848597464340168,10.0,1
Finance,143385.4650416096,5,3,0.2081315308740259,35.0,1
Finance,14520.2497546526,2,0,0.7366438969095074,56.0,0
Healthcare,53609.87212460799,3,1,0.2034115454428447,14.0,1
E-commerce,12052.530201859736,1,1,0.7239506621308616,78.0,0
Finance,96408.07765683054,4,0,0.2140298947670559,10.0,0
Finance,59049.89008441125,8,1,0.384390048805609,23.0,1
Finance,9871.809870269784,8,4,0.2628004587597892,19.0,1
E-commerce,75895.60678002784,3,3,0.3870659725984065,11.0,0
SaaS,32649.568297082464,5,1,0.3356357816210402,30.0,1
Healthcare,18852.40835231615,2,0,0.6753484867416267,54.0,0
SaaS,75899.47580525283,1,1,0.1118601153153249,11.0,0
SaaS,63383.00791489194,4,2,0.3050220031651223,13.0,0
SaaS,19775.785754531207,2,2,0.2792910623804766,19.0,1
Finance,95843.45369257269,5,5,0.2746825755530373,16.0,1
E-commerce,121424.06209605456,2,5,0.3821577450274908,7.0,1
Healthcare,77782.98503108307,0,0,0.2835271940231726,12.0,0
SaaS,15210.312857023766,2,0,0.2835271940231726,67.0,0
Finance,24840.46817759449,0,0,0.5742629234922565,39.0,0
Healthcare,18220.788668885983,0,0,0.6242618167825883,33.0,0
Healthcare,58387.01701427646,1,2,0.1317871472699446,17.0,0
SaaS,34537.967421140434,7,6,0.2538317164418366,17.0,1
Finance,51205.81885249461,1,1,0.3043497032955574,20.0,0
E-commerce,36836.64558018109,4,1,0.1735790670532173,15.0,0
Finance,40158.30852470467,1,0,0.6723503197651519,44.0,0
SaaS,75341.72881171155,3,3,0.2224742721931071,31.0,1
E-commerce,250954.1050206453,2,2,0.4435299314170388,4.0,1
SaaS,58730.58718585161,2,4,0.1990309568069138,23.0,0
SaaS,41152.13228905005,3,4,0.2123373888418635,31.0,1
SaaS,122671.18389817137,14,13,0.3284088547412684,41.0,1
Healthcare,54311.9582411459,3,3,0.378999649404186,7.0,0
E-commerce,38444.460322305706,6,2,0.2333095904428476,34.0,0
Healthcare,477637.3076667862,3,7,0.4585494498244935,8.0,1
SaaS,39067.03736470544,14,3,0.4899358077676649,23.0,1
SaaS,100184.80400610772,3,7,0.159286127636977,13.0,1
Healthcare,177041.47012340292,2,2,0.1322894048466105,14.0,1
Healthcare,31829.34715138904,4,3,0.2924773441199775,16.0,1
SaaS,21570.23249377522,1,0,0.2106826928162487,14.0,0
E-commerce,261542.4780669751,1,2,0.5331927300822645,5.0,1
Manufacturing,51686.72915134686,4,1,0.2074214733773376,13.0,0
SaaS,76754.02888802892,8,4,0.465827319741269,17.0,1
SaaS,71757.97105229647,4,2,0.3653262400160555,10.0,1
Manufacturing,23502.354051656803,5,1,0.2818008094779342,6.0,0
Finance,135035.1868658611,7,4,0.3342457103307962,18.0,1
Finance,18410.62205415332,6,1,0.533071915253031,62.0,0
SaaS,32137.59477587746,4,1,0.5618288728710642,5.0,0
E-commerce,48462.36780132598,3,5,0.1271133476498974,15.0,1
E-commerce,17742.727506918196,5,1,0.2835271940231726,37.0,1
Healthcare,104139.33150967442,10,7,0.491271347849014,19.0,1
Finance,25670.0814693378,1,0,0.4710718710512354,38.0,0
Healthcare,12793.989682525123,3,0,0.7352188472126663,34.0,0
Finance,18119.103128932933,4,0,0.4886432457902134,29.0,0
Healthcare,19919.777518351013,4,2,0.3682549327723624,14.0,0
E-commerce,18346.3953332398,0,0,0.6906785862529246,55.0,0
Finance,123461.4910793085,5,2,0.2730053153641334,6.0,0
E-commerce,77840.61205694136,6,3,0.1799008517591837,24.0,1
Healthcare,43693.00838712835,3,3,0.1785362836846488,14.0,0
SaaS,27867.02865729588,2,1,0.2281821626044446,15.0,0
Finance,27924.583807428124,0,0,0.0660375751813555,15.0,0
Healthcare,396198.42679772817,2,7,0.2882984989972607,8.0,1
Finance,274905.7309435556,1,3,0.1657543136177529,17.0,1
Manufacturing,34863.75772814515,11,5,0.39013819484243,30.0,1
E-commerce,34849.10661711631,6,2,0.2152828010623831,38.0,1
SaaS,75922.15519998875,4,3,0.2885176223802567,18.0,1
Finance,330304.8553067029,2,0,0.2454340564771197,1.0,0
Manufacturing,11098.837323533977,0,0,0.6305966405468513,71.0,0
Healthcare,50998.45762400651,7,1,0.1881572629131156,15.0,0
Finance,26375.505503928205,1,1,0.0768272882417366,15.0,0
SaaS,44151.96929159241,4,2,0.2095139278646393,25.0,1
Manufacturing,10814.543193349684,3,0,0.2337587494250815,5.0,0
Finance,82171.8019200068,4,2,0.5817555472525541,21.0,1
Finance,49034.823927753336,2,1,0.1996136869097043,24.0,0
Manufacturing,48351.261385326834,7,6,0.2057725979949256,27.0,1
Finance,49423.778640552686,5,3,0.2489430465682301,31.0,1
Finance,80209.2662965294,0,0,0.0753586124798771,15.0,0
SaaS,30156.251760090323,6,1,0.3113110323175559,26.0,0
E-commerce,72499.5730886618,10,5,0.5204609618866833,16.0,1
SaaS,10069.014215536938,1,1,0.7087770645205428,32.0,0
Manufacturing,40932.85846992562,13,9,0.5332007911050296,45.0,1
SaaS,34917.65210021542,3,1,0.207086214455083,24.0,0
Finance,328141.4072089057,1,1,0.2835271940231726,15.0,1
Manufacturing,11923.10406206247,0,0,0.2287283905996259,26.0,0
Healthcare,204819.30777693575,0,0,0.1291835163339255,3.0,0
Healthcare,24944.70040794961,3,3,0.1359390442026274,9.0,0
SaaS,72299.7826166889,6,4,0.2338780189465918,20.0,1
Healthcare,256868.83360374623,0,0,0.3679993836455797,1.0,0
Finance,48600.22840038381,2,3,0.4603956446120485,18.0,0
Finance,88745.33121959242,11,6,0.4596045079628154,16.0,1
Healthcare,77354.73512091818,3,2,0.4390184236809352,17.0,1
E-commerce,56444.4149679234,2,2,0.4105778017281686,15.0,0
SaaS,7317.530486163944,0,0,0.0498980548923296,18.0,0
Manufacturing,56292.00636544706,4,3,0.1745083701586095,19.0,1
Healthcare,41718.56024198478,8,2,0.2912430692480202,23.0,1
Healthcare,139522.11724205952,2,2,0.4237263187219079,6.0,0
Finance,26455.545778008152,4,4,0.3416750725103608,18.0,1
Finance,270861.5766671437,2,4,0.3847148492181768,1.0,1
Healthcare,109778.59053365469,3,1,0.2801025514077867,7.0,0
E-commerce,144595.6625349539,1,1,0.0999891281456059,15.0,0
Manufacturing,7078.238428819678,1,0,0.5955261269927996,19.0,0
Manufacturing,32652.316177158304,6,2,0.273656528494921,21.0,1
Finance,10367.76703772645,3,0,0.6027804908452652,40.0,0
E-commerce,32462.94348935921,3,2,0.1672945443004559,41.0,0
Healthcare,191075.9106802648,1,3,0.1640295862426299,27.0,0
Finance,55265.13671256966,10,4,0.5298730003987832,25.0,1
E-commerce,84646.69917475135,6,2,0.2835271940231726,15.0,1
SaaS,37898.69517421119,8,5,0.2430479577037599,40.0,1
Finance,65371.59866834928,5,4,0.2557561760122923,15.0,1
Healthcare,74002.34981537738,8,2,0.3774615867150478,16.0,1
Healthcare,37509.81293372398,1,1,0.2430256275324601,10.0,0
SaaS,20586.458068648757,4,0,0.2957455583627191,17.0,0
SaaS,49897.06675360273,5,2,0.2830925449586843,24.0,1
Manufacturing,36129.50384300228,6,0,0.2861461330438935,29.0,0
Finance,31782.45618824003,2,0,0.7053745204764679,79.0,0
Healthcare,57448.42762689099,3,2,0.2188271688294825,25.0,0
SaaS,36707.02196042858,2,0,0.3281838358142504,11.0,0
SaaS,168488.09035125904,0,0,0.3319611554815469,4.0,0
Healthcare,109533.63065621186,4,2,0.2034712308139585,10.0,0
SaaS,9860.851319412275,2,1,0.3879138494649519,17.0,0
E-commerce,65905.65037839528,6,8,0.3101018854516122,37.0,1
Manufacturing,65206.32796046795,5,1,0.2330212061911573,15.0,0
E-commerce,48632.39496804516,1,1,0.1362606268971273,19.0,0
E-commerce,185710.194948158,3,1,0.2344352601044389,19.0,0
SaaS,33638.81664955643,4,2,0.2337810531407191,19.0,0
E-commerce,107915.71056235472,6,2,0.2572842837248568,18.0,1
Healthcare,214664.7874881329,1,2,0.2902388817715024,1.0,0
Healthcare,252164.703343038,6,5,0.4187935289358946,19.0,1
Healthcare,59944.03165011284,1,0,0.1990079045064254,11.0,0
SaaS,13231.79996102457,2,0,0.5121196567184302,24.0,0
Healthcare,206340.6476791072,0,0,0.2301106347927891,9.0,0
Manufacturing,180811.2973475836,0,0,0.4666464073162312,24.0,0
Healthcare,353589.65234627563,2,4,0.2835271940231726,7.0,1
Finance,379307.55293463,4,7,0.2835271940231726,5.0,1
SaaS,12904.943940419584,7,1,0.3295827520402856,31.0,0
Finance,32257.06529357056,9,11,0.4101803529459429,44.0,1
Finance,30648.575882541874,2,0,0.1603951577914923,14.0,0
Finance,52234.39042188977,5,2,0.2521409830469118,17.0,0
SaaS,27734.905446497018,7,3,0.4656182656728519,9.0,1
Healthcare,29624.83496242513,2,3,0.1313877639723755,22.0,0
E-commerce,45406.28187051534,8,5,0.2702749307142857,27.0,1
SaaS,50816.46063441948,3,1,0.4198249257976047,15.0,0
Healthcare,68607.34191477363,2,0,0.1345465685837656,7.0,0
Healthcare,57531.50195914399,7,1,0.2470474277548942,19.0,0
Healthcare,234837.03630805475,1,2,0.2910923815572665,11.0,1
E-commerce,43530.850180123816,3,3,0.2347175422427826,34.0,1
Finance,91101.44807243452,10,5,0.4252879581691912,38.0,1
Finance,53658.854631942006,2,3,0.1172309524564409,17.0,1
E-commerce,112593.01309592355,3,6,0.204104148325345,34.0,1
SaaS,44268.78224288552,13,7,0.4565981125313345,22.0,1
Finance,119570.0105152619,0,0,0.1828817311502249,1.0,0
Finance,16479.990959979736,1,0,0.3529666445005583,26.0,0
Manufacturing,150354.44763575905,1,6,0.1489689675136173,18.0,1
E-commerce,80193.40960136085,3,1,0.1682476724458051,21.0,0
SaaS,46394.40539473112,1,1,0.1130353039212146,17.0,0
SaaS,7746.818167158616,3,0,0.6399789041045693,66.0,0
SaaS,57965.21299210338,9,7,0.31498922563044,30.0,1
Manufacturing,12945.602943373204,1,0,0.5792834992861376,81.0,0
Manufacturing,118503.3343415403,1,1,0.1598625088271687,4.0,0
Finance,90716.48389532063,8,3,0.256391846923471,14.0,1
E-commerce,217022.1858274096,3,2,0.2810369660127262,4.0,1
Finance,131899.53858202806,3,1,0.2844000836046735,19.0,1
Finance,203959.3184725792,0,0,0.1898919221735413,0.0,0
SaaS,167750.33812988314,3,3,0.3203090961523882,6.0,1
Healthcare,64798.58754045671,1,0,0.25023447164729,23.0,0
Manufacturing,25658.027750449182,2,1,0.1918123609314308,16.0,0
Finance,173296.14845940532,7,13,0.423337703530892,5.0,1
SaaS,41571.79433682066,2,0,0.2264146042567786,25.0,0
Manufacturing,77494.67237189114,8,5,0.2659352200281781,18.0,1
Manufacturing,132162.61565146962,1,2,0.1267930328679492,16.0,0
Finance,201223.81567721345,1,1,0.4436078805822427,10.0,0
Healthcare,131460.8124595125,1,0,0.1584609770256739,13.0,0
SaaS,52737.23515528184,6,2,0.2388572228070457,32.0,0
Finance,265552.9993953075,2,4,0.3245473558044669,8.0,1
Manufacturing,58381.28448332459,10,6,0.2838394162276134,22.0,1
Manufacturing,20068.71477046956,8,6,0.307066831046847,38.0,1
Finance,122524.20564508268,7,6,0.5470841430086331,32.0,1
Finance,51096.15557019852,4,1,0.2129594158597273,21.0,0
Finance,33393.0063842623,1,0,0.2094164446712037,17.0,0
Manufacturing,109150.2190327405,6,4,0.2567747819008571,17.0,1
Finance,161087.01129146118,10,4,0.319191361680241,19.0,1
Healthcare,80007.13403977461,4,3,0.2581126969701447,13.0,1
Healthcare,147386.15695372655,2,1,0.1156858997404838,15.0,0
SaaS,11184.935387100848,1,0,0.6498214063972562,48.0,0
Finance,63264.60253910129,4,0,0.3108150134621734,13.0,0
Finance,45773.36536215732,4,0,0.4864344187511402,12.0,0
Manufacturing,170094.63113519672,1,0,0.2855955207342987,4.0,0
Manufacturing,38866.1003308193,2,1,0.2010311577958346,14.0,0
E-commerce,25232.178888496484,5,4,0.2495811700400581,20.0,1
Finance,41318.31017197854,7,5,0.6313013256477127,17.0,1
Healthcare,33190.95091733954,8,4,0.3934684802082162,24.0,1
SaaS,44019.58383405284,5,4,0.3827393118272845,20.0,1
Healthcare,160897.47397884738,0,0,0.1363402998222133,4.0,0
Manufacturing,24259.17902163992,7,6,0.4265471176752677,23.0,1
SaaS,12035.00656116152,0,0,0.5697808669227239,80.0,1
Finance,28571.493155563247,5,0,0.2835271940231726,32.0,0
Manufacturing,13373.525963933012,0,0,0.750793439606176,25.0,0
Manufacturing,13177.98898664774,3,1,0.7345189716256941,36.0,0
Finance,117772.13310993362,5,1,0.2796826440330197,13.0,0
SaaS,30811.571405185165,4,0,0.4403301466165235,12.0,0
Healthcare,318485.95346483734,2,0,0.21851016200701,16.0,0
Healthcare,57927.61888422554,5,5,0.5077015429170864,18.0,1
Finance,10534.071915886569,1,0,0.7032737998897847,19.0,0
SaaS,16251.937771209246,2,0,0.6093718190921986,52.0,0
Manufacturing,22327.950809455742,6,6,0.337441800804118,21.0,1
SaaS,50687.02339071617,3,1,0.1320180037786942,15.0,0
Finance,53058.48113622252,7,4,0.3007158806862081,30.0,1
SaaS,77158.80409060649,0,0,0.2429098514086297,4.0,0
Healthcare,32713.736887897405,5,2,0.2723355256959268,18.0,1
E-commerce,95279.54782200968,3,1,0.2588311008916429,24.0,1
Healthcare,35043.71575110105,8,5,0.2140001047322741,23.0,1
Finance,553251.2644341198,0,0,0.2756001738709532,8.0,0
Finance,44473.84627229347,3,0,0.3888703415369757,21.0,0
E-commerce,14074.625896294803,1,0,0.4997916442483006,39.0,0
Healthcare,15368.94395096998,3,0,0.8035982095268658,35.0,0
E-commerce,15430.27240165866,3,2,0.1792640821588558,17.0,0
Finance,33408.18076256773,3,3,0.1603695808444079,12.0,1
Healthcare,112530.1850311737,7,6,0.3837319069081316,23.0,1
SaaS,32661.644180168183,7,2,0.382422060823451,11.0,1
Manufacturing,26979.32050667812,1,0,0.1284568167479723,23.0,0
Manufacturing,43781.78200763848,3,2,0.3895299467919162,14.0,0
Finance,37088.11615211817,2,0,0.2596194347126382,15.0,0
Healthcare,125237.90551993264,3,4,0.0735602549014393,28.0,1
Finance,12020.733474413651,2,0,0.6878511554760398,45.0,0
SaaS,12308.046199635157,1,0,0.4682352252776839,25.0,0
SaaS,70195.81066877929,3,1,0.0972169087478132,18.0,0
Manufacturing,37687.119920639125,3,0,0.0976751031189015,34.0,0
Manufacturing,283557.24791440606,0,0,0.1980731568019462,2.0,0
Healthcare,63061.27534562538,3,1,0.1041118252908895,14.0,0
SaaS,69564.8385498493,4,3,0.2835271940231726,29.0,1
E-commerce,63603.47840143168,5,2,0.2462832300257922,14.0,1
E-commerce,249077.3958763609,3,5,0.2528228451269342,3.0,1
Finance,33453.49972206845,4,6,0.3032017297349923,19.0,0
Healthcare,107794.08697488368,2,1,0.1162218171404159,26.0,0
Healthcare,34580.52551249495,4,2,0.143581496031196,17.0,0
Finance,13675.276205093856,1,0,0.7062718206712709,68.0,0
Finance,161493.1071858001,1,2,0.0972634703925375,3.0,1
Finance,26528.48682704863,2,2,0.2633832629804802,10.0,0
SaaS,41029.55000142868,3,0,0.1114345113722721,15.0,0
Healthcare,78746.72528516132,1,0,0.0742641171352973,33.0,0
Finance,35157.20098147775,8,5,0.3922162727549512,19.0,1
Finance,103251.94092311375,2,2,0.4860053534907229,8.0,0
E-commerce,151525.27896329912,0,0,0.1967937043866341,1.0,0
E-commerce,94719.42887999672,3,2,0.2712037090553961,8.0,1
SaaS,122184.59923407172,2,5,0.3703268722275414,4.0,1
Healthcare,18606.275501424723,3,1,0.2152324237798102,10.0,0
Manufacturing,31573.399053123518,8,2,0.257854021342182,14.0,1
Finance,140120.16644481663,9,5,0.360907248980582,17.0,1
Finance,356685.9996719624,2,1,0.2759452981276793,4.0,1
Healthcare,337745.9222440624,2,5,0.2816213967329109,4.0,1
Finance,81647.34903926466,4,2,0.3226500332015726,24.0,0
Healthcare,53372.63726877252,1,2,0.2542345577811981,19.0,0
Manufacturing,19874.66974085658,1,0,0.563423682262668,21.0,0
SaaS,20425.08661757976,3,1,0.0954293805996794,14.0,0
Healthcare,32113.79452041417,2,1,0.1470539922806456,15.0,0
Manufacturing,15595.562587513414,3,2,0.0821376504341328,21.0,0
Finance,190120.12697512185,0,0,0.1704388808045298,8.0,0
Finance,108717.99711944618,4,2,0.2430061201912977,21.0,0
SaaS,39096.64375495123,10,7,0.2956833981805249,27.0,1
SaaS,87275.22629866141,2,3,0.1980070959401977,14.0,0
Finance,33433.61112386409,1,3,0.1003862561815563,23.0,0
Healthcare,426402.02838118,1,4,0.3553334252841134,6.0,1
SaaS,9537.05077426021,1,0,0.7572050175700906,18.0,0
SaaS,289116.23505949223,0,0,0.2835271940231726,1.0,0
SaaS,10314.774696126016,2,3,0.3341497959109255,16.0,0
Healthcare,40618.97610398566,3,5,0.2211406235515181,35.0,1
Finance,23793.26413449249,2,1,0.6035409145055862,36.0,0
Healthcare,374220.57482212223,2,2,0.1639651071051792,5.0,1
Finance,189831.7940891802,0,0,0.2960243568515088,5.0,0
Manufacturing,357884.9392062248,1,0,0.1525260364418159,5.0,0
SaaS,100944.01024849011,2,3,0.4094831863863042,11.0,0
Healthcare,12415.565988950084,1,0,0.7791354378497944,40.0,0
E-commerce,10225.727083392814,2,0,0.8087277297488417,52.0,0
SaaS,65490.09395731661,6,8,0.1401073401680601,34.0,1
Healthcare,112279.29227425184,2,1,0.1838899866156817,9.0,0
E-commerce,22532.84133914157,3,2,0.1898469443926767,21.0,0
E-commerce,245970.59861087624,1,3,0.4065751422328286,1.0,1
SaaS,8382.937778685005,3,5,0.103582314415703,18.0,0
Finance,49114.59228722983,3,1,0.3755225700325294,23.0,0
SaaS,171126.89127369816,2,0,0.3077761651738563,12.0,0
E-commerce,108604.9946114211,1,3,0.210831913724488,6.0,1
Finance,46958.272276534415,4,0,0.2626513141155205,12.0,0
Finance,27980.24552206014,3,1,0.2538118626911376,23.0,0
E-commerce,320499.1408463932,1,2,0.1066282500659863,6.0,1
Finance,13615.515841221912,1,0,0.7796390694206512,56.0,0
E-commerce,57818.821785157255,2,3,0.0976435713788141,16.0,0
SaaS,291229.91838642175,5,9,0.2835271940231726,19.0,1
Healthcare,69958.80733840301,3,0,0.0803538126938016,13.0,0
Finance,63457.05928220725,4,3,0.1387334633584244,10.0,1
E-commerce,53175.97559741072,6,4,0.2500157372635383,17.0,1
Healthcare,71512.090007874,4,3,0.3868622808746267,21.0,0
SaaS,175143.30367733465,1,3,0.240611853709782,12.0,1
SaaS,11102.523734355344,3,1,0.6900058281045188,87.0,0
SaaS,52679.77435910452,9,3,0.6080555285052173,13.0,1
Manufacturing,40052.47244244913,9,5,0.3866148401230314,27.0,1
SaaS,77272.40471766864,2,1,0.2704760204667237,26.0,0
Healthcare,54083.26221697936,9,3,0.2923238447464789,24.0,1
Manufacturing,29588.183025619383,2,0,0.1305614933384557,9.0,0
SaaS,132380.82492202157,6,2,0.2913512089950397,25.0,1
Healthcare,38762.131680230144,12,6,0.4649616093714475,29.0,1
Finance,22624.402453577328,2,3,0.2835271940231726,22.0,0
E-commerce,47686.02144555254,2,0,0.0636350474243571,10.0,0
Healthcare,32312.92138118116,1,0,0.5232113542289781,51.0,0
SaaS,45670.721020524106,1,0,0.1708112121630605,15.0,0
SaaS,55858.10402609056,2,3,0.2279565427785885,13.0,0
Finance,20997.896756267663,2,0,0.8139640179204266,44.0,0
SaaS,126940.0312521558,2,4,0.1227703361155969,29.0,0
Finance,77310.60246426944,6,5,0.1438313633482956,25.0,1
Healthcare,19151.981015714733,11,5,0.6302024807920582,28.0,1
SaaS,128802.92552455694,0,0,0.2525492930325792,11.0,0
Healthcare,75448.00221100956,4,1,0.3066486619480902,21.0,0
SaaS,22282.773884657046,0,0,0.5690412953726659,73.0,0
E-commerce,62310.52409720103,9,2,0.3699860370975755,17.0,1
E-commerce,168586.24748115704,1,1,0.2066362274247923,0.0,0
Finance,72431.99427184481,7,4,0.2970172941644486,23.0,1
Finance,35928.823921614225,1,0,0.1194851101726908,15.0,0
SaaS,41335.53873615419,3,4,0.2890086344043061,7.0,0
Manufacturing,32007.161873758345,6,4,0.32101655395021,26.0,1
E-commerce,66060.28375541413,4,2,0.2495585446379514,18.0,0
E-commerce,26648.635494445127,4,0,0.7308125077735195,45.0,0
Healthcare,119503.05826015004,3,7,0.256779647622774,11.0,1
Healthcare,17179.09735645241,1,0,0.4284146890890519,28.0,0
SaaS,11758.194908709853,0,1,0.5219239558568982,31.0,0
Finance,74247.46346577983,12,4,0.437863568932415,19.0,1
Finance,116309.74556719324,4,2,0.2197745461671208,36.0,0
Manufacturing,144098.7475729732,4,6,0.3798021210965687,12.0,1
Finance,122660.54930515302,4,4,0.5041189996150891,12.0,0
Finance,83433.26128650155,1,0,0.1739951997073074,13.0,0
Finance,88309.43767399163,3,8,0.1296023128153179,13.0,1
Manufacturing,70650.68042371151,2,1,0.4942533339341079,12.0,0
SaaS,23962.732790626145,2,0,0.7929775449874724,64.0,0
SaaS,72873.52973521185,8,9,0.5061770800937802,35.0,1
Manufacturing,31718.542824923905,13,9,0.2772931259860069,32.0,1
Healthcare,83785.34384618832,6,5,0.2089598276676676,20.0,1
SaaS,101731.8251392717,2,5,0.2575334356975032,6.0,1
Finance,32882.15211471015,5,2,0.4341825965941789,25.0,1
Finance,25870.70034061781,3,1,0.2672772645633516,26.0,0
E-commerce,18804.944323809777,3,1,0.1131105027671455,23.0,0
E-commerce,75614.36175329328,1,0,0.5679102025812305,3.0,0
Healthcare,22410.844497146787,6,3,0.1840484010482612,23.0,1
Healthcare,186664.44616783128,5,3,0.2123161937273556,39.0,0
SaaS,38703.207023865856,3,2,0.3010816300104112,19.0,0
Finance,122281.47732508756,6,3,0.4824362561823941,25.0,0
Finance,69803.78840868588,6,6,0.2158982062095373,46.0,1
Finance,145023.65674476742,10,7,0.2702471758179693,19.0,1
Healthcare,92431.70583959496,0,0,0.1039300800520424,18.0,0
E-commerce,79835.30952751335,1,4,0.0565241693993922,21.0,1
Healthcare,48935.79063120494,10,7,0.2470052878419841,33.0,1
Finance,193081.58741079152,1,1,0.2913817787030312,3.0,0
SaaS,12119.055708565433,0,0,0.6462437960033274,51.0,0
E-commerce,66729.23878438609,9,7,0.3474836567014515,36.0,1
Finance,13165.774759366172,1,0,0.5284955276095796,20.0,0
Finance,132959.5496317953,1,2,0.2508597179735467,10.0,1
Healthcare,30235.21481408465,9,8,0.2226309995571732,39.0,1
SaaS,127897.0546092418,2,1,0.2524430245398789,13.0,0
SaaS,14196.187609280994,2,0,0.7028347431883443,48.0,0
E-commerce,12902.9908913545,1,0,0.6561972138029304,35.0,0
Manufacturing,64200.085993030814,3,2,0.5928375651533987,9.0,0
E-commerce,124937.11439228368,3,3,0.2847667402477787,8.0,1
SaaS,21074.729244006343,4,1,0.1865032263308439,6.0,0
SaaS,9659.44188537044,0,0,0.5794992298074662,34.0,0
Finance,45093.89942718955,3,2,0.1043494411804658,12.0,0
Manufacturing,43991.329154271545,2,1,0.127636653038553,30.0,0
Healthcare,52482.956202809815,3,1,0.2215786357980525,11.0,0
Finance,17450.38375950788,3,0,0.7052161522620547,72.0,0
SaaS,50553.43286345473,0,0,0.122814764960752,3.0,0
Healthcare,40708.1450913248,2,3,0.1995742101755278,17.0,0
SaaS,14454.16655489142,3,0,0.2835271940231726,33.0,0
SaaS,45851.02938437139,8,6,0.3201416769824665,37.0,1
Healthcare,85629.37766812684,4,1,0.0570821746302123,17.0,0
E-commerce,19939.84448032216,7,1,0.2950925476589152,30.0,0
Healthcare,351742.253740204,2,1,0.2835271940231726,2.0,0
Healthcare,172443.82497352798,2,3,0.0825773687217984,5.0,1
SaaS,46316.256390382274,4,2,0.4139050340287216,24.0,1
SaaS,17966.23021631852,3,1,0.2077431834684109,15.0,0
E-commerce,43163.08573891183,4,6,0.2964457116535464,26.0,1
Healthcare,33945.540458129486,1,0,0.2835271940231726,13.0,0
SaaS,11559.78892521772,2,1,0.3655371577514778,41.0,0
Finance,26750.274684688902,14,6,0.5004677848208178,24.0,1
Manufacturing,213692.9046955194,4,3,0.3214347760716813,1.0,1
Healthcare,70723.74343900911,6,2,0.3683552456974611,17.0,1
SaaS,18243.278070823453,4,4,0.2146439314799782,21.0,0
Finance,112571.370656651,8,6,0.3054050648762849,18.0,1
Finance,145880.91996647368,12,13,0.3788496550122224,38.0,1
SaaS,112742.30607898525,1,1,0.2169470394854382,4.0,0
E-commerce,16943.63944983966,4,3,0.1544715826554465,12.0,0
SaaS,329105.8134863964,2,3,0.1529816226254607,16.0,1
Manufacturing,10494.798598016458,2,0,0.7173223924254103,31.0,0
SaaS,283459.2280094309,5,6,0.6166026007186968,2.0,1
SaaS,93128.42041065358,7,6,0.3674263860241071,23.0,1
Finance,384938.8262805864,2,1,0.2971774525129126,3.0,1
E-commerce,41069.43820046716,1,1,0.5559729353983063,16.0,0
Finance,244038.6419371935,1,1,0.1267016158113768,32.0,0
E-commerce,63015.90844132354,1,0,0.1064084060177381,19.0,0
Manufacturing,144529.07003631597,4,9,0.2833319538343022,3.0,1
Manufacturing,7369.463459026258,2,0,0.803565006983737,25.0,0
SaaS,25324.61193449223,3,0,0.2263197625048458,12.0,0
SaaS,333594.8402422276,6,4,0.2082955673965243,23.0,1
E-commerce,168478.11670243886,2,6,0.3852573682295503,5.0,1
Finance,42091.62496035305,5,5,0.2453120752396966,26.0,1
SaaS,152170.19367666295,9,6,0.2050057670153698,45.0,1
Finance,39960.909906200366,2,1,0.2476339968787048,19.0,0
SaaS,35351.82286745329,5,7,0.1886225289935801,24.0,1
Finance,63458.74562563464,6,2,0.3202034303629646,8.0,1
Finance,138600.4361096313,10,8,0.4892461720656995,36.0,1
Healthcare,44308.26414786224,3,4,0.3477250769942716,20.0,0
Healthcare,44645.92384456418,4,3,0.2433414276550401,32.0,1
SaaS,24599.735328862367,13,3,0.4135716689702637,18.0,1
Finance,11658.012446453968,2,1,0.90845475809874,27.0,0
SaaS,38495.59379621853,10,3,0.6106539429823385,34.0,1
Finance,18032.66489939295,3,0,0.7786889013791214,23.0,0
SaaS,506115.2140195524,3,7,0.4026429201879551,9.0,1
SaaS,16827.548365068007,5,1,0.288914424739623,12.0,0
SaaS,175768.94414929836,2,1,0.0941479942732637,9.0,0
SaaS,40020.673593044274,1,1,0.2518359924320118,13.0,0
Healthcare,50709.42342617088,4,0,0.1423150935613987,10.0,0
E-commerce,129924.59035061604,2,2,0.1786666030571352,20.0,0
Healthcare,173463.9981745065,4,6,0.5379253081458252,4.0,1
SaaS,25443.264912749863,7,6,0.3532297466607513,32.0,1
SaaS,89428.6677875852,3,3,0.1642235097282286,19.0,1
Finance,215005.3371409996,1,2,0.1992466480020892,21.0,0
SaaS,34853.84196083352,1,0,0.2129970887704799,8.0,0
SaaS,15290.98982027886,1,0,0.7749190813937541,57.0,0
Healthcare,30073.827916845905,5,3,0.2526424924082934,18.0,1
Finance,171650.0659787938,3,3,0.1249243996596831,28.0,1
Finance,357179.4466891912,4,7,0.3357751358459948,6.0,1
Manufacturing,78426.76697410496,5,2,0.2660552283077467,25.0,1
SaaS,127329.96394585716,3,1,0.1019805314089025,13.0,1
Finance,25069.815956124374,2,0,0.5793586880217507,16.0,0
Healthcare,106339.49278198178,4,2,0.1434639602936563,11.0,0
SaaS,36982.13230963653,0,0,0.0782457761467899,29.0,0
E-commerce,45865.23557686612,8,3,0.3448388860750851,14.0,1
Finance,14996.173631009,0,0,0.5259217504953799,31.0,0
Finance,16389.139832894864,3,0,0.7083003408927757,33.0,0
E-commerce,106723.73325256008,1,2,0.1033678859585885,5.0,0
Finance,100295.49402798846,0,0,0.0847721178016289,3.0,0
Finance,103947.64427464153,3,1,0.2684493865549033,6.0,0
Manufacturing,25466.235098158737,6,6,0.2921843926475029,31.0,1
SaaS,55069.60962638215,3,4,0.3541963721666608,25.0,0
Healthcare,152655.47262027604,0,0,0.2193455343156901,17.0,0
Finance,32986.126900981515,4,2,0.1639849040740711,13.0,0
Finance,119160.56750976206,3,5,0.2160008068424035,25.0,1
Finance,28092.908336492765,6,5,0.2137883608902778,40.0,1
E-commerce,103603.14468855882,7,4,0.2870257481649797,34.0,1
Healthcare,31672.720356523,5,3,0.3245438920045695,14.0,1
SaaS,40032.86414755449,5,5,0.2112661506769286,17.0,1
Manufacturing,44671.25210955454,9,3,0.330685196288609,16.0,1
Healthcare,25039.10477049778,3,2,0.3181505759138895,14.0,0
Finance,90744.59335912566,5,4,0.2486018965349934,21.0,1
SaaS,35787.416452366364,5,4,0.2279352136114936,38.0,1
Manufacturing,18101.13971021413,0,2,0.1559060167154311,12.0,0
E-commerce,68358.46406890365,1,3,0.2835271940231726,20.0,1
Finance,20134.868070638146,1,0,0.7489928666172816,24.0,0
SaaS,35787.18422198285,2,2,0.0712028454812931,16.0,0
SaaS,14029.518863558336,0,0,0.8642985528033021,68.0,0
Manufacturing,8992.924783205459,1,0,0.8092603919123941,73.0,0
Finance,69107.1939238803,3,2,0.2133130065286395,16.0,1
SaaS,180207.1054406021,2,1,0.190753868850194,11.0,0
E-commerce,53760.81171059054,3,2,0.1811635671667542,33.0,1
Healthcare,129265.54732314953,5,1,0.2447651726007119,11.0,0
SaaS,38288.618248241255,1,0,0.1220699890457765,12.0,0
Finance,449155.7151210271,1,0,0.1624462080748714,2.0,0
Healthcare,26573.56124644885,2,0,0.7954365994769255,45.0,0
Healthcare,30758.67882473409,1,2,0.2630241296408918,19.0,0
Manufacturing,61812.52035279568,7,6,0.1926881387084834,18.0,1
Healthcare,42430.04116993397,5,4,0.2124939636228438,17.0,1
SaaS,14448.59837173574,0,0,0.6442140274914274,35.0,0
SaaS,86914.92830514348,5,1,0.294951094426327,34.0,0
Finance,16410.738979858746,3,0,0.6741092045235559,32.0,0
SaaS,170087.45877815373,6,4,0.2344126671853015,49.0,1
SaaS,42618.087907246016,6,6,0.2314408663649241,42.0,1
E-commerce,80739.10367654565,6,1,0.2924613461066935,13.0,1
SaaS,53224.63380945336,7,6,0.476465072155855,24.0,1
SaaS,11456.569314063894,3,4,0.1608561480607033,15.0,0
Finance,55051.33184149753,1,0,0.1078086089463533,12.0,0
Manufacturing,53753.28205905703,1,0,0.168050122813079,13.0,0
Finance,132470.52701894785,1,2,0.0381981742918338,13.0,0
E-commerce,169284.55597410494,4,3,0.2971339066986948,23.0,1
Healthcare,135186.840177017,2,1,0.1246328971285315,30.0,0
Manufacturing,70830.28178590303,3,4,0.2497406151211887,13.0,1
SaaS,37939.4074330202,3,1,0.2493395389165716,37.0,0
E-commerce,14255.87792723472,5,1,0.4692181375617502,16.0,1
Finance,11805.87576480812,2,1,0.9363970478365844,28.0,0
Healthcare,69519.7607155682,2,3,0.1401621487406865,15.0,0
SaaS,188914.88046102895,2,2,0.116523748596877,5.0,1
E-commerce,130646.10796130748,5,5,0.2166401252568638,24.0,1
Finance,36493.75999329155,4,4,0.3522078426301761,9.0,0
Manufacturing,66085.85424415312,3,0,0.3299557145350834,4.0,0
E-commerce,33726.37350607329,7,6,0.2754160307801887,29.0,1
Healthcare,54327.45220932269,3,1,0.0768042195477236,12.0,0
E-commerce,14289.393000978152,2,0,0.7937285091783344,19.0,0
SaaS,135962.28327563914,2,0,0.0956296718299119,8.0,0
SaaS,68267.44827581142,10,6,0.179476051561038,21.0,1
Healthcare,75999.37094193621,4,3,0.1307581190377509,15.0,1
SaaS,14488.931608342304,1,0,0.6756235622803921,11.0,0
SaaS,47619.257729244106,2,1,0.0701240643828605,8.0,0
Healthcare,100002.96035799464,5,2,0.5588852294630979,21.0,1
SaaS,30830.54683968449,1,0,0.0816469823069035,12.0,0
SaaS,13109.820330118468,6,1,0.2295018007802816,8.0,0
SaaS,34563.427557075374,3,1,0.2857942671029734,37.0,0
Finance,96122.6780908236,4,3,0.1508850442437785,22.0,0
E-commerce,141757.63108567058,8,3,0.2636084206804784,31.0,1
SaaS,23846.20420311802,8,5,0.2168782057154659,27.0,1
Healthcare,163236.20361783096,4,0,0.3115780158799291,11.0,0
Finance,17721.858673556344,1,0,0.6952531133402178,17.0,0
SaaS,21706.205735644613,2,3,0.3583870927698192,19.0,0
E-commerce,14349.261756846434,1,0,0.8975806991518612,21.0,0
Healthcare,192831.11078826283,2,6,0.366767696983202,1.0,1
SaaS,159161.3435394405,1,3,0.064933874655606,6.0,1
Finance,308752.35938697646,5,4,0.4447446955816799,10.0,1
SaaS,54899.10927278886,2,2,0.031552285076613,12.0,0
Manufacturing,35596.964148428844,1,3,0.3379498937643114,20.0,0
E-commerce,6392.448422843551,1,0,0.7318488948554942,45.0,0
Finance,45388.86014478526,5,2,0.2377098479421175,31.0,0
SaaS,17842.168927142367,4,5,0.199144233087482,26.0,1
Finance,55131.91898781624,4,0,0.0814944967422109,1.0,0
Healthcare,19754.146226373447,1,0,0.1999488110639279,13.0,0
E-commerce,25242.41188323716,4,2,0.2474469121529731,8.0,0
E-commerce,11902.111013573114,4,1,0.964263437107014,45.0,0
Finance,26859.75423614223,2,0,0.8840142558798151,45.0,0
Manufacturing,9878.030533050664,2,0,0.6837116431863995,55.0,0
SaaS,32151.45832117336,5,2,0.1956828511700398,26.0,0
Healthcare,66062.7397403789,11,2,0.4776598170782198,17.0,1
SaaS,167780.12113080648,2,4,0.4970933128165888,8.0,1
SaaS,179719.02074499876,1,1,0.3169493344940484,1.0,0
SaaS,133600.46906829553,0,0,0.235848395041342,12.0,0
SaaS,34812.25688674583,7,7,0.3503616064451171,29.0,1
SaaS,30380.023452469297,5,2,0.1316156940704638,32.0,0
Finance,67545.39912148219,5,1,0.2835271940231726,17.0,0
E-commerce,143858.6691770256,4,3,0.2843670508814078,5.0,1
SaaS,51901.11313135256,5,2,0.2720616925915801,3.0,0
Finance,185657.59162277405,2,2,0.2404320230470083,13.0,1
E-commerce,23379.401624974333,4,3,0.1887073755280407,25.0,0
Manufacturing,235035.6306107561,3,2,0.3196572975641847,15.0,1
Manufacturing,27317.892543425107,12,14,0.3008167214674571,35.0,1
Healthcare,67482.31009106485,9,6,0.4028345268911288,27.0,1
Finance,46945.07246268941,2,1,0.1444056680571731,20.0,0
SaaS,22003.6168066138,3,3,0.2983634622780118,28.0,0
Finance,58197.89203275678,2,3,0.2203964007944005,18.0,0
Manufacturing,212660.0014984769,0,0,0.0815678916417381,19.0,0
Finance,72824.19791132967,11,7,0.41696432109779,19.0,1
Healthcare,141932.34108721517,1,0,0.2191664937890075,11.0,0
Healthcare,59306.15216411054,2,2,0.361471989713281,8.0,0
Healthcare,55802.61507432815,3,5,0.1486057237111192,38.0,1
E-commerce,56816.99570960419,4,1,0.1954254051379891,25.0,0
SaaS,59153.33017375361,14,11,0.3661699203493371,32.0,1
Finance,496775.4105267218,1,1,0.5084754314585447,8.0,0
Healthcare,57767.07114533144,2,0,0.127197580645065,9.0,0
SaaS,175595.0145149046,3,1,0.4757692517033428,3.0,0
Finance,100157.00682653223,5,2,0.184620498772723,18.0,0
SaaS,52370.65346256151,3,1,0.4811455074180097,10.0,0
SaaS,188065.46928029237,1,1,0.598504946984814,16.0,0
SaaS,27265.340028596016,4,3,0.1945848310058683,15.0,1
Manufacturing,70166.22866249271,11,4,0.3917495957859059,33.0,1
Manufacturing,34796.28498449427,2,3,0.4438535287916282,23.0,0
Manufacturing,181419.1510115677,3,6,0.1289109975657267,2.0,1
Finance,61347.53604120305,5,5,0.0733033579792137,24.0,1
Finance,35028.82458241558,3,3,0.4318845240599375,14.0,1
Healthcare,54493.071250687,0,0,0.20528897717904,18.0,0
E-commerce,77006.85553193203,3,2,0.2507863691497758,25.0,1
Manufacturing,210108.33770154475,1,3,0.2370719783606722,15.0,1
E-commerce,30920.684978368023,5,4,0.1374635871717603,15.0,1
Finance,242749.93588171276,1,0,0.0745041056590471,17.0,0
Manufacturing,75526.26515857594,1,1,0.118329192773021,19.0,0
Healthcare,230761.9863869907,0,0,0.1645085612026333,5.0,0
Finance,109623.21675852592,5,4,0.325315663111138,32.0,1
Healthcare,83148.21267323071,6,6,0.2410978674846026,17.0,1
Finance,77784.40942671918,11,7,0.3900808502966715,23.0,1
SaaS,159623.96099752298,1,1,0.1238586895975435,32.0,0
Healthcare,23780.9952100526,5,2,0.3145975873934077,39.0,0
SaaS,53636.93577026609,3,2,0.2390780338560367,16.0,1
SaaS,18894.618023068284,0,0,0.545122052870338,76.0,0
E-commerce,74482.51828642139,3,4,0.3004063786255444,11.0,0
SaaS,27631.03644932119,5,2,0.2534455201328424,15.0,0
Healthcare,188869.7249928885,7,4,0.3037264051748106,14.0,1
E-commerce,261613.80529415648,0,0,0.2935793336758447,7.0,0
Manufacturing,34292.66863216069,5,5,0.1860483025143397,11.0,1
Finance,18102.997286645143,1,1,0.7843614549950092,40.0,0
SaaS,12172.118852605954,2,0,0.6285420415335449,62.0,0
Healthcare,60050.1592362525,4,1,0.1769245141141617,8.0,0
Finance,75685.07971582576,5,1,0.3257636148769183,12.0,0
SaaS,224459.3251004637,2,2,0.4594502959629236,7.0,1
E-commerce,51183.98604127561,4,2,0.1032890862620123,20.0,0
Finance,100221.4481489885,4,4,0.1579147479844661,28.0,1
E-commerce,34558.28289503234,7,4,0.309127537049888,22.0,1
E-commerce,170933.7204577982,0,0,0.2247935368946977,4.0,0
Manufacturing,50934.48509497119,1,1,0.1681091572736095,16.0,0
Healthcare,34798.777568075864,3,3,0.364228122877133,29.0,0
Manufacturing,8015.393052385028,1,0,0.769035330564648,91.0,0
Healthcare,110421.9728663903,1,1,0.0559660698497014,24.0,0
SaaS,146111.49802200834,4,5,0.2044297712290202,17.0,1
Finance,435912.84764689126,2,4,0.1711844532918658,12.0,1
Finance,34593.09510108811,8,7,0.3466634789491081,35.0,1
SaaS,42585.285596491296,0,0,0.0899169447254547,13.0,0
Healthcare,74547.74012700145,4,1,0.1532712358446461,19.0,0
Healthcare,67028.88650907547,4,1,0.0714355375529435,16.0,0
Finance,68509.1227089013,3,0,0.2835271940231726,10.0,0
SaaS,118194.9110506774,4,0,0.083377468119877,14.0,0
Finance,148148.67977973926,6,2,0.3083145288513722,20.0,0
E-commerce,31713.42957514824,1,0,0.0773392641476429,13.0,0
Finance,70371.80451430254,0,0,0.1200023514234463,5.0,0
Finance,19065.929228026107,1,1,0.6560472102283457,39.0,0
Healthcare,26168.229763327567,7,0,0.345207031250113,20.0,0
SaaS,12337.719831435184,1,0,0.8408725749414039,38.0,0
Healthcare,57551.52644550291,5,2,0.3772960052172829,8.0,0
Healthcare,138094.02301916466,2,1,0.1200215807147959,20.0,0
Manufacturing,45826.10712749346,2,0,0.1900637888005036,16.0,0
SaaS,103636.54678334708,3,2,0.2212221607575994,15.0,0
Finance,65260.78578949265,5,4,0.178221584565072,10.0,0
Healthcare,16964.72106245602,0,0,0.4776837555079792,54.0,0
E-commerce,40458.08473498198,1,1,0.4416612186685779,13.0,0
Healthcare,132335.13760265635,6,5,0.1915178884101377,30.0,1
Finance,70657.56402774513,6,1,0.2079714007632865,10.0,0
E-commerce,185116.25567558443,1,1,0.2963634719427568,12.0,0
SaaS,16418.355555664122,1,0,0.7538217529114809,20.0,0
SaaS,43769.22599453218,3,3,0.1767967795130976,39.0,0
Finance,42563.51830792845,8,1,0.4369744315026849,14.0,0
Finance,95538.3579545378,1,2,0.3768141387202061,14.0,0
SaaS,58457.33432872576,12,8,0.4529326310848654,36.0,1
Finance,10363.581446958664,0,0,0.6832321670188408,53.0,0
SaaS,112099.49343670443,9,7,0.3461596703499461,20.0,1
SaaS,88425.83389942405,6,4,0.2101670857393549,17.0,1
Healthcare,12610.29328310613,0,1,0.5484917058171647,36.0,0
Manufacturing,22051.91822638076,22,14,0.5117207466991052,34.0,1
E-commerce,25082.200861886264,1,1,0.0778514032928459,14.0,0
SaaS,27714.609382667004,3,6,0.2767855710536703,10.0,1
Finance,62108.56592527108,5,1,0.2735825197387516,16.0,1
Finance,16076.500856041635,3,1,0.7691927732551416,64.0,0
SaaS,59837.02615096763,5,2,0.3113106783000171,14.0,1
Finance,105846.63635854686,7,5,0.281111878737299,27.0,1
Manufacturing,43252.17392504974,6,6,0.3221873501847116,21.0,1
Finance,34183.21193250453,3,2,0.2235902422496105,32.0,0
SaaS,61432.70938836435,9,11,0.270245747298194,29.0,1
Healthcare,206062.88008701112,5,1,0.1892407618928527,23.0,1
SaaS,70663.95237060431,8,4,0.3879701531480501,26.0,1
Finance,134937.6755020344,4,3,0.320869482683914,1.0,0
Healthcare,72789.62783592766,7,2,0.2257003460380514,18.0,1
Healthcare,217108.20019469023,0,0,0.0665867712159389,14.0,0
E-commerce,239690.84709705145,4,5,0.2432265465308234,6.0,1
Finance,42930.52381552086,5,7,0.3111207861947511,23.0,1
Manufacturing,140965.75406834914,3,4,0.3611987422135141,5.0,1
E-commerce,184879.8530557338,5,6,0.0876137224140085,13.0,1
Healthcare,30850.051684959453,9,2,0.2835271940231726,18.0,1
E-commerce,215302.27147185212,0,0,0.2573128542716931,4.0,0
Finance,18167.112915519367,2,0,0.519155378807546,34.0,0
Manufacturing,23198.18728370788,6,0,0.3936046280098171,22.0,1
SaaS,33449.47958307588,1,1,0.1194395859319922,14.0,0
Healthcare,110831.56262295452,2,3,0.1737394450939367,28.0,0
Healthcare,37816.20753122516,3,0,0.1566452458391234,12.0,0
Finance,144212.48439776638,9,4,0.4638855087919896,15.0,1
Manufacturing,88648.05802736274,3,2,0.1292869896329016,12.0,0
Finance,88725.2447388886,4,1,0.0925579882903091,16.0,0
SaaS,97319.04608870333,6,3,0.241590279373697,15.0,1
Healthcare,29425.268308052237,2,2,0.1060926454627229,9.0,0
Manufacturing,36509.90059037675,4,3,0.5023936032567056,21.0,0
Finance,29308.72174911813,2,1,0.2666565235708789,19.0,0
SaaS,121895.4197950573,1,0,0.1897509531396822,1.0,0
SaaS,52568.64607625585,2,0,0.237511268652929,12.0,0
SaaS,254337.5233839505,0,0,0.4101789449787587,4.0,0
Finance,41405.18422756159,5,10,0.2809520387987066,34.0,1
Finance,105675.45603421995,3,3,0.2835271940231726,17.0,1
Finance,57027.53238202729,3,0,0.1003384139330463,24.0,0
SaaS,15473.5373881484,3,0,0.844102668358095,44.0,0
Finance,49951.610458571326,4,2,0.1812655635819821,34.0,1
SaaS,8361.879466580756,0,0,0.449891840029351,43.0,0
Finance,45813.77438051036,9,5,0.3879126735622099,25.0,1
E-commerce,105269.8733248676,7,2,0.1823964379957246,15.0,1
Manufacturing,100489.3523438545,0,0,0.1832468503079574,7.0,0
SaaS,120532.05987084548,7,1,0.2856198574232019,23.0,1
Healthcare,19164.80866083003,1,1,0.7278575553390579,49.0,0
Finance,64062.103221653735,4,1,0.3387107192070061,20.0,0
Finance,228471.71213237828,0,0,0.1528052270032928,1.0,0
Healthcare,10779.15684060212,1,0,0.7367119958657067,21.0,0
SaaS,151538.2522823798,2,3,0.4088019992320576,5.0,1
SaaS,132241.24786555622,0,0,0.2671794893181207,2.0,0
Manufacturing,46484.88111748167,3,0,0.1889008070084306,6.0,0
Healthcare,85094.15033988318,6,3,0.2835271940231726,36.0,1
SaaS,49338.7283989108,6,4,0.2295441323909363,29.0,1
SaaS,13229.221291966063,0,0,0.8448295644254874,27.0,0
SaaS,41911.00314924429,1,2,0.3725012894801109,9.0,0
Healthcare,92557.00145643024,14,10,0.3840295168225915,42.0,1
SaaS,55209.194641561866,2,2,0.2251079827036349,17.0,0
SaaS,47804.895368709615,3,0,0.0929764691026175,11.0,0
SaaS,30203.288497535825,9,6,0.384538296232102,52.0,1
Manufacturing,233596.0694232397,1,3,0.2215544348249899,5.0,1
Healthcare,44712.05555333693,4,2,0.2160745757119263,15.0,1
Finance,22566.92344687905,5,3,0.1964024864524411,20.0,1
SaaS,36350.38028936047,0,0,0.1300551035870115,11.0,0
SaaS,180224.84114579088,1,2,0.2985288766725805,8.0,1
Finance,20429.21420300661,2,1,0.5936901654632101,71.0,0
E-commerce,40288.28207771554,3,1,0.177300136105092,19.0,0
Manufacturing,13384.927514470275,1,0,0.8200245005217138,37.0,0
Manufacturing,8326.738087039597,2,0,0.5398361414483329,38.0,0
Finance,23365.20235363924,5,1,0.1399745195211325,16.0,0
E-commerce,57622.27025332063,13,8,0.3250607992857636,31.0,1
SaaS,23847.248668732547,1,0,0.0703359554771976,27.0,0
SaaS,9282.455804240764,2,0,0.8012417473158832,47.0,0
SaaS,41735.083620680125,6,3,0.1947678643285639,15.0,1
E-commerce,216849.03029353623,4,5,0.5586143212435463,10.0,1
SaaS,98250.55533724182,6,1,0.2814677361540027,17.0,1
Healthcare,120021.2117705825,3,1,0.2810180799534599,11.0,0
SaaS,81574.85537703271,10,5,0.2981964756295168,44.0,1
SaaS,66512.15948770067,1,0,0.1769831434807187,10.0,0
Finance,147182.42788929923,1,0,0.1004198968739328,17.0,0
Manufacturing,14888.056886829128,0,0,0.5510331503865523,31.0,0
SaaS,10966.370198066805,3,0,0.2835271940231726,45.0,0
SaaS,8558.168993137066,1,1,0.7396599763253675,36.0,0
Finance,263689.56475651305,1,1,0.1657890899351714,1.0,1
SaaS,35565.096209009665,6,5,0.2794877288840471,19.0,1
Finance,20783.92894905991,3,0,0.7825841679705823,29.0,0
Finance,41167.64496909475,7,5,0.2164244960042614,35.0,1
SaaS,33347.585693331865,4,5,0.2514332135342041,17.0,0
Healthcare,22147.30263649245,9,1,0.2556674779398875,19.0,0
SaaS,39009.33013741923,4,1,0.3368430038364168,14.0,0
Finance,23719.12564765537,2,0,0.6650424198082202,34.0,0
Healthcare,28053.247195469103,7,4,0.3858866641676753,32.0,1
Finance,51247.75935176408,1,2,0.1199766495700941,15.0,0
Manufacturing,13405.757839289758,3,0,0.5920510876807918,45.0,0
SaaS,125447.04630246044,7,4,0.293340173324033,19.0,1
SaaS,80374.58495710608,2,1,0.2900918682733509,8.0,0
Healthcare,38278.658856051305,0,0,0.1394768809782446,6.0,0
Finance,83169.42213948406,4,2,0.2202933149240877,15.0,1
Manufacturing,33617.99017661787,4,3,0.428400465780665,9.0,0
Healthcare,48944.705737299366,1,2,0.184765897944258,16.0,0
Healthcare,24320.20510564128,0,0,0.8056549161275278,46.0,0
SaaS,66464.45982833595,2,2,0.0706625504891695,17.0,0
Finance,46936.819575939786,11,3,0.4537044134661434,20.0,1
E-commerce,45338.7835553864,7,3,0.2656619914988235,16.0,1
SaaS,66184.43672406177,3,2,0.1433438334244825,22.0,0
Healthcare,140474.13956062164,5,3,0.1426584123811151,8.0,0
Finance,209334.73086370013,1,0,0.1850063389031998,19.0,0
Finance,218068.35121526293,3,1,0.2736026580426097,17.0,0
E-commerce,120424.9080849604,5,6,0.2343032905281273,24.0,1
SaaS,418509.6139376162,0,0,0.2142665255761615,6.0,0
Finance,127662.1127206043,1,0,0.1027288920761135,20.0,0
Finance,44463.69403169787,4,2,0.1560453928116788,15.0,1
SaaS,64200.46430790561,7,5,0.2835271940231726,45.0,1
SaaS,350070.13498152146,1,2,0.1622133462172385,0.0,1
Healthcare,61906.67525441569,10,3,0.4274951209370605,24.0,1
Healthcare,147578.48959120634,2,1,0.1854964018057252,30.0,1
Finance,71421.82673284117,2,4,0.1089890762887657,12.0,1
SaaS,6462.561489188225,2,0,0.4921857601824661,51.0,0
Manufacturing,16084.398979147954,3,3,0.3231673817440315,6.0,0
Finance,106865.26371941796,2,3,0.1947648458360083,2.0,1
SaaS,43549.947066157954,2,5,0.4263950934956541,7.0,1
Healthcare,10621.245930499595,5,0,0.8294615982764459,32.0,0
Healthcare,17773.606869703628,2,0,0.8117594688192251,26.0,0
Healthcare,461764.9584002175,6,7,0.5485236007313709,0.0,1
E-commerce,30900.636730389306,2,0,0.578680584745438,48.0,0
SaaS,276723.82471174083,3,4,0.2600891273477648,15.0,1
SaaS,26764.12661370671,5,2,0.2989370651538047,21.0,1
Healthcare,54365.05133611261,5,4,0.1726906076594937,17.0,0
Finance,87776.07291400974,3,1,0.424366110941259,20.0,0
Finance,128793.8990377456,7,4,0.3105439594146524,32.0,1
SaaS,82768.4757942603,3,0,0.2187047564413063,28.0,0
Finance,163770.7816190432,2,1,0.1116097150913048,26.0,0
SaaS,170973.2789551007,0,0,0.1446842078882099,1.0,0
Healthcare,24107.288873592337,1,0,0.4226967759136448,44.0,0
Healthcare,58371.56639769995,2,1,0.1831051907303801,14.0,0
SaaS,87756.64783912018,1,4,0.3539670393890014,20.0,0
Healthcare,197637.44790007584,0,0,0.2356864174819203,8.0,0
Finance,430269.99810225394,5,6,0.1991439964977114,2.0,1
Healthcare,362274.7717716112,2,2,0.1360936665431278,8.0,1
SaaS,144645.45055470482,2,0,0.1068599201315632,4.0,0
SaaS,19273.355888650814,2,0,0.6026853653118468,32.0,0
Healthcare,70794.9468853229,9,6,0.2210570599997487,41.0,1
SaaS,47400.53716701446,0,0,0.2835271940231726,24.0,0
Finance,65404.12101154123,9,6,0.3130135996922208,37.0,1
Finance,243954.95464692032,1,2,0.145463124988765,15.0,1
Finance,186209.51269051837,2,2,0.2060274535877678,6.0,1
E-commerce,79902.00215854964,5,0,0.2562252827795046,13.0,0
Finance,104831.05940463368,1,2,0.4163878927764708,16.0,0
Finance,68417.46184060251,6,1,0.4094405850395265,18.0,1
Healthcare,63189.40745930651,6,2,0.1863029563313079,18.0,0
Finance,19439.43710904325,10,5,0.4376007910293892,24.0,1
SaaS,41213.84943588743,1,1,0.0874903183729116,33.0,0
Finance,20228.45661726996,3,2,0.2167795209658931,30.0,0
Finance,88453.75282682924,3,3,0.1479902989385489,15.0,0
SaaS,330558.98173310165,0,0,0.0889217489809234,11.0,0
Healthcare,11912.986271911184,3,0,0.5811198961372079,53.0,0
SaaS,237136.00785944736,0,0,0.0667145169919577,4.0,0
SaaS,126189.15461562408,2,4,0.3984344112215514,4.0,1
Healthcare,15166.249131192402,13,7,0.4072427130667218,24.0,1
SaaS,10755.287891075792,0,0,0.6910346571012501,80.0,0
Finance,175549.16659365522,2,2,0.4211332277130171,20.0,0
SaaS,54962.04914800998,5,3,0.2735098890302843,12.0,1
Healthcare,239095.00754765133,0,0,0.2079758550983531,9.0,0
Healthcare,60515.396054021214,8,4,0.3213407959045934,16.0,1
SaaS,213821.3498091072,2,4,0.2975084959319945,11.0,1
E-commerce,8944.518412052917,3,0,0.8482824899593575,68.0,0
Manufacturing,13963.74654673693,5,3,0.2067218233539257,17.0,1
SaaS,106926.89173584142,4,0,0.1407466046682945,29.0,0
Healthcare,55644.63172573825,3,1,0.3307456967609631,17.0,0
Finance,293033.65429957863,0,0,0.2679657149156476,21.0,0
Healthcare,61787.27375137926,1,2,0.3208489272022886,18.0,0
SaaS,213898.75007110724,1,1,0.0835774998708468,1.0,0
Healthcare,16897.521315286667,1,0,0.8726502003888641,60.0,0
Manufacturing,25791.289996494907,5,2,0.2835271940231726,15.0,1
Healthcare,275983.6166637356,2,3,0.2835271940231726,3.0,1
Healthcare,36623.80432040434,3,2,0.2744478927749241,8.0,0
Healthcare,106204.40857004032,1,1,0.1527462076327644,11.0,0
E-commerce,135990.4161266072,1,1,0.2654161499069344,7.0,0
SaaS,241777.3191175992,3,4,0.4715715691814424,4.0,1
SaaS,23363.40484877693,4,0,0.2326911013776949,13.0,0
Healthcare,107200.4667038393,4,2,0.4582606392751074,30.0,0
E-commerce,44407.52292388502,5,4,0.2835271940231726,23.0,1
Finance,7460.936747195146,2,0,0.5920005501234855,16.0,0
E-commerce,26786.7706224662,2,5,0.233829033061766,12.0,0
SaaS,85662.71684846416,2,1,0.5030175418018568,13.0,0
Healthcare,16988.96066864126,5,0,0.8306595138045427,54.0,0
SaaS,406208.6113708505,1,3,0.259054743119199,8.0,1
SaaS,29543.193886467703,5,0,0.3445126724099341,3.0,0
Finance,98851.5093592858,12,6,0.4577259463512977,45.0,1
E-commerce,26703.958697480204,6,2,0.32343681759509,9.0,0
Healthcare,183956.69294389905,0,0,0.0825265461284913,8.0,0
Healthcare,84084.89686050388,0,0,0.1233879139908598,23.0,0
Finance,50079.71772365602,2,3,0.1436818647492298,43.0,0
Healthcare,156738.5086810394,3,2,0.1788097597421045,7.0,0
SaaS,389486.3174577507,3,3,0.590793462732424,13.0,1
Healthcare,141211.63028081635,7,2,0.2452536496461946,20.0,1
SaaS,10732.47362793187,1,0,0.8472734683929459,15.0,0
Healthcare,79099.56370262412,2,1,0.506640541695781,36.0,0
Manufacturing,20607.74631125013,6,4,0.2570467277310956,16.0,1
SaaS,32725.8386592887,9,4,0.338351328276501,14.0,1
E-commerce,34221.693467012694,3,0,0.2962524245335731,6.0,0
Finance,53745.14879302255,10,3,0.4363400422367648,15.0,1
Healthcare,348083.126473269,0,0,0.2944727161232469,1.0,0
Healthcare,53549.95324702744,1,1,0.1156691709198247,29.0,0
SaaS,156575.2414799582,0,0,0.2436123924268035,3.0,0
E-commerce,13466.559816785131,0,1,0.6077692215135011,49.0,0
Finance,63231.04435546304,4,0,0.2369729280556021,15.0,0
Finance,26444.22015043668,6,3,0.5669944957717593,13.0,0
E-commerce,60419.188802782046,7,3,0.364599342090252,22.0,1
Finance,56662.20966551578,3,4,0.4601101147713059,20.0,0
SaaS,53365.95681239369,3,0,0.1591983562448368,10.0,0
SaaS,15968.525272637884,2,0,0.8069246886915428,54.0,0
E-commerce,10098.231655689582,2,0,0.6450466885882762,52.0,0
Finance,76858.5186131705,0,0,0.0988322898414415,20.0,0
Finance,338126.5898847545,1,0,0.2944923356666781,3.0,0
SaaS,23169.281616300894,8,1,0.1328369496558625,32.0,0
Manufacturing,93423.850659388,9,9,0.4025282417904904,31.0,1
Healthcare,92126.69965882933,3,1,0.1512305343736295,13.0,0
Healthcare,83545.01281438113,0,0,0.1498373142629297,17.0,0
SaaS,110468.83357604525,0,0,0.3255451510518214,20.0,0
Manufacturing,54293.77484399117,6,2,0.3093535620395886,15.0,1
E-commerce,125773.71826956348,0,0,0.3701037162684031,8.0,0
Manufacturing,32042.450595403177,4,3,0.4297324946017809,8.0,0
Finance,420626.1663635248,3,4,0.2583635846164159,5.0,1
Finance,73670.79578959983,12,5,0.5144842501909364,42.0,1
SaaS,57705.03557222871,1,1,0.0242318335959754,21.0,0
E-commerce,109461.0571101412,4,2,0.0653758942356988,24.0,0
Healthcare,101976.98211511596,1,0,0.2090680488652358,20.0,0
Finance,35390.004037094215,2,0,0.1418883680573736,4.0,0
E-commerce,103969.82351012404,16,13,0.4109404202509871,43.0,1
Finance,65149.032871202326,4,1,0.3917030325164019,23.0,0
Healthcare,87070.67283739851,4,2,0.1867555598335542,13.0,1
SaaS,33834.444209985755,8,3,0.3154750858935717,14.0,1
SaaS,50830.35298275245,3,0,0.3760705580407072,9.0,0
SaaS,71630.30371697844,6,2,0.3821552493868283,22.0,1
Healthcare,410310.3036937937,0,0,0.2297990553573456,3.0,0
SaaS,39438.30447627536,6,2,0.3849244093072752,15.0,1
SaaS,49944.80583685982,1,1,0.2435689730739207,14.0,0
SaaS,27656.092649896647,6,6,0.3337915143684968,38.0,1
SaaS,81962.84654522323,7,4,0.1527971771702456,13.0,1
Healthcare,64953.97890939617,1,1,0.0903460886549149,16.0,0
Finance,148465.69821690334,4,1,0.2093114932740644,17.0,0
Finance,48720.9231482936,1,0,0.6623739754476942,13.0,0
Finance,43053.923956303785,2,1,0.2917149251440826,20.0,0
SaaS,44365.00388784533,2,1,0.0765668042543652,8.0,0
E-commerce,20351.818488571676,3,3,0.0926736658276394,12.0,0
SaaS,209613.9003918706,4,2,0.2608674193410588,12.0,1
E-commerce,178387.781881043,0,0,0.1143379654856849,12.0,0
Healthcare,107336.86896126997,1,1,0.2175164733864845,28.0,0
Healthcare,92997.0100024828,5,1,0.1690204859762544,19.0,0
Healthcare,142926.86893131654,4,1,0.3116306200384282,19.0,0
Finance,97323.62420871512,6,2,0.2637795305220137,17.0,1
Finance,56611.77308239232,9,5,0.285479184865521,18.0,1
SaaS,34041.57777893381,3,1,0.1854045343096129,21.0,0
Manufacturing,49124.85394082058,5,2,0.3262361249154031,16.0,1
Finance,59256.74481762342,0,2,0.3056518176346954,5.0,0
Finance,70865.07381590511,4,2,0.1812320540063844,21.0,1
E-commerce,39151.09395582268,3,3,0.2545521478472315,20.0,1
Healthcare,30340.0284152406,5,2,0.0593382211212148,10.0,0
E-commerce,40403.04541630793,2,1,0.257263233805128,16.0,0
SaaS,40079.15919397009,6,3,0.1607303823957604,19.0,0
Manufacturing,149913.1785701177,1,4,0.4480798850914914,23.0,0
Healthcare,367580.2651335709,2,3,0.2386445298269902,5.0,1
SaaS,32144.48016712633,4,1,0.5198565500018547,15.0,0
SaaS,51034.90749386248,6,4,0.2011667626342322,10.0,1
SaaS,19283.3894100344,3,3,0.2520526171935768,33.0,0
Healthcare,18873.596473310798,3,0,0.6183668334801881,33.0,0
Finance,60980.8162773512,5,3,0.1064791312148945,10.0,0
SaaS,130301.75147830923,3,3,0.3241176738270444,5.0,1
SaaS,106094.8508585143,8,7,0.3381204533002714,31.0,1
E-commerce,39864.778223554174,15,11,0.5440123977446927,32.0,1
SaaS,91383.90475105237,3,2,0.1419562787524329,24.0,0
SaaS,14861.23439681356,8,4,0.3405728268487985,26.0,1
Finance,109712.82972598023,2,3,0.0901875427988618,17.0,0
SaaS,87639.65844743662,2,0,0.4256272773956437,12.0,0
SaaS,58799.113022417,11,6,0.3519712441430561,38.0,1
E-commerce,12807.932859313523,3,2,0.2990588767807502,36.0,1
Manufacturing,68044.56068748752,4,2,0.1428289174975246,19.0,1
Finance,107919.07041832148,3,1,0.1947622432903166,26.0,0
E-commerce,50039.67696017101,6,6,0.1929843311451416,35.0,1
Finance,91507.7895032982,5,2,0.2183222045275935,41.0,1
Healthcare,101067.18413072478,1,0,0.0878198673880354,17.0,0
SaaS,75026.86256674628,1,0,0.0649411537201153,10.0,0
Finance,39748.27814212774,5,4,0.4357496259029903,13.0,1
SaaS,112800.69676054434,1,0,0.3674793486235632,8.0,0
Finance,124751.7114361486,1,1,0.4762112047973709,16.0,0
Finance,63207.9899240155,7,5,0.3816756239244243,38.0,1
SaaS,173867.90111620055,1,0,0.3706249613069423,1.0,0
SaaS,211934.3793452817,0,0,0.4001878135105481,4.0,0
Manufacturing,271349.4023610827,0,0,0.2262943144748977,12.0,0
SaaS,46880.91929870063,1,2,0.0712822144785243,15.0,0
SaaS,13061.723439949455,0,0,0.0227443036658088,14.0,0
Healthcare,19557.90402731968,2,1,0.1811710284291801,21.0,0
Finance,371366.1178531398,3,2,0.1314142736104563,5.0,1
Finance,29266.89867464846,4,2,0.1421421647645985,24.0,0
SaaS,9551.804842797445,1,0,0.7150168329733465,41.0,0
SaaS,15278.32633557869,3,0,0.6980584210986248,48.0,0
Healthcare,45771.314700023664,7,5,0.42880771869758,13.0,1
SaaS,57344.46578312063,6,6,0.3780761257015974,27.0,1
SaaS,66478.24026013531,3,2,0.2432634744748589,16.0,0
Finance,25536.1819011912,3,2,0.1861490779258388,32.0,0
Finance,11458.029803309562,3,0,0.6475558399330257,18.0,0
E-commerce,32909.6741958141,14,7,0.4387451900122139,33.0,1
SaaS,23567.991788060663,0,0,0.6204028567022507,51.0,0
E-commerce,152135.48263902022,0,0,0.102118864303997,5.0,0
Finance,91798.15231707072,11,6,0.2391659679256121,29.0,1
Manufacturing,82725.97759919196,8,6,0.2649812391389511,19.0,1
Finance,455669.67951491766,2,4,0.2939725929435144,9.0,1
Finance,124392.42077317004,2,0,0.4087006432216884,19.0,0
Manufacturing,18627.38712328704,6,3,0.2494436972109348,16.0,1
Healthcare,89136.04916301984,0,0,0.0850187975729623,11.0,0
SaaS,7006.341772679688,2,0,0.6412420162007492,28.0,0
Finance,81631.2137239787,4,0,0.1156451560378373,16.0,0
SaaS,265187.63279841497,1,1,0.1743690822854644,4.0,1
Manufacturing,21366.63689750399,3,2,0.2625079944133098,37.0,0
Healthcare,404457.8201799336,3,3,0.2647940908440278,5.0,1
SaaS,23561.45585959956,6,2,0.2094252243972074,18.0,0
Finance,249118.2678396121,0,0,0.3617034821165306,10.0,0
SaaS,53412.36133134956,1,4,0.1679393919730384,7.0,0
Healthcare,45072.05199062278,2,0,0.2603121821807948,16.0,0
Finance,86964.22361007777,1,1,0.2155399236835966,27.0,0
Healthcare,216332.69751068277,0,0,0.1255876419669881,11.0,0
Finance,50191.61637015804,4,2,0.3426067260585386,13.0,0
Manufacturing,50639.240898331474,3,3,0.2189165052779519,19.0,1
Healthcare,38554.978790890185,1,3,0.2375846916363275,6.0,0
Finance,11571.386912554366,7,2,0.3077980644163871,14.0,1
Healthcare,70701.92487094054,4,3,0.2983889023336152,15.0,0
Healthcare,91034.30614604344,3,6,0.2815256920227231,13.0,1
SaaS,20522.38461816425,3,2,0.1119316026779233,19.0,0
Manufacturing,34433.75156809178,5,5,0.2140505954969144,20.0,1
Healthcare,285465.66006884933,0,0,0.0844857947901164,2.0,0
E-commerce,162784.44586271254,1,1,0.4183485455166679,2.0,1
SaaS,62959.83645853768,2,3,0.1250001482175285,16.0,0
Finance,107438.41030928194,5,2,0.1001647600696896,32.0,0
SaaS,16055.293492305602,8,3,0.3575231935231107,21.0,1
SaaS,54432.68383575318,5,3,0.3498122369765608,11.0,0
SaaS,46199.63581818829,6,2,0.1088838239390647,3.0,0
E-commerce,28480.602191950547,5,2,0.1777813760028302,9.0,1
Healthcare,73402.27875099902,7,2,0.2330999622748962,33.0,1
Manufacturing,41078.2837348509,3,3,0.2835271940231726,17.0,1
E-commerce,52020.74517509194,6,2,0.3108138184147513,24.0,1
SaaS,39429.4790638534,7,4,0.2401460974106389,27.0,1
SaaS,20074.735813484724,9,2,0.4726556322787315,11.0,0
Healthcare,62463.43294770786,5,3,0.2860822153815119,12.0,0
Manufacturing,43754.72136736876,5,0,0.2747496299055175,12.0,0
SaaS,19353.53777763146,3,3,0.5635721538770659,12.0,0
Finance,37190.95515042468,3,1,0.3667118343784183,12.0,0
Healthcare,284783.4124372906,0,0,0.2538793830706312,13.0,0
SaaS,334474.6863558947,1,2,0.2895695287963218,6.0,1
Finance,80362.0850924919,2,1,0.2817824484174259,8.0,0
Finance,108083.23206177646,7,8,0.5016242880476091,30.0,1
SaaS,11705.438820555792,0,0,0.8209817071667977,18.0,0
Healthcare,50597.769584673166,4,5,0.3066245646783923,30.0,1
Healthcare,18111.9044110497,6,0,0.6867963858071349,16.0,0
Healthcare,222515.71721367305,2,4,0.1297680556319992,3.0,1
Finance,72562.94951613169,2,0,0.223823097992508,17.0,0
SaaS,60421.49308213752,4,2,0.2835271940231726,17.0,1
SaaS,300978.9649640752,1,0,0.3158338549363188,6.0,0
Finance,25777.143998264182,5,2,0.2529842732508089,38.0,1
Healthcare,19900.180310933494,3,0,0.4678696450086327,60.0,0
SaaS,131685.29882895047,4,1,0.374669336714036,16.0,0
Finance,24816.601032963248,1,0,0.4383101795706813,44.0,0
Finance,27502.73681294585,2,0,0.7711472582286905,38.0,0
Finance,89180.45030859226,3,5,0.3918177951584098,27.0,1
E-commerce,36507.58203779632,2,2,0.2124802988873164,9.0,0
E-commerce,132242.96988513737,1,4,0.3019166806147965,7.0,1
E-commerce,56137.329365868434,7,4,0.4051840089603374,24.0,1
SaaS,197133.13976588985,3,5,0.4991720534455226,5.0,1
SaaS,68890.0547144369,5,4,0.3244939003883639,20.0,1
SaaS,245724.9457396493,3,5,0.2621399228882412,13.0,1
SaaS,147858.10352326414,12,7,0.4729971418854689,31.0,1
Finance,27283.768287731385,2,2,0.4314023087754717,14.0,0
SaaS,27608.95266025621,3,2,0.3257625661727407,26.0,0
E-commerce,16892.364222321034,6,0,0.3203215889185772,20.0,0
SaaS,30595.531772882976,5,8,0.2799532873731057,32.0,1
Healthcare,71547.36457273249,1,1,0.2199235173495998,13.0,0
Healthcare,411090.3616797836,1,1,0.2696838578832853,5.0,0
SaaS,7299.064621803882,0,0,0.0876925754535803,27.0,0
SaaS,84831.89126034919,7,4,0.3625226600979528,24.0,1
E-commerce,73459.60580263745,3,1,0.0827210383601307,20.0,0
Healthcare,66043.21757929471,2,1,0.2200328515426392,12.0,0
E-commerce,334340.1101274126,2,1,0.2016932175131947,7.0,1
SaaS,40029.53938508358,11,7,0.4896762124134147,23.0,1
E-commerce,63478.505035512,4,2,0.2938190633754438,14.0,0
SaaS,105111.5129905152,2,5,0.3230129863065679,4.0,1
SaaS,62740.02759919972,11,2,0.2835271940231726,22.0,1
SaaS,47086.54000341434,2,0,0.1380539812806858,38.0,0
SaaS,106555.79477545126,2,1,0.1831171745295703,12.0,0
Manufacturing,122175.07113464456,1,1,0.3525414838116766,7.0,1
Finance,30760.02343213031,4,0,0.1354436548213784,13.0,0
Finance,17483.389245629205,2,0,0.540079138730245,29.0,0
Manufacturing,48756.44432702201,3,1,0.1612473196170137,18.0,0
SaaS,38532.4618684498,10,5,0.5012461057330725,18.0,1
SaaS,52281.18674252846,3,1,0.1500560051238365,18.0,0
SaaS,153559.89116098738,3,8,0.3606724652717651,3.0,1
Finance,23572.944271647204,7,3,0.3992306953546615,20.0,1
E-commerce,168347.25952477034,8,7,0.302935015890668,22.0,1
SaaS,236760.68733537555,1,1,0.2835271940231726,2.0,0
Healthcare,68636.69353587393,2,3,0.1821979145907633,24.0,0
Healthcare,58280.3337219302,10,9,0.2746552365298366,28.0,1
E-commerce,82981.20053012787,1,0,0.1622036849293414,20.0,0
Finance,18048.77455902757,2,0,0.3474278050994332,32.0,0
E-commerce,15222.08287916191,1,1,0.4306579883092674,40.0,0
Healthcare,97611.29621486478,3,3,0.0915749208882946,35.0,0
SaaS,50930.04638465855,6,2,0.36552302209719,17.0,0
Manufacturing,330482.3347172426,1,2,0.1928905717994873,10.0,1
SaaS,88604.47268970063,3,1,0.1520410446716847,18.0,0
Healthcare,135996.97261335203,4,4,0.3345837608257345,3.0,1
SaaS,26904.379075783912,12,10,0.393105430060969,30.0,1
Healthcare,28595.628643630334,2,1,0.2318266751795044,16.0,0
Healthcare,32949.60065299957,10,4,0.3831858059565305,25.0,1
Manufacturing,36286.94098562298,3,2,0.1671498882060841,31.0,0
E-commerce,197909.12771614827,3,5,0.2154825125161477,3.0,1
SaaS,30722.075671156952,3,1,0.5637714843308946,28.0,0
Healthcare,78913.90385136972,4,3,0.272946942716719,12.0,1
Finance,80925.63430060196,6,1,0.3296677740431193,8.0,0
Finance,94820.37933259358,9,5,0.3171675237982946,26.0,1
SaaS,215005.8422784516,5,2,0.2552717076633692,12.0,1
E-commerce,156851.9297296754,2,1,0.3064596452546333,14.0,1
SaaS,36495.99339157001,2,0,0.0597412940201211,12.0,0
E-commerce,192297.2573417565,2,5,0.3202612890136741,6.0,1
Finance,389504.8165173773,1,0,0.0868625733209375,6.0,0
Healthcare,42375.1321003264,7,1,0.253705490181297,14.0,1
Finance,67403.21969540324,1,1,0.0610165727018604,17.0,0
Healthcare,85708.92876689181,4,3,0.1877466158901064,17.0,1
Finance,15378.733800582224,4,0,0.3151778823177292,62.0,0
Manufacturing,47889.77654790564,4,0,0.438765200648483,15.0,0
Finance,15062.98162510019,1,0,0.6821948848371643,36.0,0
Manufacturing,17044.15352427747,0,1,0.6098821396451785,82.0,0
Healthcare,17393.968894037105,1,1,0.6779603938889739,44.0,0
Manufacturing,58968.33919023555,14,12,0.3051628229974322,37.0,1
SaaS,64877.20982796674,3,2,0.1819864615030688,17.0,1
Manufacturing,12805.228211678968,0,0,0.7600023437438637,46.0,0
Finance,303411.60892263195,5,10,0.3242138321668781,5.0,1
SaaS,70594.36421764133,4,5,0.2881235497869462,17.0,1
Manufacturing,26188.37314809026,2,0,0.2090916466074168,19.0,0
Finance,43774.386042818194,2,2,0.1554568492529552,32.0,0
Finance,391911.0833283893,1,0,0.5478475307937205,4.0,0
Healthcare,181070.33684480967,2,3,0.1429524890646813,13.0,1
Manufacturing,10305.552509336214,9,5,0.5730015774711564,17.0,1
SaaS,66251.57099893987,4,5,0.2539470400685849,33.0,1
SaaS,36468.50686291672,3,1,0.3288725764361667,17.0,0
Finance,41357.71850232671,3,3,0.1771479527713429,24.0,1
Finance,157117.33083831586,4,6,0.2835271940231726,17.0,1
E-commerce,35941.307403438645,2,2,0.1193641476578906,30.0,0
Finance,59184.580329733726,4,4,0.1046347219137294,20.0,1
SaaS,108780.1375526988,2,1,0.5445306252411309,14.0,0
Manufacturing,49352.4916750286,2,1,0.1157006347974171,40.0,0
Finance,34914.86064050317,3,1,0.4835451514354718,25.0,0
SaaS,9868.32503498477,2,0,0.8236901064320535,34.0,0
Finance,14713.113965993583,3,0,0.843559101575205,23.0,0
SaaS,33275.52538662921,4,2,0.4460976379195197,32.0,0
Finance,236750.93180119112,2,5,0.0792305464816287,6.0,1
SaaS,130290.1957954008,2,2,0.326654072896002,18.0,1
Healthcare,81358.50156875813,5,1,0.3092700077416512,10.0,0
SaaS,62821.00866558132,0,4,0.3233566214593084,31.0,0
SaaS,237035.22296760927,7,10,0.6654832980889599,4.0,1
Finance,46743.144331834425,2,1,0.1275403053802062,19.0,0
SaaS,12841.551212492936,1,0,0.604224570533235,26.0,0
Healthcare,291069.4674799963,3,5,0.4190842609950646,3.0,1
SaaS,24521.792364598623,5,1,0.3394606730819066,18.0,0
Finance,48289.20960363608,3,3,0.2079752855032478,15.0,0
SaaS,11172.580941485705,2,0,0.6821051290859269,40.0,0
Finance,25147.58157206832,4,0,0.2962805763132922,9.0,0
Healthcare,207360.5791793589,3,2,0.0612291621332652,17.0,0
Finance,115714.11914746602,1,3,0.3618035456788573,1.0,1
SaaS,10661.670820932912,2,0,0.5660316243240188,40.0,0
Healthcare,57575.6467006675,5,3,0.2706409262525948,20.0,1
E-commerce,15873.551124756686,7,6,0.3726555718915785,26.0,1
E-commerce,85606.97188429073,1,2,0.2368862547233289,3.0,1
Finance,142102.73433247587,0,0,0.3090895010277311,6.0,0
SaaS,18030.936024021936,3,2,0.2583001317753638,11.0,1
Finance,277975.60089582053,7,3,0.2065326334145581,26.0,1
Healthcare,21999.243949759035,1,0,0.6653639568183561,50.0,0
SaaS,46925.721424857125,11,10,0.3100573034477465,30.0,1
SaaS,163087.52996101082,1,0,0.3760010005637228,7.0,0
SaaS,18544.305063399977,1,0,0.4103905790445686,36.0,0
Healthcare,290472.5990640091,0,0,0.2835271940231726,10.0,0
Healthcare,50500.201143764025,5,4,0.2015744006250905,19.0,1
Finance,22436.84248129966,3,4,0.3923217178089234,34.0,0
SaaS,90843.37269083674,4,1,0.190023179939912,18.0,0
SaaS,125181.49578721232,7,3,0.2461844204656945,16.0,1
SaaS,159030.90415356107,8,5,0.4916772558731826,14.0,1
Finance,17110.51566417672,3,0,0.5948622304121931,17.0,0
Healthcare,243951.33440598391,0,0,0.308705128747223,3.0,0
Healthcare,162111.5646236379,4,1,0.2234366099149816,25.0,1
Finance,89830.10316362466,4,4,0.2620761311055675,26.0,1
Healthcare,35752.36857963662,10,7,0.3940026441453694,25.0,1
E-commerce,221624.4151498636,4,9,0.2963581775765699,4.0,1
E-commerce,77546.77339806389,3,4,0.2835271940231726,7.0,0
SaaS,38397.141289241896,4,0,0.1890108278394023,18.0,0
SaaS,168944.74548344343,1,1,0.2749578166667406,6.0,0
Finance,74557.78510209755,7,0,0.4246825347309054,18.0,1
E-commerce,49274.48456077769,6,1,0.4598855302244706,17.0,0
Finance,328377.0825431649,1,0,0.1591529192762366,5.0,0
Manufacturing,10269.117606297868,0,0,0.7343893958065938,44.0,0
SaaS,12417.678666138405,2,0,0.694305284596947,27.0,0
Healthcare,239793.2999852498,2,2,0.0975960629714923,19.0,1
Manufacturing,45868.49658641856,5,4,0.23198550444079,25.0,1
Finance,14199.695041316676,3,0,0.7525225002383564,34.0,0
SaaS,19775.742248495637,1,0,0.7143231868650418,80.0,0
SaaS,72559.46759672531,5,3,0.2877798386962679,27.0,1
Finance,45577.9954832554,5,0,0.4260526840304188,16.0,0
Healthcare,101833.7281434719,2,0,0.5117131897969455,21.0,0
SaaS,71409.55216965439,4,1,0.3312883666176346,13.0,0
SaaS,113403.08875249758,7,3,0.23614677110097,15.0,1
Finance,734762.478237215,0,0,0.1174367759787544,11.0,0
Manufacturing,18917.9517759378,2,4,0.3055485631014847,10.0,0
Finance,155826.3401725169,4,2,0.1476373301807857,21.0,1
Finance,15694.109247350543,1,0,0.6879859418213636,46.0,0
Healthcare,209914.1184576257,3,0,0.1673863308938527,8.0,0
Finance,85128.82647149866,2,0,0.1197534947214283,4.0,0
Finance,37864.01999883218,1,2,0.1433772714171815,19.0,0
Manufacturing,7899.659146266597,0,0,0.7440223744109309,46.0,0
Healthcare,21921.1577083867,2,0,0.8172997874323434,38.0,0
Finance,133697.38315705737,10,2,0.2038365692162376,17.0,1
Finance,43838.699195266,7,1,0.3953972118732939,19.0,0
SaaS,15145.297822436884,2,1,0.6046620198510567,49.0,0
E-commerce,23206.822619254588,3,2,0.3671225001833666,18.0,0
Healthcare,18028.07128598003,1,0,0.6015798252997182,26.0,0
Finance,11792.667494704396,3,0,0.4273479226594985,25.0,0
Finance,150397.74429249048,4,1,0.2446354959410271,10.0,0
Finance,363413.1732364569,2,2,0.1231448275908284,3.0,1
Finance,159825.43645765338,2,2,0.2956415974294327,18.0,1
Healthcare,27120.374029203165,3,0,0.6584949474350765,87.0,0
Finance,75471.07794295011,8,5,0.235064506085457,27.0,1
SaaS,295648.5785363731,4,5,0.2965629845091728,2.0,1
Healthcare,84836.57480540144,3,3,0.2767003950284548,23.0,0
Manufacturing,44787.51189984907,9,5,0.3245546487612404,22.0,1
Manufacturing,23105.42061905593,6,5,0.257238736668997,30.0,1
SaaS,16230.519596553157,2,0,0.6087897714300189,40.0,0
Healthcare,98010.338181252,4,1,0.1287891925607118,16.0,0
Healthcare,13871.884253034836,0,0,0.7336909526187969,18.0,0
Healthcare,43979.79840095291,3,0,0.0843289537437533,25.0,0
SaaS,91468.19667950687,4,2,0.3989642698323007,22.0,0
SaaS,388024.8050751843,0,0,0.2135731656819272,12.0,0
E-commerce,27881.932553958468,2,0,0.1443342255487686,18.0,0
Manufacturing,12189.151884596184,4,0,0.6059317797365712,39.0,0
Healthcare,182346.6611768877,4,4,0.3174139896293024,12.0,1
SaaS,73599.35960123962,2,6,0.4750325723994595,25.0,1
Finance,53412.06690398415,1,0,0.1206857218523721,31.0,0
Finance,45680.32029801535,4,1,0.6970143858389761,30.0,0
Healthcare,293802.92525824474,4,9,0.349338335020068,6.0,1
Finance,262510.8180015378,2,5,0.3190297120589553,6.0,1
E-commerce,63971.80587981832,1,3,0.5412142149743298,10.0,0
Finance,59149.36081970729,4,1,0.2635305960651415,11.0,0
SaaS,13384.939160377326,1,0,0.4645713766334726,90.0,0
SaaS,166344.29745141938,0,0,0.2835271940231726,1.0,0
SaaS,43222.40283307834,3,6,0.3798463829130125,5.0,1
Healthcare,81978.88045863034,2,1,0.1639519950153649,29.0,0
E-commerce,105186.70040556684,10,6,0.3475789297513365,28.0,1
SaaS,109876.482177945,2,1,0.1585282124824066,22.0,0
Healthcare,444149.7897804902,4,4,0.3349957132598867,16.0,1
Finance,71476.26883945767,2,2,0.2746608760385387,15.0,0
SaaS,18040.956278757265,3,0,0.7803425559866202,30.0,0
E-commerce,49680.56047412098,5,1,0.221872281873995,14.0,0
SaaS,15135.47835969096,1,0,0.7362612025292875,18.0,0
E-commerce,22754.719221798197,2,1,0.4866387875894192,34.0,0
SaaS,47169.66068328279,2,2,0.4173490226562414,18.0,0
Finance,126994.79098897157,4,2,0.3754539881377458,9.0,0
Finance,45717.8941368431,11,4,0.3907553165948754,15.0,1
Healthcare,125770.4791853018,3,1,0.2069323759996226,20.0,0
SaaS,43674.43483044567,8,4,0.1932198376873321,18.0,1
E-commerce,125093.48685143385,4,2,0.3918442725911495,8.0,1
Healthcare,94048.8827401314,6,1,0.2716698367457211,7.0,0
SaaS,478917.9101720243,2,1,0.4317920317598773,2.0,0
Healthcare,60827.171592340506,3,2,0.0955120679957031,5.0,0
Healthcare,28030.6143657086,8,6,0.1832980532686363,30.0,1
Finance,60255.19138173343,0,0,0.1259259007129864,24.0,0
Finance,30671.747054803094,4,4,0.303871784056626,18.0,0
Finance,180972.5827817568,6,0,0.271359493509757,18.0,0
Finance,64135.16236774991,15,10,0.5297795211489688,33.0,1
Finance,389053.7791821235,4,3,0.2013299494374588,9.0,1
Finance,15409.074260605246,1,1,0.6501020611349695,61.0,0
SaaS,108026.34152279154,4,6,0.3561444331948205,8.0,1
Healthcare,23629.599973386605,0,0,0.1834389774854991,16.0,0
Manufacturing,199132.82865213425,1,1,0.286522257953476,11.0,0
Finance,414862.81994649325,1,1,0.2199085219061797,5.0,0
Healthcare,13424.019303752715,3,0,0.7392247429858692,54.0,1
Healthcare,47871.04377520891,3,3,0.2835271940231726,16.0,1
Finance,87854.35566316055,3,1,0.4207348799546668,11.0,0
E-commerce,191084.56923843815,1,1,0.3332900853289061,7.0,0
Finance,100688.17576386585,3,1,0.175772416428652,11.0,0
Manufacturing,55017.108510178856,3,4,0.2253219345016919,28.0,1
E-commerce,16811.19045052338,1,0,0.8276387917228074,57.0,0
SaaS,64442.34406711847,2,2,0.316110844026764,32.0,1
SaaS,63259.72744009615,3,1,0.2070479556140541,26.0,0
SaaS,21424.165636601985,1,0,0.6306389067861853,28.0,0
Healthcare,22278.40393890149,3,1,0.9190142759307184,31.0,0
SaaS,17166.987927927203,2,3,0.5442126646547648,5.0,0
Finance,138305.06749397234,6,3,0.1536959093441496,24.0,0
Finance,18744.331229152565,3,0,0.7735355094875109,49.0,0
SaaS,20277.743413197484,0,0,0.0381310731945143,7.0,0
SaaS,73906.94217552118,2,3,0.2898553929153354,18.0,0
E-commerce,49638.40528774376,5,2,0.2305236844568121,25.0,0
Finance,339318.05333928094,0,0,0.2835271940231726,7.0,0
E-commerce,19033.008349539985,5,4,0.2448534810966237,13.0,1
Finance,9342.894962210356,0,1,0.5086503018222361,35.0,0
Healthcare,67622.83064702038,7,3,0.2008484454799608,19.0,1
Healthcare,67192.89241952666,10,3,0.3704083938693231,13.0,1
Healthcare,152430.27853123494,4,1,0.1283954971358782,15.0,1
Finance,51619.897366745376,3,1,0.2953351352158523,15.0,0
SaaS,32037.142264103917,10,7,0.5643569524874882,24.0,1
E-commerce,38009.873212595,2,2,0.0573172536622588,21.0,0
Healthcare,45765.87115153721,4,1,0.307971980100071,16.0,0
SaaS,548909.1946014424,1,0,0.3140934103772052,4.0,0
E-commerce,11032.1808339642,3,0,0.1574761726031977,24.0,0
SaaS,281069.89304646966,1,1,0.0826500469160591,4.0,0
SaaS,44209.94618362489,5,3,0.4580282696273848,33.0,1
Healthcare,23259.835605422628,2,3,0.1709945423582967,38.0,1
E-commerce,38400.42888013139,2,2,0.2438852504000228,4.0,0
SaaS,162462.82093906286,1,3,0.2013713165324964,14.0,1
Finance,97351.0181221246,0,1,0.1734828174096496,9.0,0
Healthcare,96750.68596838295,3,1,0.2437265251633998,19.0,0
E-commerce,361141.6393715312,0,0,0.2173186974594661,2.0,0
Finance,99269.74547073084,2,3,0.3692897488248856,21.0,0
Manufacturing,72309.85459969795,2,0,0.0964049180079533,13.0,0
Finance,89895.66360269429,4,2,0.2068705891275704,16.0,0
E-commerce,35282.09076915896,2,4,0.1979516716763236,19.0,0
Healthcare,52509.32936198719,7,2,0.2954643375912225,20.0,1
SaaS,166378.8570058583,3,2,0.3613693865119094,7.0,0
E-commerce,106303.04657785098,0,0,0.1669353905578163,4.0,0
Healthcare,172139.46814158998,2,2,0.161275847940115,16.0,1
SaaS,86379.64714164316,6,1,0.2557123833972285,8.0,1
Finance,50561.360586159964,9,6,0.3607552133289615,38.0,1
Finance,354644.0706460428,3,4,0.3737149250979431,2.0,1
Finance,14866.848820520889,4,0,0.6936757657002192,42.0,0
SaaS,66305.67466335437,6,0,0.38393316598334,4.0,0
Finance,63527.23028570784,5,4,0.32218475416401,10.0,1
Finance,27169.2104539518,2,0,0.8164956291012048,61.0,0
Healthcare,66908.64400718448,9,7,0.3542212798614154,19.0,1
SaaS,451568.8654227536,0,0,0.212807015167411,12.0,0
SaaS,52525.38707971264,2,3,0.1693868764708982,14.0,0
Finance,29595.105771664388,8,3,0.3845011015663284,15.0,1
Finance,40850.58479251989,5,2,0.2224070597449822,24.0,1
Manufacturing,40264.20755026643,3,3,0.2189285914429744,18.0,0
Healthcare,88125.12522568743,12,3,0.2521307259662646,17.0,1
E-commerce,431790.548101469,0,0,0.2069611209264964,4.0,0
E-commerce,98582.2253908424,4,8,0.4638966884018727,11.0,1
E-commerce,33105.4786754708,0,2,0.3327197190264957,16.0,0
Finance,201762.2162512549,12,8,0.3906673989714409,27.0,1
E-commerce,84399.77820383887,7,4,0.2121030788954043,18.0,1
E-commerce,45865.97708972923,3,2,0.2542333101910904,33.0,1
SaaS,48103.61964029868,11,9,0.2136123125492338,16.0,1
Healthcare,550495.9841242575,1,2,0.2229068234260482,1.0,1
Healthcare,26836.15285988949,4,3,0.3225806614722377,35.0,1
Finance,59347.97290620026,9,5,0.5119719642200163,17.0,1
SaaS,46988.63890523985,4,1,0.1304198664617928,9.0,0
SaaS,56780.56918796029,3,1,0.1942965263915891,18.0,0
Healthcare,134236.81380723856,10,5,0.3523558555948008,20.0,1
SaaS,22721.208921991554,5,6,0.1343819875720288,27.0,1
Healthcare,119534.97437251422,8,3,0.2128870243465847,21.0,1
SaaS,32764.54626987637,1,1,0.2292252851469332,15.0,0
Manufacturing,10984.606190976268,9,6,0.4926769446782614,19.0,1
Finance,257801.84699548045,4,3,0.1037414362111896,36.0,1
Healthcare,87870.58524461814,2,4,0.4019428226241821,5.0,0
Finance,27122.702649347684,3,1,0.6566586630586799,28.0,0
SaaS,26894.24829456288,3,2,0.3937828980250746,5.0,0
SaaS,38755.21261896623,3,1,0.2423014851306882,16.0,0
Manufacturing,96346.7181460597,0,4,0.3668871855911719,21.0,0
Healthcare,12648.0457143147,3,0,0.6647616779118315,40.0,0
Manufacturing,129976.18332747782,7,1,0.2095639544914047,22.0,0
Finance,55320.04951897951,2,0,0.0635808107560244,16.0,0
SaaS,161556.8158858492,3,6,0.3755549801195403,19.0,1
Finance,39702.793655640206,4,0,0.3615848674548129,8.0,0
E-commerce,49377.53623923632,7,3,0.1948600467243558,11.0,1
SaaS,38783.95795267593,3,3,0.1879368914927685,18.0,1
SaaS,8253.430419631379,3,0,0.6568831871097768,39.0,0
E-commerce,84834.65625905168,1,0,0.0777109381344148,10.0,0
Finance,184010.27893203872,5,10,0.3556183423478237,5.0,1
Finance,57647.62776708775,3,7,0.177140153179666,20.0,1
E-commerce,19183.61266063246,1,0,0.7656383961128497,52.0,0
Healthcare,459978.46160096215,0,0,0.1261078873505771,5.0,0
Finance,82975.76329105577,1,2,0.563984948384423,14.0,0
SaaS,62914.00441350761,1,1,0.2835271940231726,31.0,0
SaaS,42280.02926388351,13,2,0.4565898557228237,14.0,1
Finance,43029.998850451055,7,5,0.2835271940231726,29.0,1
Healthcare,111743.2737790729,7,8,0.1874192836709454,16.0,1
Finance,60730.47218635425,1,3,0.2835271940231726,30.0,0
Healthcare,59850.82882522921,2,5,0.369115973126473,20.0,1
E-commerce,186634.62931959488,3,12,0.3367578834716218,7.0,1
Manufacturing,276651.4321884885,5,11,0.3232103205836582,1.0,1
SaaS,52618.71970865688,3,2,0.0773508252673296,21.0,0
Finance,447026.532553056,2,2,0.4645438013651152,9.0,1
Manufacturing,58425.7821271741,3,1,0.1962398185675663,31.0,0
SaaS,39103.358195858425,5,4,0.2591254906830345,18.0,1
Finance,120308.73952346492,1,1,0.3108996254565251,1.0,0
Manufacturing,11766.217055248104,7,4,0.3197766069448668,30.0,1
E-commerce,211814.33127089,1,0,0.2965568203649038,1.0,0
SaaS,46558.6681087254,1,2,0.2395122700031503,22.0,0
SaaS,50593.7360603579,7,7,0.2835271940231726,28.0,1
Finance,61633.21709812876,3,3,0.3384726002016135,17.0,0
Finance,206004.9385840573,4,6,0.2872888270494173,3.0,1
SaaS,122959.43245202684,4,3,0.2708296257085205,19.0,0
Finance,306835.7032995596,0,0,0.2203083152874928,12.0,0
Healthcare,91332.94276739456,7,4,0.4051211388826232,27.0,1
E-commerce,49522.09020914276,2,3,0.4938239657458353,27.0,0
E-commerce,93850.26399110816,2,1,0.3436781618516005,11.0,0
SaaS,71512.50499085448,9,2,0.2739586934072049,19.0,1
E-commerce,65513.43268678169,11,3,0.3588752298084768,13.0,1
E-commerce,243294.4810296876,0,0,0.0998751134279074,10.0,0
SaaS,12957.417556432429,0,0,0.4949448781623385,56.0,0
Finance,122679.5240097888,12,10,0.3004036250203533,54.0,1
Healthcare,232795.52092375592,2,4,0.3690389026267252,6.0,1
Healthcare,13275.193360755446,1,0,0.0725047863276745,58.0,0
Finance,125538.17859954471,4,1,0.2835271940231726,29.0,0
Healthcare,47694.7260312562,13,7,0.3398898181072275,22.0,1
Finance,104306.5302521351,5,5,0.2835271940231726,23.0,1
SaaS,80794.6865755271,4,3,0.1683598863183355,23.0,1
Manufacturing,44890.03813318273,0,0,0.1158025449091109,9.0,0
Finance,45579.1260497695,5,2,0.140166842497432,19.0,0
SaaS,184664.89855360665,5,3,0.2178771812933961,19.0,1
SaaS,86120.20577525708,5,1,0.1531572504305071,4.0,0
Finance,50090.55189515589,1,6,0.2579651944221012,24.0,0
Manufacturing,13548.857865559292,10,11,0.2808471159591553,24.0,1
SaaS,31064.630352384476,1,1,0.1531820842298282,8.0,0
Healthcare,28186.432270516525,4,0,0.5649773409956353,35.0,0
E-commerce,14910.15928300084,0,0,0.5606567821035057,26.0,0
Healthcare,60730.34539065876,8,4,0.3129074415739036,20.0,1
SaaS,49717.46210837801,13,5,0.4302778787867383,14.0,1
Finance,215413.78859078605,1,0,0.1625766958177323,11.0,0
E-commerce,66868.40619754576,3,1,0.1909431552740911,6.0,0
Healthcare,53644.81862261488,4,0,0.2202389475787665,24.0,0
SaaS,28950.360536029573,4,3,0.1200007239376215,28.0,0
Finance,23731.22324236876,6,5,0.2092909960933189,29.0,1
SaaS,10193.445281316075,1,0,0.7291572654265929,71.0,0
E-commerce,56015.33599502184,5,4,0.1935384269640385,19.0,1
SaaS,45100.46585544523,6,1,0.3376355096363852,17.0,0
SaaS,27485.78136725141,5,0,0.3666509130958294,8.0,0
SaaS,26323.173461362523,0,0,0.7111056738494229,31.0,0
E-commerce,123134.73237046074,3,4,0.3154606778920406,2.0,1
SaaS,37843.05231291112,4,1,0.3109941383793987,15.0,0
E-commerce,6367.502069774541,1,0,0.7776816652113296,62.0,0
E-commerce,18519.879253275576,8,7,0.359975172754766,35.0,1
Healthcare,57446.23915683613,9,4,0.3821673232101112,19.0,1
Finance,37231.4587007886,3,0,0.1225231882738685,13.0,0
Healthcare,20023.747604151253,4,2,0.2218412128792496,14.0,0
E-commerce,34709.77796755266,3,3,0.389206898588332,20.0,0
Finance,171438.60988700076,3,1,0.2835271940231726,26.0,1
SaaS,66868.60761542343,4,2,0.1639021954009549,18.0,0
E-commerce,101514.0110485183,4,2,0.146995472957694,28.0,1
Healthcare,109656.65214096748,4,2,0.2835271940231726,29.0,0
SaaS,31605.7905349656,14,4,0.5800696207201798,20.0,1
Finance,140112.18286012358,8,8,0.3458845633981273,21.0,1
Finance,17425.487290269546,1,0,0.510607795767511,74.0,0
E-commerce,46395.00493051847,6,2,0.224162849837221,27.0,1
Finance,72015.16627742344,10,2,0.5545200677921176,19.0,1
Healthcare,23065.97270634094,1,2,0.29259470419786,8.0,0
E-commerce,76875.99644841319,7,8,0.2670542609136742,34.0,1
Healthcare,39151.4034158422,2,1,0.1859028813776194,30.0,0
Manufacturing,31372.328967166664,7,3,0.2678887132825402,16.0,1
Manufacturing,34931.32014396919,7,5,0.3352740706771805,43.0,1
Healthcare,35100.82502989622,8,7,0.4401416918052375,25.0,1
Finance,51095.91377389601,0,0,0.2219589954468045,29.0,0
SaaS,429741.822258328,1,1,0.3508831403245347,2.0,0
SaaS,129978.69175076549,3,3,0.0969334318864892,21.0,1
Finance,22409.74540280478,7,6,0.3956137817065576,19.0,1
SaaS,32811.844623641984,2,1,0.2058790384776016,14.0,0
Finance,234886.99634574784,1,1,0.4121481036010855,1.0,1
E-commerce,237808.8709545753,2,1,0.1200411107192571,17.0,1
Finance,109742.19430960108,3,1,0.0740770511369938,24.0,0
Finance,230673.3439256374,0,0,0.3151923381288407,14.0,0
Finance,20692.88990423646,4,2,0.2093176325728549,6.0,0
Manufacturing,18557.79810265866,6,6,0.1791623836926991,32.0,1
SaaS,39426.28167420901,2,1,0.2184047127926525,6.0,0
E-commerce,159096.57830084197,2,1,0.0912262297429398,14.0,0
Healthcare,89786.91293458383,2,0,0.0786984488718042,20.0,0
Healthcare,180328.2526245088,10,3,0.4061056772286944,21.0,1
Finance,57946.34277196608,7,5,0.2428096576078699,6.0,1
SaaS,31602.90474072145,7,2,0.1685124618817028,4.0,0
SaaS,43434.27684588808,0,2,0.4458674963240072,9.0,0
SaaS,92321.60644594986,1,1,0.0353884979997036,4.0,0
Healthcare,6591.015118086898,3,3,0.143515862505889,20.0,0
Manufacturing,35202.62285293381,1,0,0.1110075727830967,6.0,0
Finance,49755.69365172334,8,6,0.2192902329007813,23.0,1
Manufacturing,30008.984752653043,4,6,0.2260345650815983,32.0,1
Finance,212980.64485542785,13,10,0.4300544292681756,30.0,1
SaaS,16147.53713228578,1,0,0.6465250221114842,33.0,0
Healthcare,48520.52183615352,2,0,0.1380969129535693,13.0,0
Healthcare,128285.23272902636,10,4,0.2291961951886438,22.0,1
SaaS,57925.50320354037,7,7,0.1939480143751674,31.0,1
Healthcare,138282.7290548953,8,7,0.4363705104391781,29.0,1
Healthcare,227439.4558867984,5,2,0.2612335315901221,33.0,1
SaaS,10011.953060634532,4,1,0.2486078615953437,21.0,0
SaaS,13664.425920098543,9,7,0.4772772490640131,31.0,1
E-commerce,205196.28391055376,2,1,0.5121995893910911,17.0,1
Finance,93221.80276429631,5,8,0.248158129621439,40.0,1
SaaS,69625.40214295857,6,2,0.4461502996500895,15.0,1
SaaS,79660.48336131212,3,4,0.5930106931218238,5.0,0
Healthcare,185995.8052625454,2,1,0.1058978066156123,5.0,1
SaaS,113973.51843385411,3,1,0.310287047028156,3.0,0
Healthcare,17214.238666293077,0,0,0.7828399516476786,17.0,0
Finance,127923.38368836358,1,3,0.4022837430462017,11.0,0
Finance,53542.82915465805,4,3,0.2006346154848237,22.0,1
Finance,67317.61952586165,1,0,0.1443841352222656,8.0,0
SaaS,17774.931254711482,2,1,0.1313188837567741,11.0,0
SaaS,28022.054128280564,3,2,0.6883113545664032,16.0,0
Manufacturing,27927.38142452085,2,2,0.1623207790848545,16.0,0
SaaS,13836.597056515706,3,0,0.7962972630487186,36.0,0
Finance,49173.171390240175,5,0,0.4049073926355255,12.0,0
E-commerce,351942.21457170986,2,6,0.2778641454837703,3.0,1
E-commerce,18803.9895845458,2,0,0.1804749879986109,12.0,0
Healthcare,162484.27507761016,10,5,0.2835271940231726,35.0,1
SaaS,223731.6509306504,1,1,0.3028364366513345,16.0,0
Manufacturing,35997.93347353377,3,1,0.3781264834860933,17.0,0
SaaS,103586.28314522655,3,1,0.1145503087780161,12.0,0
Manufacturing,40420.124304347766,1,0,0.0674849834276619,14.0,0
Finance,221905.04109572832,0,0,0.105295282813052,7.0,0
Finance,95937.2203560962,4,1,0.2835271940231726,13.0,1
Healthcare,13536.32873622478,0,0,0.2835271940231726,69.0,0
SaaS,208667.7499892573,2,3,0.2163415321218243,17.0,1
E-commerce,187800.09779345908,2,5,0.2758663148975863,6.0,1
Manufacturing,45710.26641578247,2,1,0.0636105970354766,6.0,0
Healthcare,196028.60476284247,2,5,0.3016925973881043,1.0,1
Finance,305552.51960536285,0,0,0.0959915851629539,10.0,0
E-commerce,33074.600881319624,3,3,0.3573558766784196,15.0,0
SaaS,44010.144058713406,5,1,0.2566507292829184,14.0,1
Finance,119135.56226778176,0,0,0.2023183707081249,18.0,0
SaaS,11107.975925850587,1,0,0.8198179510931757,69.0,0
SaaS,72084.53802988183,7,3,0.3863044854434986,14.0,0
E-commerce,159800.33626146804,1,0,0.2739998381215732,19.0,0
SaaS,17310.284479925733,1,0,0.1361912276889879,20.0,0
Healthcare,431444.1160554154,0,0,0.1177610866786074,13.0,0
Manufacturing,201030.4410110298,0,0,0.058785788157337,10.0,0
SaaS,52487.94779410057,4,0,0.1797758825059867,30.0,0
Healthcare,12714.218001784497,0,0,0.4834799185273479,31.0,0
Healthcare,292499.9719129511,2,7,0.2686116690931719,6.0,1
SaaS,100155.42632029609,0,2,0.6128486045198,16.0,0
Finance,45306.22082167007,14,6,0.4599648487772573,32.0,1
Finance,79245.8735610142,10,9,0.2791058802244094,34.0,1
SaaS,77841.6851191224,5,4,0.2193851690064992,19.0,1
Healthcare,176431.60210677976,3,1,0.3014354828546031,8.0,1
SaaS,59753.881528391095,1,0,0.1111850610096168,15.0,0
Finance,21323.385511893823,7,2,0.2212055752061583,14.0,0
SaaS,62779.344074066736,3,1,0.2749837138195974,21.0,0
Healthcare,42856.70524719229,5,2,0.4660025026317132,25.0,0
Finance,406442.4128126772,0,0,0.318300218261955,2.0,0
Finance,110622.99113183374,3,0,0.1058189591148067,29.0,0
Manufacturing,61366.65856443545,3,1,0.282353670387794,18.0,0
E-commerce,37117.00336613759,4,3,0.4857124834380262,14.0,0
Finance,42780.6288796837,5,3,0.4740570953389336,20.0,1
E-commerce,101619.51292435754,4,2,0.3736516773526708,17.0,0
SaaS,35770.52377843717,2,4,0.2408424165265656,13.0,0
Manufacturing,76371.95876562674,6,4,0.2115907215884082,20.0,0
Healthcare,109077.00094450644,0,0,0.0530444439567096,7.0,0
SaaS,51359.5051940346,5,4,0.2829663803101951,15.0,0
Finance,36524.66114358204,3,0,0.1633843171878008,9.0,0
Healthcare,62140.30872518237,5,3,0.3610474073450571,30.0,1
Manufacturing,78166.95670923086,3,3,0.3605154127464525,12.0,1
SaaS,14381.571883603394,3,0,0.7888717238591152,46.0,0
Healthcare,55235.91802025988,1,2,0.0369859007581838,20.0,0
Finance,17228.473231108484,1,0,0.8038105954741654,40.0,0
SaaS,10496.997574861638,1,1,0.5090591358588212,46.0,0
SaaS,92101.4141165816,3,2,0.2641389956559007,16.0,0
Healthcare,14527.553051854306,2,0,0.7369720589371108,41.0,0
Manufacturing,337088.743758468,2,5,0.2554721657092351,8.0,1
Finance,42274.84486066152,3,2,0.353174461737039,23.0,0
Healthcare,129130.72983355056,5,0,0.2400279650371256,18.0,0
Manufacturing,16610.78313203576,3,0,0.7254749864422372,29.0,0
Healthcare,113501.74982999371,6,3,0.1657867959400031,21.0,1
Healthcare,61793.5328861021,5,2,0.2302545819817555,19.0,1
SaaS,53783.842278284144,3,3,0.2976989902502292,35.0,1
E-commerce,30005.67209784572,2,0,0.1566005394729193,4.0,0
Finance,66476.80777191794,2,2,0.3374184417873836,35.0,0
Manufacturing,260927.5739901691,3,3,0.4447681458431549,4.0,1
E-commerce,9701.822516120836,1,0,0.5862048666798125,43.0,0
Finance,47633.37484656765,5,5,0.4590598288446839,11.0,0
SaaS,42202.256280989815,8,7,0.4182608172766454,31.0,1
Healthcare,485299.7117207555,3,6,0.4199857745398512,2.0,1
Healthcare,14310.723435311018,0,0,0.8126812809760214,20.0,0
E-commerce,57834.3149195626,6,3,0.4543460448931027,16.0,1
Manufacturing,35610.76918919103,7,10,0.3615715633537312,31.0,1
Finance,32479.825561747908,7,6,0.3997926915573605,27.0,1
Healthcare,33945.817676485414,10,5,0.2933314784138091,16.0,1
SaaS,163456.58260106167,5,1,0.2491670408470127,25.0,0
Healthcare,73702.46723402235,0,0,0.0316906019435739,11.0,0
Healthcare,58139.81241681246,6,4,0.2983575450123342,16.0,0
Finance,67780.96822182083,2,1,0.0929213870743016,20.0,0
SaaS,58248.11900056956,8,9,0.2472484475539488,29.0,1
Healthcare,18070.437747684435,4,0,0.5769433362688556,63.0,0
Finance,12043.285228333702,0,0,0.8061243009010693,26.0,0
E-commerce,66720.45554261617,4,3,0.182525608872143,16.0,1
E-commerce,89535.44692564024,2,1,0.1948369961840874,17.0,0
SaaS,254941.29653684795,1,2,0.2669714349556235,10.0,1
Healthcare,586037.2868780488,0,0,0.2066212038361416,2.0,0
SaaS,31755.80107590489,1,1,0.0509526501915325,16.0,0
Healthcare,144144.21184970703,1,2,0.1898893910629901,12.0,0
Finance,12042.903735288644,2,0,0.8081301301128255,46.0,0
SaaS,44057.17915630268,6,0,0.2426921125118233,18.0,0
Finance,142339.68894024394,1,1,0.2321176979505164,19.0,0
Finance,26920.392676322877,2,0,0.5372679274797547,49.0,0
Finance,29697.73640940907,3,1,0.166542315561776,18.0,0
Finance,194930.1587500899,1,1,0.3164141577153508,16.0,1
Finance,354084.2312615331,3,8,0.3636103851924291,1.0,1
Manufacturing,11838.61478145512,2,0,0.626892821390496,55.0,0
Healthcare,11087.784073536512,1,0,0.6281511425236201,45.0,0
Finance,320158.30805219203,4,8,0.3092688529876371,4.0,1
Finance,202584.3413616936,3,2,0.253169609983692,5.0,1
Manufacturing,97960.76686093256,5,2,0.2340731047464067,16.0,0
SaaS,265701.9829581117,1,0,0.2090630864672834,5.0,0
Healthcare,34778.42690513096,6,4,0.3132043418979642,15.0,1
E-commerce,48188.78030205747,6,8,0.3091443881992357,1.0,1
Healthcare,83522.29224995292,1,1,0.251508221387416,34.0,0
Healthcare,20261.4900932302,2,0,0.4591524142936194,30.0,0
Finance,17287.814168392255,1,0,0.6982769449523711,64.0,0
Healthcare,65667.30325837518,2,0,0.1666856406684463,20.0,0
Healthcare,133681.49685520932,2,1,0.1038268878880505,12.0,0
SaaS,11822.979247579004,3,5,0.1599587062100509,24.0,1
Healthcare,64224.66581000592,8,3,0.4236207023568863,21.0,1
SaaS,94366.44375151976,4,0,0.0629513461191553,10.0,0
Finance,44036.93143440282,5,1,0.6040325038342096,46.0,0
Finance,179284.22348435482,0,0,0.2597619490770558,12.0,0
Healthcare,98354.89522296198,0,0,0.072141173046636,14.0,0
Manufacturing,113966.11083970634,1,1,0.0891780740618964,6.0,0
Healthcare,36685.46040857394,7,4,0.2840699124437805,14.0,1
SaaS,154611.3716914978,1,2,0.3249097064871232,5.0,1
Healthcare,14733.710750125152,2,0,0.6391649795006022,18.0,0
Finance,84799.37914071769,7,6,0.2858969584028641,29.0,1
Finance,56780.05094443373,1,0,0.0811666217564723,3.0,0
Healthcare,102546.35635167932,4,3,0.1403916663929283,27.0,1
Finance,42897.79223625389,15,9,0.596089222309987,36.0,1
Finance,17357.252979129018,2,0,0.6149661493376091,44.0,0
E-commerce,257075.07436393667,0,0,0.0827594533553685,10.0,0
Finance,182181.20628248047,0,0,0.1659062393891268,8.0,0
SaaS,27691.023936805614,1,1,0.1729463340447516,19.0,0
Healthcare,77546.85880944875,1,0,0.177706857640654,17.0,0
SaaS,11187.277013410929,1,0,0.3316059740308976,48.0,0
SaaS,35746.32449082527,11,7,0.3870642232383105,23.0,1
Healthcare,134308.88050804212,1,2,0.3352606669008711,9.0,1
Healthcare,343814.44159030303,5,8,0.3461763987652812,10.0,1
SaaS,50402.39433864638,0,0,0.0750421940037719,14.0,0
E-commerce,93932.8533046396,1,1,0.2888528590200772,31.0,0
Finance,53045.80007880356,3,3,0.1939253899703907,29.0,1
Finance,30202.590289067302,1,1,0.1278466516209201,12.0,0
E-commerce,28495.70569415864,4,0,0.2780920280403582,9.0,0
Healthcare,235552.77942362704,0,0,0.2649919985911634,3.0,0
SaaS,41920.954800201565,1,1,0.3555956360460221,2.0,0
Healthcare,98957.46082053488,0,0,0.1329694235045427,14.0,0
Finance,31915.100292232848,5,3,0.1572667964295807,19.0,1
SaaS,85788.72832149066,7,6,0.4056555524298478,23.0,1
SaaS,20537.510991721167,5,0,0.7592480063864644,54.0,0
Finance,173732.06158379815,1,1,0.0657240023058502,12.0,1
SaaS,27626.530435807512,2,0,0.1346981549703234,38.0,0
E-commerce,89738.99103822949,2,0,0.3637257885630842,6.0,0
SaaS,10278.756680437466,2,0,0.6861235642269746,49.0,0
Finance,321933.95339431445,1,3,0.4404224907904394,9.0,1
SaaS,47305.107045276665,4,4,0.2628155953010104,25.0,1
SaaS,13065.505989879824,5,0,0.4680624052160855,20.0,0
E-commerce,142894.90491474475,2,1,0.603261876007501,18.0,0
SaaS,165455.2888744542,2,7,0.4066117772458867,3.0,1
Finance,13616.265314215923,1,0,0.531081232713284,69.0,0
SaaS,30311.6539590861,5,2,0.2548616853080565,31.0,0
SaaS,23877.042921383472,6,1,0.4195445227537023,8.0,0
Finance,288676.1122971848,0,0,0.1907731189778712,4.0,0
Healthcare,219320.63668290636,1,2,0.0558176312721928,16.0,1
Healthcare,23263.040291462443,0,0,0.4079153214032445,43.0,0
SaaS,93499.11997104106,7,5,0.1650522455523608,27.0,1
Finance,351795.57215528074,3,4,0.5051376095060112,8.0,1
SaaS,64920.810067989216,6,3,0.2835271940231726,19.0,1
Manufacturing,203069.9900641494,2,5,0.3057505001578982,9.0,1
E-commerce,13974.17863426966,2,0,0.5231604798077092,29.0,0
Manufacturing,81621.11426114562,1,2,0.2156381725876874,2.0,1
Manufacturing,182701.28026103837,4,6,0.3124885934636844,16.0,1
Finance,105517.10171557956,2,0,0.1395329499433384,11.0,0
SaaS,50597.34365508957,2,3,0.4479685136614875,28.0,0
Healthcare,42901.57289181416,12,7,0.2835271940231726,23.0,1
E-commerce,287527.1594085653,1,0,0.1154110711123572,3.0,0
Healthcare,336168.2078542952,3,5,0.4101320854977171,14.0,1
Manufacturing,10512.060989329657,1,0,0.7678497635349937,38.0,0
SaaS,52835.68462809605,6,3,0.3107724169765075,20.0,1
E-commerce,15775.07802176129,3,0,0.7888800068183425,48.0,0
Finance,62766.29672816389,5,2,0.3384679086469676,19.0,0
Finance,27238.46387091171,1,0,0.90747503830946,50.0,0
E-commerce,229844.3063466673,2,3,0.0473967113922802,5.0,1
Finance,99978.17691873798,3,0,0.1271650238204019,24.0,0
E-commerce,113263.1185003109,0,0,0.1201665615440634,15.0,0
Finance,61993.26712162146,2,1,0.1499469660268642,19.0,0
SaaS,35303.641516358344,5,2,0.3115829318934572,12.0,1
Healthcare,55424.84517004126,0,0,0.0723300024091092,34.0,0
SaaS,168112.71524707697,4,4,0.5008886534972884,3.0,1
SaaS,66906.67163207904,3,2,0.2457962331311325,12.0,0
Healthcare,174899.5050228685,1,1,0.4154396210234397,10.0,0
Finance,60171.83386881324,4,2,0.1967628252761322,12.0,0
Finance,48035.386294067765,1,3,0.0705956422445954,12.0,0
SaaS,55814.5598146428,1,1,0.182551168026945,24.0,0
SaaS,34025.47451003954,3,3,0.2601276495958667,17.0,1
SaaS,57947.37424556398,2,0,0.0950791434334104,28.0,0
SaaS,111245.71640261365,2,2,0.2819053397830237,1.0,1
Healthcare,25223.669303833023,2,0,0.682822273640024,60.0,0
Healthcare,247570.6528819276,3,6,0.4271542210214578,10.0,1
Finance,37049.15928389318,5,5,0.2555260411608623,21.0,1
Healthcare,89187.57314235746,11,5,0.2752208545375337,20.0,1
Manufacturing,8845.389061265309,1,1,0.816058802093746,40.0,0
E-commerce,301285.2726473024,2,3,0.1774092742214693,9.0,1
Healthcare,69966.95952389947,4,2,0.5904078668754126,9.0,0
SaaS,31201.50614313732,3,2,0.1032560877099028,17.0,0
E-commerce,50690.07123824076,1,0,0.113213030507413,14.0,0
Healthcare,717078.8205530981,4,6,0.3400558734247134,20.0,1
Finance,94271.78083462694,12,9,0.5241134890658717,30.0,1
Finance,121299.64322149074,8,4,0.2563295387331231,22.0,1
SaaS,281031.4670572404,3,5,0.4530867575424924,6.0,1
Manufacturing,63830.19612298112,2,2,0.1067012819756287,9.0,0
SaaS,58910.94614268673,1,2,0.3338009748027775,6.0,0
Finance,28145.293722455277,4,0,0.4528013093277249,8.0,0
Finance,23299.25763024725,2,2,0.1503602132731494,17.0,0
E-commerce,116237.06389623976,3,2,0.2718407876074042,14.0,1
E-commerce,66155.90805772007,7,4,0.3594721318020546,38.0,1
SaaS,163892.71779410815,0,0,0.181942614187326,9.0,0
SaaS,23864.765582916087,7,8,0.3979489895226085,20.0,1
Finance,237872.5266811757,2,2,0.1023721342758146,2.0,1
E-commerce,75417.20041996613,1,0,0.2015064343987515,9.0,0
E-commerce,51341.287355045126,5,3,0.3660267627978422,24.0,1
Healthcare,229487.65490797005,0,0,0.3955513762494658,10.0,0
SaaS,288979.6003089035,0,0,0.0670468290346529,4.0,0
Finance,132552.56264920536,3,2,0.1765027073109866,9.0,0
Finance,39870.654456062446,2,4,0.3121424617512212,17.0,0
Finance,91780.44564432417,5,1,0.3677855656486146,8.0,1
Finance,152532.14877803603,4,4,0.2331589821050065,15.0,1
Healthcare,205288.8252466098,1,1,0.189051116978354,19.0,0
Healthcare,101330.94492323056,3,2,0.4496660626107696,13.0,0
SaaS,12065.306942542476,5,0,0.6570959473853717,36.0,0
SaaS,100507.12125798252,2,0,0.40049788039548,15.0,0
Healthcare,77410.99323639406,3,1,0.2034070069805727,11.0,0
Finance,68413.7503319541,1,2,0.5004967569560753,11.0,0
SaaS,9681.836923821158,0,1,0.6418176862392095,16.0,0
Healthcare,18910.281806202187,5,6,0.3330056134120669,32.0,1
Healthcare,45003.877642428335,9,7,0.47957004241764,38.0,1
E-commerce,103481.26625198685,0,0,0.1512282824056697,3.0,0
SaaS,18652.573263202125,3,2,0.2708974753711882,23.0,0
E-commerce,18969.29007002152,1,0,0.0908512755395291,11.0,0
SaaS,144387.77040737137,1,2,0.2850538182154658,15.0,1
Finance,28201.03754265731,2,0,0.6221364189305333,44.0,0
SaaS,102453.06169213569,1,2,0.1854223662635465,17.0,0
Finance,36072.190663795605,11,12,0.4211197864824357,43.0,1
Healthcare,15104.07126724608,1,0,0.7364409648755268,34.0,0
Finance,17585.933828659647,2,0,0.6091320476410669,31.0,0
E-commerce,12585.80264627332,0,0,0.7603514890354993,48.0,0
Finance,60525.250965619045,0,0,0.159942643180825,7.0,0
Manufacturing,332957.1658954057,1,2,0.1932257073907253,0.0,0
E-commerce,208275.1476958517,2,4,0.1342127256127776,18.0,1
SaaS,69943.79837211524,5,2,0.2381553810441845,31.0,1
SaaS,9447.248443721468,7,5,0.4707712392230199,30.0,1
SaaS,61093.60490941418,3,3,0.3248976578888192,12.0,1
E-commerce,57910.56158677917,2,1,0.0661678019003293,11.0,0
Healthcare,48192.91580451718,3,3,0.2132149503057897,22.0,0
E-commerce,26181.06586298385,3,3,0.3242983794095821,5.0,0
SaaS,53145.74545410146,4,1,0.2654378647681608,19.0,0
Manufacturing,30472.60793361614,5,0,0.1577631035860565,18.0,0
SaaS,16096.185398066342,3,0,0.3860752527105874,49.0,0
SaaS,21107.19729412389,2,2,0.2114688503453657,20.0,0
E-commerce,80182.85135368055,4,1,0.2516224184872613,36.0,1
E-commerce,86948.30505922041,5,3,0.2257927877721504,38.0,1
SaaS,35416.6190999282,1,2,0.59126589178509,42.0,0
Finance,159844.2995820203,4,4,0.2154662453210768,19.0,1
SaaS,127039.59444436226,12,8,0.3809982945056203,21.0,1
Manufacturing,66021.61032090867,0,0,0.1449697370974131,8.0,0
E-commerce,133035.50574649763,6,3,0.1920105914100526,17.0,1
E-commerce,115894.23344570384,2,1,0.2230285947058806,6.0,0
Finance,61105.23047032149,0,0,0.2049746750729073,15.0,0
SaaS,99653.56907777584,4,2,0.2625369872981375,11.0,1
SaaS,8698.197917101075,1,1,0.6815432597763718,64.0,0
E-commerce,14683.83146776049,1,0,0.7777926926928475,52.0,0
Finance,54298.0404567942,8,8,0.3825391017706593,36.0,1
E-commerce,50854.50612277579,15,8,0.38938482051087,37.0,1
SaaS,25044.7421949493,6,5,0.1881246958560546,29.0,1
Finance,435850.7813485812,0,0,0.3675467766572283,4.0,0
Healthcare,44105.13962252754,1,0,0.2486531648124741,17.0,0
Healthcare,173335.8775726756,2,0,0.1482122532856784,12.0,0
SaaS,28128.29636917117,10,4,0.5381717240910409,15.0,1
Finance,244800.91298845067,1,3,0.0352363484439118,1.0,1
Finance,361579.4689969781,1,1,0.1662385501201429,4.0,1
E-commerce,207784.6286284469,2,4,0.4104677166349991,16.0,1
Finance,127172.82563897235,2,0,0.0696428773484297,20.0,0
Finance,56704.820979623895,6,0,0.07477955487526,18.0,0
SaaS,137388.05949215157,1,3,0.2340142616924362,10.0,1
SaaS,15620.055007883702,0,0,0.7689575637218812,30.0,0
E-commerce,188845.77232186665,0,0,0.1442134651016131,6.0,0
Healthcare,55959.529521265,4,4,0.1729474656410556,25.0,1
E-commerce,13199.659188384028,4,0,0.8487955801648466,41.0,0
SaaS,18451.945908819373,2,0,0.6945325864511902,51.0,1
Finance,146308.09141032226,2,2,0.2311294486974011,20.0,0
Finance,153369.37377188576,4,1,0.3752114488073516,21.0,1
Healthcare,66626.74291039615,4,1,0.1701400716141087,26.0,0
Healthcare,89894.21264103707,4,1,0.2685846542708295,11.0,0
SaaS,29821.38409917736,1,2,0.0694425947868905,18.0,0
SaaS,16386.397461051045,0,0,0.685612227974649,39.0,0
Healthcare,30832.3905921052,6,5,0.4381913241927053,23.0,1
Finance,79298.38453852387,10,7,0.349303291119178,38.0,1
Finance,125951.64225052984,11,7,0.2884475531679134,23.0,1
SaaS,20630.94747948105,5,4,0.3026152781252612,32.0,1
Healthcare,46575.08633930853,6,2,0.3631982575829222,14.0,0
SaaS,119942.72678723552,1,2,0.207441406214254,2.0,0
Finance,10069.971927713505,1,0,0.8604555489406056,29.0,0
SaaS,33062.670523175744,1,1,0.1485876229092363,16.0,0
E-commerce,148270.0434145444,9,6,0.39157814050949,27.0,1
Healthcare,88274.95851242868,3,3,0.2492013521518372,11.0,0
SaaS,70063.69826872296,5,1,0.2899528678720368,11.0,1
Manufacturing,59362.635220652846,9,10,0.3863901678143955,28.0,1
Healthcare,229239.1222243272,0,0,0.210916231559962,4.0,0
SaaS,28104.828339330128,3,0,0.1901623083876127,11.0,0
Finance,54253.86104075067,6,4,0.352572980517218,18.0,1
SaaS,313143.7929306384,0,0,0.0884153758103266,6.0,0
Finance,80085.56711186512,1,0,0.0770305968777276,20.0,0
Manufacturing,10225.71067270796,1,0,0.2835271940231726,63.0,0
SaaS,76968.69724700628,0,1,0.260067221397243,28.0,0
E-commerce,176363.7368683593,2,4,0.199263767839658,9.0,1
SaaS,76770.81691123861,5,4,0.2024195486893013,22.0,1
SaaS,31961.72001072763,4,0,0.3908540635799006,14.0,0
Healthcare,52296.5833673906,4,2,0.4602762287547897,25.0,0
E-commerce,22452.06262111338,4,4,0.2022064768451071,16.0,0
Manufacturing,164954.22320112266,2,4,0.1167526030285602,14.0,1
SaaS,24098.62140670915,7,5,0.1732843301836922,39.0,1
Manufacturing,34475.7982674801,10,5,0.4960169410183038,37.0,1
SaaS,77184.89776122583,5,3,0.2835271940231726,27.0,1
SaaS,57117.03795986784,4,2,0.2575656151775417,15.0,1
SaaS,163622.30239226157,0,0,0.3758356578733405,8.0,0
Finance,396901.6093395992,1,0,0.0989586580972438,3.0,0
Finance,64052.77771212173,8,6,0.2376194406422818,36.0,1
Finance,167548.93872112027,4,4,0.214216861393571,25.0,1
SaaS,10517.20737063891,1,0,0.7960507238623719,19.0,0
Healthcare,86385.28665980461,6,9,0.1629314212262638,33.0,1
Healthcare,53559.8268646076,2,3,0.3977324751440741,22.0,0
Manufacturing,30373.366772487032,7,3,0.3293705687527256,22.0,1
Healthcare,84802.84342907424,4,0,0.2467650107739103,16.0,0
SaaS,48083.37036549848,3,0,0.1272704919015144,19.0,0
Finance,81194.57852849929,2,2,0.0524926654099065,34.0,0
Finance,130695.5009331836,3,0,0.2476577392511944,5.0,0
E-commerce,13600.133200374969,0,0,0.6684145030798642,50.0,0
SaaS,66072.14325021938,1,0,0.1196868844265992,21.0,0
E-commerce,34533.15038244719,10,8,0.377945173378316,31.0,1
Finance,94746.65492960023,2,1,0.1626664499660759,11.0,0
SaaS,48279.03046598678,10,3,0.5445627406411532,20.0,1
Healthcare,702128.659430441,2,3,0.3087083218934609,6.0,1
Finance,80232.51420286299,8,4,0.3328189661946953,26.0,1
Finance,159183.4556227525,6,2,0.4086596380186462,31.0,1
Finance,14389.844678612022,2,0,0.4490275851725162,11.0,0
Healthcare,56397.33841426511,1,3,0.2919000821027621,7.0,0
Finance,32557.17582860949,9,6,0.4914206920673063,24.0,1
Manufacturing,86004.89532382398,1,3,0.3605954756129012,14.0,0
Healthcare,60639.91706541074,0,0,0.1445108162169379,28.0,0
Finance,407540.5414565165,0,0,0.2835271940231726,16.0,0
Finance,65371.94036084174,7,3,0.1759060501626677,11.0,1
SaaS,154601.92496077786,4,4,0.2511579314110024,19.0,1
Finance,281325.66076344304,2,4,0.3914612630746,12.0,1
E-commerce,44278.50305124673,5,4,0.2846255896166354,18.0,1
Manufacturing,57734.11820328428,4,3,0.2249156408673269,26.0,0
Finance,317452.9132134093,6,15,0.5401176299382057,5.0,1
SaaS,84360.63659147033,4,2,0.4100221157425974,17.0,0
Finance,46502.79190604229,11,6,0.2263796700653464,30.0,1
SaaS,21469.554593316094,4,4,0.2960790467849423,8.0,0
Healthcare,36391.82576754099,2,0,0.158608810737814,8.0,0
Healthcare,50307.27329956206,4,2,0.4077119919491627,21.0,0
Finance,164559.0729668774,0,0,0.1433728047718309,11.0,0
SaaS,41585.57525146674,4,4,0.2347817603330665,12.0,1
Healthcare,20305.45903341526,3,0,0.5126068434793091,35.0,0
Finance,84801.71949454136,6,4,0.2854280320972734,14.0,1
SaaS,126093.49616595556,1,0,0.2644814418916402,5.0,0
SaaS,12610.51619896851,1,0,0.750010310337429,16.0,0
E-commerce,54763.07697336867,5,1,0.350931251908963,15.0,0
Finance,152201.10660282796,2,5,0.5556926168805867,9.0,1
E-commerce,31007.47929553353,1,0,0.2083282903417842,14.0,0
SaaS,163476.96245546237,1,2,0.1605007476931207,5.0,1
Finance,103261.52695930058,4,1,0.182969372085673,16.0,0
SaaS,55533.90350696213,5,5,0.1793735606539204,19.0,1
Healthcare,448993.012455912,2,3,0.3884049214344908,7.0,1
Manufacturing,75804.71359702547,4,5,0.3402501169427183,16.0,1
Finance,190672.72449270703,1,0,0.065532218668879,7.0,0
SaaS,14747.486427378251,1,1,0.3973086456050378,53.0,0
Healthcare,173441.5983895674,4,6,0.1804762030218046,15.0,1
Manufacturing,31584.164975932967,3,2,0.363285306282286,6.0,0
Healthcare,53456.7126488489,0,0,0.324249888681805,1.0,0
Manufacturing,189578.754869402,0,0,0.2162938346371527,9.0,0
Manufacturing,12628.33936007677,1,0,0.1608510639030769,7.0,0
Healthcare,60333.264439015365,21,10,0.40977584481181,32.0,1
E-commerce,339392.1369915183,2,2,0.3915265458505654,10.0,1
Manufacturing,41840.323787779314,3,2,0.2783462744956561,11.0,0
Healthcare,40970.76428471161,11,7,0.2801675423509518,47.0,1
Healthcare,66127.25193241549,4,1,0.2489958213678035,11.0,1
SaaS,335066.7820123203,5,12,0.6067307899728442,5.0,1
Healthcare,86912.52884290557,2,3,0.1907780414071813,5.0,0
Finance,14978.225934352004,0,0,0.2835271940231726,55.0,0
Finance,49859.648321788,0,0,0.1263588234464623,35.0,0
Healthcare,145656.50447347446,6,2,0.3498575990400488,31.0,1
Healthcare,44932.52321082725,2,2,0.2698118576236259,18.0,0
Finance,41227.09467063795,1,3,0.2128089193053169,13.0,0
E-commerce,43977.818766066266,5,4,0.4195635551613094,25.0,1
SaaS,103935.505186429,10,4,0.2746464024633177,24.0,1
Finance,77222.57701382955,3,2,0.1907827042506872,29.0,0
SaaS,18699.8298139033,3,1,0.7749594829340846,21.0,0
SaaS,49409.30009244873,6,9,0.2557378106134931,27.0,1
Manufacturing,75089.18513206248,12,7,0.1787802335884863,21.0,1
Finance,54718.62146132821,1,2,0.3808914478991463,6.0,0
Finance,36972.845705307445,9,2,0.4024230723888455,19.0,1
Manufacturing,66430.71002494243,0,0,0.1202726496588852,17.0,0
Manufacturing,58750.2189508949,1,0,0.069466081873973,8.0,0
SaaS,27522.645810681614,6,5,0.3056225930673292,24.0,1
E-commerce,37556.02277494322,2,0,0.3576699408923291,15.0,0
Finance,505671.1026873984,2,3,0.2772738861521603,12.0,1
SaaS,12755.541323801766,1,0,0.7799969428160783,39.0,0
Finance,59809.854256638246,8,8,0.3164877146859312,33.0,1
Finance,22178.78569455763,3,3,0.2570656570937941,20.0,0
E-commerce,74291.03314717812,7,7,0.4624739700604086,21.0,1
Finance,291254.2826387304,2,5,0.2351566794909254,8.0,1
SaaS,87696.74064340327,0,0,0.1854709341817378,25.0,0
Manufacturing,37550.007380515424,16,10,0.6417730411925183,32.0,1
Finance,74720.2021027509,13,11,0.3626393159319596,41.0,1
Manufacturing,130146.22848620063,10,7,0.3713148405565406,27.0,1
Manufacturing,65712.86317048306,2,0,0.1933735152910682,12.0,0
SaaS,156532.17896137692,2,2,0.2237429568635085,24.0,1
Finance,178645.3045832419,5,5,0.4553186141081436,14.0,1
Healthcare,212228.4070273488,0,0,0.2534986954364394,11.0,0
Healthcare,19487.0484440914,7,5,0.3030040901080314,19.0,1
Healthcare,144114.82535404808,7,1,0.3419585549976771,20.0,0
Healthcare,109751.24187476316,6,7,0.2835271940231726,40.0,1
Manufacturing,57700.51322396107,5,3,0.374094845074396,18.0,0
Finance,43592.25881101512,3,2,0.1329820219745701,11.0,0
SaaS,44153.099256665606,3,2,0.232352062370026,15.0,0
Finance,47036.43472962775,3,2,0.3649624504210473,15.0,1
SaaS,74844.31890708237,1,0,0.151353500261249,10.0,0
Manufacturing,188211.58264659863,2,3,0.2835271940231726,5.0,1
Healthcare,41883.23810369213,2,2,0.3611954481945879,19.0,0
Finance,66874.36009640296,1,0,0.0430532582204605,17.0,0
SaaS,39429.15232541658,5,0,0.4945628391285915,15.0,0
SaaS,28178.255206190708,3,2,0.1959158791163209,26.0,0
SaaS,171198.67101001463,1,1,0.1048363221338114,32.0,0
Healthcare,80164.88935734596,4,2,0.3351404239672284,16.0,1
Healthcare,59735.88171698884,3,2,0.3065856943955802,30.0,0
Manufacturing,25881.446033236916,2,1,0.0980435871991279,14.0,0
Manufacturing,68944.52348618441,3,2,0.432394196628225,19.0,0
SaaS,17838.22424599722,1,0,0.7609726088063068,71.0,0
E-commerce,13285.388909765228,0,1,0.5380273764758542,48.0,0
SaaS,193708.67384900444,2,4,0.3427996585460338,14.0,1
Healthcare,32271.487080832376,2,0,0.7723320555808981,85.0,0
Finance,92934.81409913032,3,1,0.3357309414492145,15.0,0
Healthcare,61725.42933704913,5,4,0.130995801315148,31.0,1
SaaS,9300.504994308629,2,0,0.7599185921695059,50.0,0
Finance,250187.80869202613,3,3,0.1262094180711812,20.0,1
Healthcare,22984.649466803832,2,0,0.888909865115162,39.0,0
E-commerce,319839.3656567217,2,2,0.2496908014563578,6.0,1
SaaS,30698.57708465953,11,6,0.5256286718074475,42.0,1
SaaS,61971.0678526281,4,2,0.1591575858485301,8.0,1
Manufacturing,244035.59154580173,2,4,0.3566716882809566,9.0,1
Finance,23058.977897054458,2,0,0.2835271940231726,20.0,0
SaaS,51098.86148336727,2,0,0.2357729053613633,8.0,0
E-commerce,10568.06414145793,2,1,0.8243713430734393,36.0,0
SaaS,38114.54080453791,8,10,0.3489838052404884,36.0,1
Healthcare,34559.84063211131,5,2,0.2442958252887866,28.0,0
Finance,565820.6447535485,0,0,0.1512368392774215,9.0,0
E-commerce,20184.253338925755,8,7,0.2615751148599481,19.0,1
SaaS,13791.425406753826,0,0,0.6950217167817772,26.0,0
E-commerce,118684.56071278964,4,1,0.2835271940231726,8.0,0
SaaS,47577.0409077996,5,6,0.2908398539687928,15.0,1
SaaS,69682.26330267843,6,3,0.267490043631637,12.0,1
E-commerce,47950.33209609456,7,3,0.3509487337162885,39.0,0
SaaS,63989.13635082229,8,7,0.2857154888166323,34.0,1
Healthcare,16231.914383405378,5,0,0.7359026086969713,86.0,0
SaaS,143458.99040677169,5,4,0.1368700460844509,25.0,1
E-commerce,35750.62856427184,5,4,0.497012147099708,9.0,0
Healthcare,58126.84352867357,1,3,0.1746930988438778,10.0,0
Healthcare,72666.76936406587,4,3,0.2360053179910758,14.0,1
Finance,564222.7600359118,0,0,0.0720875078180794,2.0,0
Manufacturing,66675.41435704516,3,1,0.242327296945584,14.0,0
Finance,192056.2324807489,11,5,0.3964987863827595,17.0,1
SaaS,50552.43056597377,6,7,0.1831910309762062,25.0,1
Healthcare,124499.315936441,6,2,0.385763507674891,7.0,0
Healthcare,17408.255523422136,2,2,0.5716951981955494,38.0,0
SaaS,16841.487559712838,10,2,0.2564424925728443,21.0,1
Finance,209508.21530211545,2,6,0.3921513188139249,8.0,1
SaaS,106206.27947776228,11,4,0.3449744207894455,12.0,1
E-commerce,33189.62056906498,7,3,0.2717176809179827,12.0,1
E-commerce,111166.83145097124,4,1,0.3233862517106551,23.0,1
Finance,226038.244132833,9,9,0.4739208343023037,31.0,1
E-commerce,41063.15414402786,1,0,0.1673869425908626,14.0,0
SaaS,188233.9670812864,1,2,0.1755210378106559,12.0,1
E-commerce,16939.320362918137,3,2,0.3119964743474649,21.0,0
SaaS,202653.0440186596,1,2,0.4718881552001447,8.0,1
SaaS,30396.907885398065,2,1,0.2112859595467408,12.0,0
Manufacturing,12892.782015799416,3,2,0.1791493790643267,18.0,0
E-commerce,101555.96377452218,0,0,0.1635228370975948,12.0,0
Healthcare,38759.85133743723,4,2,0.1225539585153027,26.0,0
Healthcare,93561.35630443772,7,4,0.3496674055021458,13.0,1
Healthcare,281801.12728334113,4,3,0.5043191974646288,10.0,1
Healthcare,10936.395159505984,5,0,0.4617110042680272,45.0,0
Healthcare,190278.45926865624,2,5,0.1530605192599117,9.0,1
Healthcare,49556.40208250197,5,2,0.2858544888074127,10.0,0
E-commerce,118488.79162044857,2,5,0.5131433954523493,15.0,1
Finance,42692.760065342445,9,9,0.3637301891084618,18.0,1
SaaS,88821.05189305494,4,4,0.1828052519032898,31.0,1
Finance,50037.10117266731,2,3,0.2888065212826546,23.0,0
Healthcare,99842.49879375022,0,0,0.1785270815982327,1.0,0
Finance,14046.793760428194,1,0,0.4611197039760327,47.0,0
Healthcare,21919.84478559544,3,0,0.6145573676238919,51.0,0
E-commerce,50061.23417869861,4,4,0.0839172852539727,23.0,1
E-commerce,206807.9502701514,1,1,0.119315186903138,10.0,1
Finance,33937.672122765805,2,0,0.1439510877160719,8.0,0
SaaS,29147.965455234396,3,0,0.1752659438975478,13.0,0
SaaS,163231.043344951,5,7,0.2896316305936111,5.0,1
E-commerce,49816.93044033336,5,1,0.3397968500407583,13.0,1
E-commerce,36389.53793416856,11,9,0.3056861223267222,31.0,1
SaaS,11490.637229853752,0,0,0.1088919521092235,6.0,0
SaaS,129039.69214411324,2,2,0.4648788839805357,19.0,1
E-commerce,264634.84780206566,2,1,0.1774620204937989,1.0,0
Finance,20397.519190154595,2,1,0.5947154650643752,47.0,0
Healthcare,147696.6191138871,0,2,0.3603851184001398,16.0,0
Manufacturing,53417.37742155172,4,3,0.2370896456696812,19.0,1
SaaS,100799.69473196298,0,0,0.2408547900599655,11.0,0
SaaS,99634.9621189328,7,2,0.4268023106171068,22.0,1
SaaS,280741.7885647622,2,1,0.2821319854382539,4.0,0
Healthcare,225613.2942176117,1,2,0.2453134004656811,2.0,1
SaaS,31241.649024003884,7,7,0.3221738679570439,39.0,1
SaaS,17738.108917721547,0,0,0.7307750437035588,52.0,0
Healthcare,15915.742133257669,0,0,0.49965833046175,58.0,0
SaaS,43343.960220073655,1,0,0.1398304543350578,7.0,0
E-commerce,227907.51913732427,2,4,0.1318781123773021,1.0,1
Finance,20133.95612452873,4,1,0.2694635811605652,39.0,0
SaaS,8591.977091475164,4,0,0.7170549508879074,42.0,0
Healthcare,84093.1135872201,2,0,0.2396141516191285,29.0,0
SaaS,26107.79561539964,3,0,0.1706330869328979,15.0,0
Finance,255498.35339757177,1,0,0.1222659969494078,10.0,0
SaaS,50654.70733874672,3,3,0.0879135303489077,14.0,0
E-commerce,84747.34587020229,4,5,0.371714172984985,31.0,1
Healthcare,75282.79033405257,3,3,0.2075329347768643,15.0,0
Manufacturing,14190.404298269175,0,0,0.6647303301996323,35.0,0
Manufacturing,24330.78195811742,1,1,0.2129237087084581,19.0,0
Finance,52230.8465494112,2,3,0.2835271940231726,7.0,0
Finance,67699.01646344799,4,1,0.1824279585165973,13.0,0
Manufacturing,94752.40310984064,3,1,0.1442410992529429,16.0,0
Manufacturing,21775.625127442552,1,2,0.4346185414108289,10.0,0
Finance,54889.68970270158,2,0,0.2856149577876535,11.0,0
Finance,69364.33226777082,9,1,0.4439196998246257,12.0,0
Finance,15951.274679032138,3,0,0.8001610766295655,29.0,0
Manufacturing,159886.2899287273,15,7,0.2554531884026869,17.0,1
Finance,64249.50257602624,2,1,0.1183249283607955,12.0,0
SaaS,62477.77586711389,8,2,0.5109364711549367,14.0,0
E-commerce,86462.106901207,3,1,0.2217964068248422,31.0,0
Finance,19091.931576309344,5,1,0.211591048763369,15.0,0
SaaS,35830.66107195302,12,4,0.5099365373992205,40.0,1
Healthcare,140529.10829845964,2,2,0.236009065249455,9.0,1
E-commerce,9131.134857948977,0,0,0.7688814782089238,21.0,0
Healthcare,102538.837337718,1,0,0.0930879438256776,33.0,0
SaaS,48152.28941794896,9,7,0.399665147776751,19.0,1
SaaS,178053.5378376618,5,5,0.2260165940075291,39.0,1
Finance,15268.787708852777,3,0,0.6718113313921094,61.0,0
Finance,53060.55019870271,1,0,0.1756062050629771,25.0,0
Healthcare,45305.07058867318,2,0,0.171706771490934,15.0,0
Healthcare,16663.130036181483,2,1,0.5917236230469778,38.0,0
E-commerce,79501.7759536562,12,9,0.4517036870052465,25.0,1
E-commerce,86949.69370968844,2,0,0.1753451333222903,13.0,0
SaaS,52644.53115650286,4,4,0.3180900047282233,14.0,0
SaaS,46296.52655489054,9,3,0.5361036827269208,17.0,1
SaaS,37382.963643094256,4,1,0.169028499069635,10.0,0
E-commerce,37426.741775521004,8,5,0.2421370699980428,28.0,1
Healthcare,76970.03144260078,8,6,0.384574547077985,32.0,1
Healthcare,69375.01337958216,2,1,0.1834765962866576,10.0,0
Healthcare,36427.99358351261,5,1,0.2054456678259388,21.0,0
SaaS,41892.326604055976,8,2,0.2060650063654261,24.0,1
Healthcare,70024.24653806278,1,1,0.1738733780637921,11.0,0
Healthcare,29688.20575679473,2,0,0.8246491637958503,59.0,0
Finance,60809.38811051076,7,4,0.5529698795406995,21.0,1
SaaS,172774.4192643693,1,0,0.0840141403514468,4.0,0
Finance,40151.73347623488,3,0,0.2881805776909484,12.0,0
Finance,15594.307538539602,2,0,0.6106484690308785,37.0,0
Healthcare,15639.467494453682,2,0,0.4827098218749662,25.0,0
Finance,34133.79234203156,5,2,0.2316685522006808,12.0,0
SaaS,54540.07161942018,3,0,0.2263852890583625,11.0,0
Healthcare,81563.00602241914,4,3,0.2466768611940734,31.0,1
Healthcare,115917.23928650148,3,2,0.2112864940452521,19.0,1
SaaS,42149.58511757478,3,5,0.1986366678107695,22.0,1
Finance,67890.18661365713,2,1,0.2033894432507734,24.0,0
Finance,28551.142841702494,1,0,0.1215036778788512,7.0,0
E-commerce,27152.374037696456,3,2,0.2019869423911879,11.0,0
Healthcare,239266.61297674736,2,4,0.1361722285548667,0.0,1
Healthcare,51218.73886804857,11,5,0.3876888529496537,15.0,1
Finance,26758.30565663868,4,0,0.2835271940231726,18.0,0
SaaS,43379.120571296655,4,1,0.0863414754619323,18.0,0
SaaS,267681.87453404424,1,0,0.220855094395393,14.0,0
SaaS,26797.175910217,3,0,0.2211324073144996,12.0,0
SaaS,106863.59034933796,5,1,0.2344453941743729,18.0,0
Finance,51662.16874885051,6,8,0.1243103779157469,26.0,1
Healthcare,90405.30445701513,1,1,0.0732247990484625,17.0,0
E-commerce,12965.787361233217,11,6,0.2950243891916418,28.0,1
Manufacturing,13882.375550616443,1,0,0.728164831803986,49.0,0
Finance,109264.05024450531,3,2,0.1269429176448361,7.0,0
SaaS,50239.94414748526,2,6,0.3405135515467284,9.0,0
Finance,78425.23555101622,8,5,0.2801163422099652,25.0,1
Finance,20891.64619784261,3,0,0.2835271940231726,34.0,0
Healthcare,39750.08844871827,9,4,0.4652686126145997,22.0,1
Finance,48825.18139784845,4,0,0.2657065075244075,13.0,0
SaaS,76753.69849017738,11,3,0.532978852208741,31.0,1
SaaS,51732.484603680816,8,7,0.2878732145202049,33.0,1
Finance,35437.48400186767,7,3,0.3998317574437338,21.0,1
Finance,187343.7228014281,4,8,0.4684224483122062,2.0,1
E-commerce,27859.368307253782,7,7,0.2379661379433519,25.0,1
Finance,246457.76744464244,7,4,0.3073711334796032,21.0,1
SaaS,241924.34562592933,3,4,0.3318058177069139,4.0,1
Healthcare,205895.7917394322,0,0,0.1568002366926409,14.0,0
SaaS,195516.4353948187,1,0,0.388698848677338,13.0,0
Healthcare,37965.66449931838,7,9,0.2494555569489728,31.0,1
Finance,381897.92227092193,2,3,0.2835271940231726,6.0,1
Finance,65337.754901194,3,1,0.5566776264379002,20.0,0
Finance,109814.95665914458,3,1,0.1555201913005914,35.0,0
Healthcare,38320.22237965609,5,6,0.2821138543658516,30.0,1
SaaS,42204.776984510274,4,0,0.4034510907043527,14.0,0
Healthcare,22230.193277149065,1,1,0.2769885949487071,13.0,0
Finance,30125.563205605424,6,3,0.1824048715039453,19.0,1
SaaS,42282.37135907353,3,0,0.5597649165360865,16.0,0
SaaS,47716.8072688843,2,2,0.6163744266254002,22.0,0
Manufacturing,63101.79585416236,10,5,0.4921405316943066,27.0,1
SaaS,9698.911508036514,0,0,0.6929934315660649,57.0,0
SaaS,14043.35920831247,1,1,0.3999061326649484,38.0,0
SaaS,25920.905543521043,1,1,0.1317259558948439,29.0,0
Manufacturing,33144.03080389494,7,3,0.3662275816422348,15.0,0
E-commerce,234749.11387021348,1,0,0.125705484035717,17.0,0
Healthcare,21196.02241703497,0,0,0.5503172525489088,55.0,0
Finance,36992.7078437715,6,3,0.2231668181901293,21.0,1
Healthcare,724485.0262830541,2,5,0.3711922392384966,9.0,1
SaaS,32926.90852883404,2,2,0.2664385352405602,20.0,0
SaaS,13819.048328782372,1,0,0.4439077625135662,17.0,0
SaaS,51296.33828602749,16,6,0.5423630047101476,20.0,1
Finance,139188.94142961386,1,1,0.2416386637677262,26.0,0
SaaS,55762.62018642709,5,1,0.4740299234802125,19.0,0
E-commerce,41944.23818527074,1,1,0.1413600196352551,13.0,0
Healthcare,56300.61176074408,6,5,0.2913847310689243,33.0,1
SaaS,51314.534204696734,4,1,0.180306998685289,20.0,0
Healthcare,122492.26559115772,3,1,0.1647960414551191,15.0,1
E-commerce,150480.09311605652,1,4,0.1512187049555138,6.0,1
E-commerce,16001.45382243493,6,9,0.381114840810452,20.0,1
SaaS,32645.82478656745,0,0,0.1134672436175701,24.0,0
SaaS,198167.58845095203,0,0,0.1353342534835217,2.0,0
E-commerce,7684.434173313304,4,1,0.7492283480043986,27.0,0
SaaS,14574.611233182768,6,3,0.4065017196776015,14.0,1
Healthcare,38788.43869464968,1,0,0.0574446664519222,20.0,0
E-commerce,22152.827229507388,5,2,0.2296965219640619,30.0,1
Finance,91475.9638133412,4,5,0.2112612066996102,24.0,1
Healthcare,92531.21668117528,15,13,0.4301161542040259,35.0,1
E-commerce,160253.00245914084,1,1,0.1163815073595077,8.0,0
SaaS,10826.748463631837,0,0,0.8358034116869486,55.0,0
Healthcare,321402.9219491706,0,0,0.2630164973167624,13.0,0
Finance,166316.30882163372,5,6,0.5405514443352796,21.0,1
Healthcare,17111.82573526469,4,0,0.2835271940231726,31.0,0
Healthcare,35741.83187771784,7,3,0.2907510021981188,14.0,1
Finance,58590.62745934761,4,7,0.386320829276112,28.0,1
SaaS,67367.92047105047,6,2,0.0975217469035489,17.0,1
Healthcare,43172.98158390344,7,7,0.2543462987206024,35.0,1
SaaS,148532.10833184468,4,1,0.3491227461831808,11.0,0
Healthcare,78320.78282054795,0,0,0.0351775989926624,8.0,0
Manufacturing,40143.40665123936,2,3,0.1475210621146781,42.0,1
Healthcare,37852.95614610884,5,0,0.1539597969968713,22.0,0
Finance,15374.498340211148,1,0,0.6036772103920369,71.0,0
Finance,37391.94414869815,5,2,0.2835271940231726,21.0,0
SaaS,44058.79457626265,5,1,0.5421322312819599,23.0,0
SaaS,40396.9817430746,3,1,0.1255605996860893,6.0,0
Healthcare,23279.391786097665,1,0,0.3911905481646331,33.0,0
Healthcare,40405.12397444391,5,4,0.245700180095254,30.0,1
Finance,55198.136110384,6,5,0.3674923004848449,17.0,1
SaaS,226216.0771671687,2,1,0.3413696129785803,2.0,0
SaaS,81089.0526611431,4,3,0.3157104860597995,19.0,1
Finance,252285.69220370505,3,3,0.3619654750945616,17.0,1
Finance,55969.15819558889,0,2,0.5650063843889781,11.0,0
Finance,301211.17197648325,1,0,0.4742400842467093,11.0,0
Finance,152878.27948889436,8,4,0.3618156593680863,15.0,1
SaaS,130855.08998332084,1,1,0.2653916679637822,7.0,0
Finance,76755.0922823612,6,5,0.3441906801237303,17.0,1
Healthcare,20861.082529107865,1,0,0.7918570124118625,40.0,0
Finance,189850.01302125,5,7,0.2308913417612292,0.0,1
Manufacturing,37389.99177892865,3,3,0.2387170470870651,27.0,0
E-commerce,14716.767158030052,0,0,0.4499705216278835,25.0,0
Finance,15671.082457514418,3,0,0.5086928915993696,33.0,0
Healthcare,12792.218772666478,2,0,0.8054343932027458,41.0,0
Finance,70642.31673439007,7,6,0.2643432296925361,20.0,1
SaaS,110460.94817692132,0,0,0.1227482272618507,4.0,0
Finance,198645.76592697392,5,9,0.4042277260777628,11.0,1
SaaS,16948.790450133212,1,0,0.7430400049932614,31.0,0
SaaS,21053.541289852717,1,1,0.4605422559840618,14.0,0
E-commerce,12299.669235112646,2,1,0.6232767723884642,45.0,0
Finance,28261.674695699872,3,0,0.2209134685272796,8.0,0
E-commerce,144115.65363590882,1,0,0.2009410878192471,17.0,0
E-commerce,39464.68805318592,8,3,0.3356340412574496,16.0,1
Finance,18755.466693030197,1,0,0.7442566023987766,57.0,0
Healthcare,34176.74609323298,6,6,0.3843269597602861,26.0,1
Finance,55685.30728295108,0,0,0.0299850286954973,12.0,0
Healthcare,81580.31510821902,2,1,0.213804520805505,14.0,0
Healthcare,42761.73501127327,0,0,0.0669928337751153,15.0,0
SaaS,50128.48299275581,7,4,0.2242674134163506,26.0,1
Healthcare,123933.34025354404,3,2,0.283464116910549,18.0,0
Manufacturing,5592.337629417197,0,0,0.6987844885045994,48.0,0
Finance,165977.7402136278,8,5,0.1663248172103684,28.0,1
Manufacturing,9889.190362687665,1,0,0.6766872543518668,62.0,0
Finance,32457.668502549503,2,0,0.0534074228022845,21.0,0
E-commerce,30668.827800270283,4,4,0.2572961317415759,19.0,1
Healthcare,694316.2640598225,6,3,0.5048582163898776,28.0,1
Finance,42688.79985680677,5,2,0.4082187295331418,4.0,0
E-commerce,178546.17802475844,1,0,0.3951155189784759,8.0,0
Healthcare,333709.35182471084,1,2,0.2835271940231726,9.0,1
SaaS,25806.026988739835,5,1,0.3598285903221783,17.0,1
SaaS,19509.85382134066,1,2,0.128740403924753,28.0,0
SaaS,119938.88937551648,5,2,0.2110419808292806,9.0,1
SaaS,174771.55453516115,1,0,0.1670554194101205,7.0,0
SaaS,54696.389880667775,7,8,0.321710422262226,33.0,1
Finance,99335.47963864368,7,3,0.3066689261863716,22.0,1
SaaS,55094.08739366615,2,4,0.1985235931335791,14.0,0
E-commerce,40274.87037539271,7,1,0.3874338009402948,12.0,1
Finance,79738.51753201793,3,1,0.3433018694627589,17.0,0
Finance,74996.14614754524,1,1,0.1634820679251023,20.0,0
SaaS,48978.348661342,2,3,0.2417984580562554,25.0,1
Healthcare,143394.56576693102,1,0,0.2756217507492023,18.0,0
Healthcare,80755.88344695575,2,0,0.0931062631026099,15.0,0
Finance,55550.63946018213,7,8,0.5172894704149057,25.0,1
SaaS,13729.476373464066,9,3,0.4758448050164233,29.0,1
Finance,41476.23556557789,6,2,0.2835271940231726,21.0,0
SaaS,39963.406856556336,2,2,0.147657494822844,15.0,0
E-commerce,98165.3451724819,12,4,0.4927527699148078,28.0,1
Healthcare,60554.12978484012,7,6,0.4218262794606583,22.0,1
SaaS,21098.62204073007,1,2,0.5079428909824515,26.0,0
Manufacturing,72011.40610700025,6,2,0.2732128375985514,18.0,0
SaaS,14882.033986043713,1,0,0.7143553712830648,41.0,0
E-commerce,51245.09657131093,2,3,0.2279345553193717,20.0,1
Healthcare,75459.3282749281,9,5,0.4219734344731793,36.0,1
E-commerce,11451.116797027493,1,1,0.748566462949957,45.0,0
Finance,246101.5340524656,2,3,0.1278455152393097,6.0,1
Finance,126036.84625169005,6,2,0.250032383610563,8.0,1
Finance,52994.64798181983,2,1,0.1085039076049888,6.0,0
Healthcare,75612.48618355003,4,2,0.2714407249837657,14.0,1
E-commerce,16526.623249405777,1,0,0.7379139092269476,143.0,1
Healthcare,132183.72703727023,2,3,0.2567974481348233,9.0,1
SaaS,23212.03714885529,2,4,0.2835271940231726,11.0,0
SaaS,258751.08443835843,0,0,0.3367640246804531,5.0,0
SaaS,17076.84744139676,1,0,0.8086094381729999,45.0,0
Healthcare,189706.05461593505,0,0,0.2436320952055067,22.0,0
SaaS,12024.11235654713,5,0,0.6976572405873015,67.0,0
Healthcare,199944.41026458997,1,3,0.1798893414871364,16.0,1
Finance,148614.60505787603,2,1,0.0728455335357462,25.0,0
Manufacturing,12104.49337372457,4,0,0.6894592018862357,31.0,0
Finance,55043.0345236345,1,1,0.2032605719905765,24.0,0
Finance,123009.64144208406,10,6,0.3679464464192857,19.0,1
E-commerce,88681.01954531056,2,1,0.3066209036130213,14.0,0
Healthcare,49801.586545641454,2,1,0.2623205746769054,14.0,0
SaaS,94478.57196368852,6,4,0.5371759849269132,24.0,1
Healthcare,55564.11227409976,2,1,0.1918802289559647,23.0,0
Healthcare,39571.63117750587,2,3,0.2054101219190081,36.0,1
Healthcare,65198.71046333496,7,6,0.2616938735468364,31.0,1
Healthcare,46884.338813499024,4,1,0.2934123728570663,24.0,1
Healthcare,93200.6280583456,4,0,0.1780097275934035,13.0,0
SaaS,17002.178684927894,3,0,0.7241038055883566,90.0,0
SaaS,44749.43650909068,2,2,0.1547522107467404,20.0,0
Manufacturing,60745.319206051536,2,1,0.0967848910337371,30.0,0
Finance,101089.1801346144,5,4,0.3269669509770525,18.0,1
SaaS,189887.7605700456,0,0,0.4105799377205666,6.0,0
SaaS,64883.48346504848,3,4,0.2743404947129406,7.0,0
Manufacturing,59751.65800266493,4,4,0.1468939763369268,17.0,1
Finance,15306.176401282632,3,0,0.2835271940231726,55.0,0
SaaS,115852.68505442438,9,3,0.2102028390866054,24.0,1
E-commerce,40644.73541948668,7,3,0.2492170315885287,25.0,1
Finance,75297.3263908848,2,2,0.1250537392334125,12.0,0
E-commerce,24649.963212637904,10,6,0.3449179635920296,31.0,1
Finance,107418.7286921639,3,1,0.2081661833399635,29.0,1
SaaS,40801.03940708999,4,2,0.266812789220934,25.0,0
Manufacturing,48686.70798162149,3,1,0.4156512191345836,20.0,0
SaaS,59472.10490002586,3,2,0.0966427080980759,17.0,0
Healthcare,38518.31487244924,2,1,0.1253764146039071,13.0,0
Finance,59817.43393783179,5,3,0.3418001577888491,16.0,1
Manufacturing,35373.96934354024,4,3,0.176753436983626,17.0,1
SaaS,238348.8849019101,1,0,0.0887444582988457,8.0,0
Finance,267510.96766158566,2,5,0.0758681306627606,3.0,1
SaaS,27441.968008625747,4,1,0.3775459035280667,15.0,0
SaaS,48750.42607490595,2,5,0.3128482166586904,23.0,1
Finance,94378.80667041671,3,1,0.0893542201857388,19.0,0
Finance,138084.80857059182,1,4,0.2445291569078167,1.0,1
Finance,143745.4883117951,4,1,0.3551601882840646,13.0,1
SaaS,11900.683096519668,2,0,0.832766260307156,39.0,0
SaaS,52221.77734955662,5,4,0.5467454777493863,18.0,0
SaaS,6780.0998354910125,3,0,0.4938675503644569,51.0,0
E-commerce,132484.3703413099,2,3,0.2920754318318168,27.0,1
E-commerce,308073.0265125516,0,0,0.2279031811403893,10.0,0
SaaS,203477.15881272007,1,1,0.2835271940231726,7.0,0
Finance,70794.62914988205,0,0,0.1000412492503398,20.0,0
SaaS,156589.38858514914,2,4,0.2007338953602428,6.0,1
Healthcare,17994.33576407608,0,1,0.6308820084749273,36.0,0
SaaS,31544.5550784628,4,3,0.1795411015817002,24.0,1
SaaS,181837.4071639834,1,1,0.141672468706425,17.0,0
Healthcare,92478.79342403416,5,1,0.2990057376180701,10.0,0
Manufacturing,153610.15810140112,2,1,0.0760055450834175,16.0,1
Finance,29810.155100970405,1,1,0.8372801121151562,74.0,0
SaaS,36226.79380480747,2,2,0.2130245460133403,13.0,0
Finance,319240.6598754336,0,0,0.1906403299274469,10.0,0
Manufacturing,42608.22449631716,5,4,0.3901601008074561,27.0,1
Finance,66026.35005648117,5,3,0.3222496054656661,29.0,1
Finance,379824.6525770834,1,2,0.1539091879945134,7.0,1
Healthcare,82119.01440105999,13,9,0.3878348739455786,33.0,1
Healthcare,24184.95182451205,2,0,0.4888377016468495,60.0,0
Finance,226436.46026696695,1,0,0.118068028498082,12.0,0
SaaS,265253.0746023974,1,2,0.1868474692794783,3.0,1
Healthcare,34735.17887024751,2,3,0.2791585276454366,27.0,0
Finance,36665.619021173305,5,4,0.2068092333332096,16.0,1
Healthcare,10537.63012315437,2,0,0.590641511989745,65.0,0
E-commerce,66158.08382541043,8,6,0.4034219163797213,22.0,1
SaaS,52125.25090517048,5,2,0.3265219594699688,19.0,0
SaaS,57410.783781686194,5,3,0.2292892339167063,30.0,0
SaaS,98486.52301400468,7,5,0.246914369943612,18.0,1
Healthcare,103551.23208448876,0,0,0.1220763737344099,8.0,0
Finance,254153.53198278093,1,2,0.343757029952505,7.0,1
Healthcare,19269.65225706061,0,0,0.7518197192100318,32.0,0
E-commerce,31690.194021477644,4,3,0.3250698192030633,9.0,0
Manufacturing,42142.152117143865,4,3,0.4856374537368068,29.0,0
SaaS,31105.398954999997,4,1,0.1982789820654796,19.0,1
Finance,15881.74315701211,2,0,0.5951266143405134,20.0,0
Finance,72535.78749894469,6,4,0.1766955401668992,19.0,1
Healthcare,74521.07051425232,2,4,0.1448307937112096,35.0,1
SaaS,33368.184504755925,1,0,0.1845993801543001,27.0,0
Finance,343878.3144226005,1,2,0.0916619103251162,0.0,0
Manufacturing,69623.64326894813,4,3,0.3830187178934067,20.0,0
Healthcare,37694.52538519052,0,1,0.1050436489499703,12.0,0
Manufacturing,26434.7652907609,1,3,0.4530222311842954,26.0,0
E-commerce,62288.89798317164,1,1,0.1210262753173372,12.0,0
E-commerce,59255.34993727786,4,0,0.3438877830739562,12.0,0
SaaS,108299.86061499488,4,7,0.5950115508417552,16.0,1
SaaS,63355.91741797248,2,2,0.4093872878487228,3.0,0
SaaS,67521.82667906044,8,9,0.2067323293594543,31.0,1
SaaS,31933.119236352788,10,2,0.2026500716229327,16.0,1
SaaS,56389.85321945072,3,1,0.1168093513324611,15.0,0
Manufacturing,16676.804080792233,0,0,0.5490159324081488,43.0,0
SaaS,50048.41591219321,4,1,0.3415469174081525,14.0,0
E-commerce,152776.28344329074,3,0,0.1534883276769159,15.0,0
E-commerce,80015.93685392886,0,0,0.0531025982513475,22.0,0
Finance,103853.8666421882,6,2,0.4329835139629402,23.0,1
Finance,42077.73764835268,7,6,0.3729950845561134,29.0,1
SaaS,49722.25331691424,2,6,0.1872324164268456,17.0,1
SaaS,126200.64503669324,1,2,0.1457859277755196,20.0,0
E-commerce,24909.967710411016,7,2,0.3028251375438918,17.0,0
Healthcare,52294.317574076165,9,2,0.2034270161281418,28.0,0
SaaS,46283.3511110971,5,1,0.1283506062635734,12.0,0
SaaS,88978.33566494372,2,0,0.1956520048517902,19.0,0
Finance,235174.51819681865,1,3,0.160346410244098,17.0,1
SaaS,51071.71300161959,2,1,0.2579547002576548,4.0,0
E-commerce,131807.59064357754,0,0,0.3185202353472818,22.0,0
Finance,15621.128250885766,1,0,0.4674945497519473,18.0,0
SaaS,31974.719675818036,1,2,0.3519648732391281,14.0,0
SaaS,36128.67358562203,6,1,0.2623980088451188,16.0,0
Finance,71177.08562845759,5,1,0.1274904686855152,7.0,0
Finance,260312.48569691693,0,0,0.1705126804907959,8.0,0
Manufacturing,71610.6987417608,2,1,0.1752784390209608,41.0,0
Healthcare,45970.0558474288,7,1,0.2835271940231726,16.0,0
Finance,45460.23114513392,10,8,0.5288425796819103,23.0,1
Finance,84443.28425261714,2,0,0.1859590225004722,17.0,0
SaaS,101066.01655304474,4,4,0.2898176081156172,16.0,1
SaaS,24578.937101033534,2,0,0.633347348393824,25.0,0
SaaS,16879.256852919483,5,3,0.1469414396492362,32.0,1
Finance,115249.7227018998,5,5,0.1420115428778701,17.0,1
E-commerce,23472.09278758952,4,3,0.1281144787140327,25.0,1
Healthcare,240552.78261876485,1,3,0.1245621350084221,2.0,1
Healthcare,85704.06530214736,2,1,0.4620328583993742,17.0,0
SaaS,75931.28957728403,10,3,0.357434906338335,16.0,1
Healthcare,197609.92096891545,4,7,0.2835271940231726,8.0,1
E-commerce,44054.89717316807,6,1,0.1832578240474915,12.0,0
Manufacturing,82176.96648411271,4,2,0.2052420763137832,10.0,1
Healthcare,152306.98090745244,5,3,0.3831160170500904,16.0,0
E-commerce,40619.37704408957,6,4,0.2582853875690487,19.0,1
E-commerce,145059.29614469607,1,1,0.2977810342288046,17.0,0
Manufacturing,53169.747946623385,0,0,0.1381242904263859,15.0,0
Finance,29546.81833900434,5,2,0.4133654927150955,16.0,0
SaaS,21913.596555126333,2,0,0.2205695745504209,22.0,0
Healthcare,136539.66199587955,4,3,0.2939300917223019,24.0,0
E-commerce,65286.64132453206,1,2,0.1256629035244966,1.0,1
Finance,133411.3404726234,2,1,0.1468674728809644,17.0,0
SaaS,22387.93963541564,9,6,0.4080696218241164,20.0,1
Healthcare,17204.753241295595,4,0,0.6866643666500246,24.0,0
Healthcare,48261.63403687449,6,3,0.3088395223511584,12.0,1
SaaS,124561.38377003948,1,0,0.3153528743758875,13.0,0
E-commerce,36451.27080051305,6,3,0.2111458415384301,12.0,1
SaaS,47223.28138658623,1,1,0.2784011469148791,20.0,0
E-commerce,127169.86450388744,7,7,0.2986651175456513,30.0,1
Healthcare,16237.330346020726,6,3,0.185491695108019,15.0,1
SaaS,124125.79966886736,1,2,0.1356815260231663,1.0,0
SaaS,159885.23715813758,6,5,0.1820842921477701,17.0,1
Finance,167626.9337686985,2,1,0.3028707509015468,7.0,0
SaaS,48354.53767149123,5,2,0.4783099704054636,7.0,0
SaaS,144365.87105106484,8,10,0.2835271940231726,16.0,1
SaaS,245991.21578348355,1,7,0.1384478627383052,5.0,1
SaaS,12305.81578884212,0,0,0.7851735227412081,48.0,0
SaaS,63319.85385977266,2,2,0.2835271940231726,19.0,0
Finance,84918.13530225218,1,0,0.3932687787206643,19.0,0
Finance,50735.10326711789,3,2,0.1124651783706343,9.0,0
SaaS,15287.47661318625,1,1,0.8766278405768253,39.0,0
Healthcare,76845.15717731214,2,1,0.093986450518711,13.0,0
Finance,53813.68162833955,1,1,0.3042420741860455,6.0,0
Healthcare,19886.845122793777,4,2,0.2163450537021461,5.0,0
SaaS,78007.21105057819,2,0,0.2014661180030136,7.0,0
Healthcare,60634.21280860437,4,3,0.2998840879607549,15.0,1
SaaS,14983.208755219435,6,8,0.1889246355506798,41.0,1
SaaS,16272.51394689261,2,0,0.7817712727460864,61.0,0
Healthcare,118456.52815371992,2,0,0.2232331261950826,9.0,0
E-commerce,45771.63924471862,5,3,0.2333720931843792,30.0,1
SaaS,23289.74399168704,6,8,0.3015651585948402,31.0,1
SaaS,176208.06833864897,3,3,0.196884533500095,4.0,1
SaaS,57241.45530074379,4,2,0.2675889653109475,30.0,0
Finance,53186.03370146338,6,3,0.2205914527833433,22.0,1
SaaS,35958.88235504407,4,2,0.1590581112505167,20.0,1
Healthcare,43085.66512592582,5,2,0.1740885222823774,14.0,0
Manufacturing,243748.65330064791,0,0,0.1429182250213139,12.0,0
E-commerce,61265.806020469136,3,0,0.2675621019792383,16.0,0
SaaS,298770.0075313108,2,3,0.4976299483569948,2.0,1
Healthcare,60958.44188181123,4,3,0.2128358053750647,22.0,0
Finance,172536.21289745334,1,2,0.3183848957614306,3.0,1
Healthcare,87920.07031285933,1,1,0.1235723960761867,16.0,0
SaaS,25662.63552078631,0,0,0.0672820732385721,34.0,0
Healthcare,75095.82999984612,7,1,0.2554862573166149,15.0,1
SaaS,246695.3955550708,0,0,0.3652072347387885,4.0,0
Finance,10348.898622363688,1,0,0.6663047105411839,29.0,0
Manufacturing,15272.48755822207,0,0,0.8799066964677968,39.0,0
Finance,54548.89559626857,3,3,0.2157237782249882,11.0,0
Manufacturing,32090.5099025902,1,1,0.0626524723376158,17.0,0
Manufacturing,47198.19928304587,4,2,0.2827908393583294,10.0,0
SaaS,18006.51833098596,2,0,0.7307946655412829,16.0,0
SaaS,170339.1252908001,0,0,0.083416158760457,3.0,0
Healthcare,219517.82217575176,1,1,0.2864624655216208,8.0,0
SaaS,17104.283400987588,4,5,0.2335717901680778,24.0,1
Healthcare,49773.83273474358,3,3,0.4778778151521564,7.0,0
Healthcare,91066.13541224516,3,1,0.2936345946862226,18.0,0
SaaS,51120.86427881629,3,0,0.1925563691289068,31.0,0
SaaS,95600.00136662272,0,0,0.1414548008778248,13.0,0
SaaS,183748.5080720065,2,6,0.1955962247648274,3.0,1
Healthcare,67986.91268478915,1,0,0.2908402426244177,18.0,0
Healthcare,27183.81414053092,0,0,0.0601662115948788,41.0,0
Finance,47090.10091506216,7,1,0.2128675788341465,13.0,0
Finance,422877.235559035,1,2,0.3706089093833148,22.0,1
Healthcare,419288.0046179523,2,1,0.2403599893651927,0.0,1
Finance,19577.803332218777,1,0,0.422758700773477,27.0,0
Finance,116194.98790966926,0,0,0.1148609860384603,12.0,0
E-commerce,12150.045218724532,1,0,0.6762882474027678,34.0,0
Finance,82027.54230718571,3,5,0.4271350691783022,9.0,0
SaaS,277792.10696236795,2,5,0.2611854769163175,5.0,1
Healthcare,397892.3698020277,1,2,0.272184396298645,4.0,1
E-commerce,96436.57690859635,3,2,0.2921916269764354,10.0,1
SaaS,34489.62451407079,5,3,0.2815138128228621,15.0,1
Healthcare,72926.15238471933,1,1,0.0725902627194319,12.0,0
SaaS,16764.036936986304,0,0,0.560746005728,34.0,0
Healthcare,194737.5451171405,5,3,0.3213857677913972,19.0,1
SaaS,12084.58365425191,0,0,0.7573191447237735,45.0,0
Finance,71619.35840243804,1,1,0.0511500866762908,17.0,0
Manufacturing,225834.94424151175,1,3,0.2341832182994884,8.0,1
Healthcare,367540.0097816388,2,2,0.4876294981533544,3.0,1
Healthcare,34678.65381665195,4,3,0.269558905708833,20.0,1
SaaS,63490.26725864164,6,2,0.2438817793451123,22.0,1
Healthcare,89213.50230616007,2,1,0.2136749301339386,15.0,0
E-commerce,8183.688628238685,2,0,0.6702322274440917,37.0,0
SaaS,13352.22805658186,2,0,0.6421230223093123,28.0,0
SaaS,75959.97709624114,7,3,0.2026884304462216,15.0,0
Finance,137708.33623168877,6,5,0.2719773239448894,20.0,1
E-commerce,44893.320782844734,2,0,0.1746088923933395,9.0,0
SaaS,33069.435287705215,4,4,0.1196982562890694,22.0,1
Finance,187880.89992893787,1,3,0.1439048848947477,3.0,1
Finance,142542.95947722133,1,0,0.117245388180727,10.0,0
Healthcare,17992.331580895298,1,0,0.7927851438370195,50.0,0
Manufacturing,187757.31722525525,2,5,0.2835271940231726,6.0,1
Healthcare,54798.9508977893,2,2,0.2701675812973891,9.0,1
SaaS,41778.366039658446,2,1,0.1833993760088998,7.0,0
Finance,305893.6656422483,3,5,0.4409084803422915,5.0,1
Healthcare,27293.0545050198,1,0,0.7484791830634631,37.0,0
SaaS,24909.412384389103,1,2,0.2436089600551017,21.0,0
Manufacturing,27702.852998870952,3,0,0.191295783236839,14.0,0
SaaS,17561.83318719366,3,0,0.7375302900681993,17.0,0
E-commerce,268682.02088359895,3,8,0.4827179278623812,3.0,1
SaaS,176916.59400943934,2,5,0.4199269081016192,6.0,1
Finance,19593.612673414453,5,3,0.3157835917813853,18.0,1
Healthcare,95978.8093678234,3,2,0.148872315242247,13.0,0
SaaS,45993.915756826565,3,1,0.3679307492746529,19.0,0
Manufacturing,150366.742565618,11,5,0.2835271940231726,23.0,1
E-commerce,33829.79238828168,3,1,0.2444981047685712,7.0,0
Finance,259915.76144351013,2,3,0.0793253473068009,6.0,1
Finance,103031.14659095228,0,0,0.0723209979747545,4.0,0
Finance,36597.244732650215,3,0,0.2676843352494785,11.0,0
Manufacturing,43020.80855846505,6,1,0.1658678054311922,26.0,1
E-commerce,55760.19579824158,4,1,0.2381227148261668,17.0,0
E-commerce,74860.99041182527,4,1,0.0901705651108086,22.0,0
Healthcare,133853.4745869156,3,5,0.3782227571128009,37.0,0
SaaS,213674.21269200885,3,6,0.3700517045666616,9.0,1
SaaS,310705.46942052426,1,3,0.3108214734443945,7.0,1
Healthcare,208220.2329144857,0,0,0.2294738048573383,4.0,0
SaaS,242992.02202872443,5,5,0.5425295325831578,6.0,1
Finance,69399.09877408751,1,0,0.4347477507055316,11.0,0
Finance,196049.18412554756,3,4,0.2341060972677604,10.0,1
E-commerce,379592.46039675584,2,2,0.2849982514949922,4.0,1
E-commerce,81167.89321578169,3,1,0.386976531387701,5.0,0
Healthcare,13169.68597712832,3,0,0.5900388966801581,27.0,0
SaaS,77491.86542599901,2,3,0.3128799303839663,8.0,0
Healthcare,61764.4897048132,1,4,0.36730304935914,12.0,0
SaaS,56602.6370881482,8,4,0.1715148793461117,27.0,1
E-commerce,86089.86708376677,13,5,0.3125022413553086,31.0,1
E-commerce,348562.64601565024,0,0,0.2560635556425469,3.0,0
SaaS,202852.0870519312,1,1,0.2613698796422955,13.0,1
Finance,50108.17125446648,8,7,0.3222216645399994,33.0,1
Healthcare,22387.433080588005,1,2,0.040604072570005,8.0,0
SaaS,54815.47087239671,12,2,0.3335284477164739,13.0,1
Healthcare,18213.532954763963,1,0,0.7227295985186198,42.0,0
E-commerce,31159.67191383248,2,2,0.1692690508322348,28.0,0
Healthcare,42206.91884996937,1,0,0.3147250601496946,15.0,0
Finance,115663.7049897566,2,1,0.0587231131750608,12.0,0
Healthcare,171937.47493552216,2,2,0.3094209963169125,3.0,0
Manufacturing,25637.900958370166,3,0,0.1356978572252243,20.0,0
Finance,192683.8793463461,10,5,0.2480419241872591,17.0,1
SaaS,20711.435984564898,4,1,0.2983521221298416,26.0,0
Healthcare,256168.66740485505,1,2,0.4595005115584059,7.0,1
Finance,38378.044038264365,7,7,0.4145030477102303,26.0,1
SaaS,161550.3155896322,0,0,0.2158105016731298,3.0,0
SaaS,14747.915261204587,0,0,0.6589941092210571,52.0,0
SaaS,41881.12146724367,5,5,0.4279144079268268,32.0,1
E-commerce,12056.93905563694,0,0,0.7620046097104478,33.0,0
Healthcare,58683.10439629165,3,1,0.2197687022397388,5.0,0
Finance,140026.7634582145,1,1,0.1740102509953039,18.0,0
Manufacturing,81149.29076096974,1,0,0.1943508015633031,12.0,0
Healthcare,49675.519570427736,5,5,0.2621547003367057,17.0,1
SaaS,77431.19208047728,0,0,0.034091327601373,18.0,0
E-commerce,203511.32309814767,1,2,0.0159969416614042,5.0,1
Healthcare,85359.17273326525,1,2,0.0515807164848835,8.0,0
SaaS,16018.173195455518,2,0,0.3856358812763083,26.0,0
Finance,114476.7332225992,4,1,0.3711806804753804,14.0,0
Healthcare,22334.81087853943,2,0,0.7262858870877964,42.0,0
Finance,181993.96434050504,5,2,0.3017422222591659,34.0,0
E-commerce,122996.5718015453,2,0,0.2369315580942687,16.0,0
Finance,17056.500573723522,2,1,0.1049406332780903,27.0,0
SaaS,22295.68483424804,3,2,0.2658896499116959,9.0,0
Manufacturing,30169.76646310744,9,3,0.3981364380447699,26.0,1
SaaS,74908.66740204998,3,1,0.2030421061588316,23.0,0
SaaS,21063.04823960671,3,1,0.2010873831158985,26.0,0
SaaS,44390.167859590525,4,4,0.1931544525231627,9.0,0
Healthcare,76864.55285615436,1,3,0.2923829843250381,25.0,0
SaaS,115895.9287101529,2,1,0.4683230693806334,23.0,0
SaaS,12600.304508513838,2,0,0.6834198756499928,60.0,0
Manufacturing,159061.4027759704,0,0,0.1782953517626161,4.0,0
Manufacturing,110419.40610095022,4,2,0.2412213314303245,18.0,1
E-commerce,89851.19475569336,3,2,0.2961411675552781,14.0,0
E-commerce,201034.546568947,3,5,0.2661135181958586,10.0,1
SaaS,205502.3479833912,1,3,0.0888110088260369,8.0,1
SaaS,16600.46128066235,2,0,0.2835271940231726,44.0,0
E-commerce,51299.223396162924,1,1,0.2424007871549323,17.0,0
Healthcare,45628.40783946209,2,1,0.2375485912120801,18.0,0
Manufacturing,71686.7848843092,2,3,0.1818865447572901,37.0,1
Healthcare,111707.02751876946,5,2,0.1825393463977633,37.0,1
SaaS,53828.56572669937,0,3,0.261587774561925,11.0,0
SaaS,65712.32316317632,2,1,0.0911879483482161,24.0,0
Manufacturing,7742.1017777146,1,1,0.5423796029668905,36.0,0
Finance,14055.704382793578,1,0,0.7470334298028821,55.0,0
SaaS,96524.76770739663,2,2,0.1876702779413722,35.0,1
SaaS,24895.58785995951,1,3,0.3769376386886311,12.0,0
Healthcare,22797.5546272229,2,2,0.1805653904225563,39.0,0
E-commerce,16386.574429126296,2,0,0.5347568905455583,27.0,0
SaaS,43956.2820163244,16,12,0.3652708240655227,37.0,1
SaaS,12130.98966198222,1,1,0.6133978904113281,74.0,0
Healthcare,438595.2371507553,4,8,0.4471362861923093,20.0,1
SaaS,38095.83366923156,2,1,0.1258656223057731,21.0,0
SaaS,47040.37819109863,2,0,0.1460357904548692,22.0,0
Healthcare,24360.22216426614,10,4,0.2163955118203489,15.0,1
Finance,80571.72852015922,3,2,0.1999625694478213,13.0,1
Manufacturing,57297.78876717429,10,5,0.2944145667833874,21.0,1
SaaS,67960.6349225768,5,2,0.238076585682134,19.0,1
SaaS,232060.169587778,2,4,0.3898867001265978,5.0,1
Healthcare,303087.75226766005,2,0,0.2221054410923566,5.0,0
Healthcare,14052.548801701929,1,0,0.4876539345672004,40.0,0
Healthcare,15071.386294705731,5,5,0.2559553938074018,34.0,1
Healthcare,289326.3247653684,3,7,0.3086959284470429,4.0,1
SaaS,94720.586807381,5,6,0.2466041928307809,17.0,1
SaaS,43736.52488192124,2,1,0.169110634168545,10.0,0
SaaS,39097.93172139408,0,0,0.0718532724211287,10.0,0
Finance,264051.28410461685,1,1,0.1591065455232756,11.0,0
SaaS,16273.563816090258,3,0,0.4876712228466168,66.0,0
Finance,33394.28125700984,6,8,0.1431715697732429,23.0,1
Finance,11162.873297260454,2,0,0.6346501400998436,17.0,0
Manufacturing,10179.903311536562,0,0,0.7283459165755185,23.0,0
SaaS,144801.34201191532,2,2,0.4529496043741803,9.0,1
SaaS,176738.1854131326,0,0,0.1680776949323524,3.0,0
Healthcare,16386.4418361142,3,0,0.8351116054123312,73.0,0
Manufacturing,20046.207565301364,6,3,0.2322889822244955,24.0,1
SaaS,22273.77590493163,1,1,0.4185342742646762,17.0,0
E-commerce,30559.6897426673,4,1,0.4550356449004019,17.0,0
Healthcare,373636.0698702619,0,0,0.3623387943658365,4.0,0
Manufacturing,23017.88616552407,6,4,0.3827197214494504,11.0,1
E-commerce,16318.723041496138,6,3,0.4427101593786457,12.0,1
E-commerce,114192.81148277434,3,0,0.4585626103916589,8.0,0
Finance,46047.90633337838,4,3,0.4750528085700712,13.0,0
Healthcare,217402.71520260887,2,4,0.5733970895464153,8.0,1
Healthcare,84439.28447568206,2,0,0.1453398077651449,8.0,0
Healthcare,95874.53780108436,6,1,0.3009774167557297,29.0,1
E-commerce,153962.0318858062,5,2,0.302212181472379,10.0,1
Finance,13346.283649379013,1,0,0.4176309949740425,31.0,0
Finance,59455.30348715239,4,2,0.3374493365629573,15.0,0
Healthcare,209960.7357312447,2,3,0.2809534160071974,22.0,1
Finance,35699.71798343864,3,3,0.2274977269699036,10.0,0
Finance,126482.57615073417,4,5,0.135190446948733,20.0,1
E-commerce,134164.03005587822,1,0,0.1198758220531367,5.0,0
SaaS,47212.4578467354,8,5,0.5542095903124624,21.0,1
Finance,139139.50624071332,0,0,0.0432741989772767,24.0,0
Healthcare,97337.1301483219,1,2,0.0625328993425613,13.0,0
Healthcare,18129.2176117032,0,0,0.6446314989430868,64.0,0
Finance,183652.5713526812,5,5,0.1310048427863244,17.0,1
SaaS,22389.004936674726,6,5,0.3326111785754593,27.0,1
SaaS,9229.940818629218,5,0,0.2680189968084343,5.0,0
SaaS,50144.261919384415,10,7,0.5000755031055235,25.0,1
SaaS,141792.6013015397,7,6,0.3158297257248295,35.0,1
Finance,65272.25858132848,3,3,0.0651692343542696,16.0,0
Manufacturing,211691.81989426663,2,3,0.3678629084062021,5.0,1
E-commerce,27493.75248124469,4,4,0.2403176099048211,17.0,1
Manufacturing,47083.2708881859,7,4,0.3393517568082546,17.0,1
Finance,195212.8260136457,4,0,0.2681583159195241,7.0,0
Manufacturing,97596.7613669792,6,5,0.1492187124633939,21.0,1
E-commerce,11442.76770305178,1,0,0.5138421736888464,36.0,0
E-commerce,36152.97259013236,4,1,0.0904373399744767,31.0,0
Finance,94669.0922000931,6,5,0.1593181217722855,23.0,1
SaaS,91769.60533541068,5,6,0.5008021293824959,2.0,1
Manufacturing,10045.668899467217,1,0,0.5684391836639533,26.0,0
SaaS,84045.78087339166,1,0,0.1737701807570887,35.0,0
SaaS,267744.2194794044,7,12,0.3739035273163184,8.0,1
Manufacturing,117535.18766155402,3,1,0.3951575975652784,3.0,0
Healthcare,14428.621530932149,1,0,0.66361807297523,41.0,0
SaaS,52812.730107182106,11,8,0.4246138473380465,19.0,1
SaaS,205436.38703379311,3,3,0.4024979499996136,12.0,1
Manufacturing,70851.54528763014,6,1,0.2768763401546366,21.0,0
Finance,42907.81617348098,13,6,0.4969368505102853,20.0,1
SaaS,78633.31255618112,7,5,0.3943912345108922,25.0,1
SaaS,194670.85219338743,1,0,0.1302105386536175,13.0,0
E-commerce,33000.93515037705,1,1,0.512392750470972,12.0,0
SaaS,76023.65134792736,4,2,0.2551218633767013,27.0,1
Manufacturing,344724.65550399333,0,0,0.1919179186756007,7.0,0
Manufacturing,40919.86441123053,7,0,0.157187339197357,16.0,0
Finance,109758.76204041752,0,0,0.0599823624595564,8.0,0
Healthcare,30644.70296085098,3,0,0.8575123048693685,27.0,0
Finance,218479.27948739016,5,1,0.2835271940231726,31.0,1
Healthcare,322106.2638482944,1,1,0.2587144678197414,17.0,0
SaaS,46470.89064172328,3,2,0.3707025207710167,17.0,1
Manufacturing,32655.09844783329,2,2,0.5610708518115921,12.0,0
E-commerce,52095.17471161215,4,3,0.2033073366670465,25.0,0
Finance,376890.2248887256,1,1,0.0851534940515422,7.0,1
Finance,11006.268242970413,0,0,0.5590322970144036,58.0,0
SaaS,51730.97615061447,9,2,0.2389696285691348,13.0,1
SaaS,35092.524029305394,1,1,0.109058518857264,10.0,0
Healthcare,21917.814567047782,1,0,0.2414474704910435,10.0,0
E-commerce,12024.735356540165,1,0,0.4931286620612103,28.0,0
Manufacturing,191722.28001429536,1,1,0.1299548161084032,2.0,0
Healthcare,88453.40780730885,5,1,0.3049600377078659,12.0,1
E-commerce,51183.85767445956,2,2,0.1950075248085009,20.0,0
Healthcare,98005.03997656284,0,0,0.2541149982144671,4.0,0
SaaS,25740.89735169451,7,10,0.3187812083936439,28.0,1
SaaS,45392.15869701338,2,2,0.197194279317396,30.0,0
Finance,264802.9696652765,0,0,0.1862934136061767,3.0,0
Manufacturing,11817.02919471227,2,0,0.7419777422629035,43.0,0
SaaS,76079.54531132468,3,3,0.2527026080852061,25.0,1
SaaS,21955.10027203197,11,5,0.3785712059599513,29.0,1
Healthcare,75529.01542060217,3,0,0.2036102956177019,6.0,0
Finance,72415.78125867815,7,4,0.2949882290495508,19.0,1
Finance,328096.92814864387,3,5,0.2705213872865037,3.0,1
SaaS,20083.229654476483,5,2,0.3781382993697561,15.0,1
SaaS,51869.198030990985,2,2,0.2374147225422708,22.0,0
Healthcare,70897.4218612957,6,4,0.1846919156037101,16.0,1
SaaS,180442.405255498,2,2,0.1541098902924831,3.0,1
SaaS,32623.66129541059,7,5,0.3563892216450153,15.0,1
SaaS,21137.534650482357,6,2,0.1706912420527476,8.0,0
SaaS,21637.33606842877,4,4,0.2534094800756817,19.0,1
Manufacturing,32200.89928423655,6,8,0.163779848408038,31.0,1
SaaS,40308.71821180776,3,3,0.2835271940231726,13.0,1
SaaS,228872.2357672451,1,2,0.2273822377329145,9.0,1
Finance,21531.316609965037,2,0,0.2100249074100969,15.0,0
Healthcare,56202.99993646812,3,3,0.2919486054279905,30.0,1
Finance,93174.4035974716,6,3,0.1748390999388321,15.0,1
SaaS,52819.558907959086,1,1,0.2969447956455945,8.0,0
Finance,19637.806519807804,2,1,0.6145278476294731,25.0,0
Healthcare,18949.793145680767,5,5,0.3873855289533483,19.0,0
E-commerce,221954.60310319532,1,1,0.2654473174770624,2.0,0
Healthcare,54668.21807074366,1,4,0.4169040402563072,11.0,0
Finance,18471.05257776253,4,1,0.2789428917796697,17.0,0
Finance,357389.75510905526,3,3,0.3306493076227169,8.0,1
E-commerce,174639.8877003207,1,1,0.2626153735441638,3.0,0
Finance,203521.15991059304,1,3,0.2429739172942336,5.0,1
SaaS,47667.65343641951,6,1,0.5345490305681494,13.0,0
SaaS,66122.89329996578,6,3,0.3251494923934514,12.0,1
SaaS,247672.327362074,3,6,0.3330977132409927,8.0,1
SaaS,239269.1683138113,3,5,0.6676173301646835,12.0,1
E-commerce,145621.8191547451,6,6,0.3323413398928914,35.0,1
Finance,176653.90116493116,1,0,0.1665279055765209,13.0,0
Healthcare,399233.474330702,2,2,0.2802029326285443,7.0,1
Healthcare,59280.476212354384,8,4,0.4879590360350148,21.0,1
Finance,32365.55742617613,1,0,0.087199948949441,6.0,0
Healthcare,38720.080105861234,5,4,0.2991164141559931,14.0,1
Healthcare,61720.35270835586,4,3,0.3039567096796899,8.0,0
SaaS,25838.352142820168,8,4,0.2788219516362702,23.0,1
SaaS,121861.24072726013,1,2,0.2203673289804339,11.0,1
Healthcare,18752.930393772254,1,1,0.4967512397068347,43.0,0
SaaS,46361.63801294213,5,4,0.1047931962266148,7.0,0
Healthcare,73476.23419950587,2,5,0.347136005568804,18.0,0
Healthcare,95110.8045077173,1,1,0.1365775593933092,39.0,0
SaaS,47188.34873070265,4,1,0.3441062358033661,15.0,1
Finance,112991.57069180017,0,0,0.1832689978648557,13.0,0
Finance,152503.30242026004,4,1,0.1729648711884205,15.0,0
Healthcare,76480.84554170947,2,2,0.4050161373696572,12.0,0
Manufacturing,38615.47977765246,9,5,0.4072549093653298,26.0,1
SaaS,123493.55183360152,7,5,0.3053054975724943,35.0,1
Finance,49817.65794514854,1,0,0.1979273785670433,21.0,0
E-commerce,21477.094471504304,6,3,0.2143259156646593,10.0,1
SaaS,195853.9962638537,14,5,0.2942156203765032,21.0,1
SaaS,78972.66903680861,5,3,0.15808668299004,18.0,1
E-commerce,14147.900969048942,1,0,0.8377384543381332,43.0,0
Healthcare,75471.36050278638,5,4,0.2411337003639307,16.0,1
Finance,79726.18669923498,6,3,0.1102464052245925,18.0,1
SaaS,51536.81697218035,4,1,0.2632046585263936,10.0,0
SaaS,67279.76537407596,8,4,0.2974721094110477,28.0,1
SaaS,58801.97485236394,6,1,0.3266502576118021,17.0,1
SaaS,44897.6099458915,1,0,0.2300582084575144,17.0,0
Manufacturing,29981.7403057255,8,3,0.4427461284635178,25.0,1
Manufacturing,264507.489363684,0,0,0.1260750545700832,5.0,0
E-commerce,80778.95447436713,2,4,0.4597486090239948,24.0,0
E-commerce,104672.47646175943,4,1,0.1849731807106903,11.0,0
Manufacturing,7312.843629765838,0,1,0.8819884574491993,41.0,0
Finance,41249.10750163213,10,5,0.3738988196326652,49.0,1
Healthcare,63645.19096102846,2,2,0.2129893752908818,21.0,1
SaaS,73409.64932272302,4,5,0.2898353506145576,31.0,1
E-commerce,47139.82061028704,14,14,0.6618814867423518,32.0,1
SaaS,12337.00411069443,1,0,0.6548814626669123,65.0,0
SaaS,55298.24742216649,2,4,0.1241870016607818,24.0,0
Finance,62024.11226391855,5,1,0.3519653470785351,5.0,1
Healthcare,9014.849608740764,3,0,0.4971590280482379,78.0,0
SaaS,150785.7247085425,3,3,0.3475495009309266,6.0,1
Finance,81198.73106966451,8,7,0.4317224780307088,22.0,1
Healthcare,54945.1995524544,8,6,0.3787106501533969,24.0,1
Healthcare,190837.06129729515,1,0,0.0610634221921378,36.0,0
Healthcare,37265.241915194514,10,6,0.2835271940231726,41.0,1
SaaS,16162.846396941884,0,1,0.6643013785939897,28.0,0
Healthcare,17422.11000083201,1,0,0.7047636833850244,27.0,0
SaaS,47715.54810691405,7,4,0.3526248911003506,24.0,0
Finance,35596.04660888368,3,3,0.1811020549304642,13.0,0
E-commerce,235499.8227149653,2,4,0.1952271328826593,6.0,1
Healthcare,28186.968089157708,2,2,0.1176129464097472,18.0,0
SaaS,51909.67169169236,3,3,0.1728809907143946,10.0,0
SaaS,32505.473576382054,5,3,0.2420006320465124,19.0,1
Finance,29817.220194243597,4,2,0.3314589069559872,13.0,0
E-commerce,47265.64469323959,3,3,0.4626601502173109,12.0,1
SaaS,91221.10734699988,3,4,0.6798634199501243,23.0,0
Healthcare,214956.5528154967,6,4,0.325815127859162,7.0,1
Finance,29856.910870114985,1,0,0.6363283443796139,43.0,0
Manufacturing,35520.644926634515,3,1,0.4212554358566588,25.0,0
E-commerce,299018.98967867106,1,1,0.3092591018020477,2.0,0
Finance,81949.719585374,10,9,0.4749386482781151,35.0,1
Healthcare,268929.4155638219,3,6,0.3099800624050571,5.0,1
E-commerce,16898.453425371772,3,0,0.7678178520828112,53.0,0
SaaS,256251.180043334,1,2,0.2655810723651449,8.0,1
E-commerce,29853.19593286676,13,7,0.3437187490511256,21.0,1
Healthcare,22885.945201106013,3,2,0.1285781066605941,18.0,0
SaaS,13244.769357001793,4,3,0.1476925527136677,14.0,0
Healthcare,73694.12865181736,3,0,0.197321262733985,11.0,0
Finance,37639.19271398569,1,0,0.1621863307128404,19.0,0
SaaS,26837.077864561536,1,2,0.1126390439833731,12.0,0
Manufacturing,49850.82556162765,5,1,0.2573724491447678,18.0,0
Healthcare,83661.54482366038,7,5,0.2835168906390333,19.0,1
SaaS,20506.720163546383,5,3,0.2835271940231726,6.0,0
SaaS,64086.71126708247,1,2,0.0928772356451545,10.0,0
SaaS,79412.5583211279,2,2,0.4570549170008625,12.0,1
E-commerce,67310.46371530146,12,10,0.3096323334261096,27.0,1
E-commerce,105625.2159127352,7,3,0.2485129555379336,21.0,1
Finance,200954.09495805492,1,3,0.176753839924202,8.0,1
Manufacturing,22811.06847510737,4,4,0.1866985149520807,11.0,1
E-commerce,289362.6489184125,1,1,0.0878263161962451,5.0,1
E-commerce,18698.594682636885,7,4,0.288755497023871,25.0,1
SaaS,26667.22223047836,3,1,0.2368805304988134,20.0,0
E-commerce,31367.64584112809,4,2,0.2637353306617438,23.0,0
Finance,214468.93913479985,1,1,0.1053361127679216,5.0,1
Healthcare,87309.67287684193,2,6,0.1822258260666251,3.0,1
E-commerce,278137.37135662354,0,0,0.2557822758620814,6.0,0
Finance,45858.08278629681,0,1,0.1862929261935022,15.0,0
Finance,118582.44748242258,1,1,0.2087902952269185,17.0,0
E-commerce,35975.493129232695,4,2,0.2323551257660914,31.0,1
E-commerce,26200.13061878999,6,7,0.3418310638542203,18.0,1
Finance,25672.997168187096,5,2,0.3034732944595421,14.0,0
E-commerce,10529.041219591849,0,0,0.6029316809103766,37.0,0
SaaS,180959.38730104256,1,3,0.0930114539313157,15.0,1
SaaS,192143.89062838917,2,0,0.2835271940231726,1.0,0
E-commerce,74025.7317493314,3,0,0.2321557677884059,11.0,0
Healthcare,116561.70699618044,7,3,0.1824338243315711,17.0,1
Finance,81741.874703502,3,1,0.2793173969621471,10.0,1
Healthcare,21925.838592456945,2,0,0.8059975082817901,38.0,0
SaaS,29617.87699620276,3,2,0.5065175396870449,12.0,0
SaaS,108582.53227412672,5,2,0.3127533687302481,22.0,1
E-commerce,180969.42825737176,3,5,0.3499354324316459,8.0,1
E-commerce,48965.36195186908,11,4,0.3936582462889951,20.0,1
SaaS,12248.468754677931,1,0,0.8734243484595324,31.0,0
E-commerce,273019.0128991475,1,2,0.1326051454201551,7.0,1
Finance,40216.57645332675,6,8,0.2322964285101013,41.0,1
Finance,16363.026771305584,4,0,0.8431371984838554,40.0,0
E-commerce,13653.776655398498,10,3,0.4057761384316563,30.0,1
Finance,60579.283618835616,0,0,0.2835271940231726,26.0,0
Finance,375207.24330380553,2,1,0.307116447724031,26.0,1
SaaS,76783.36459581743,6,1,0.2055710985494362,13.0,1
Healthcare,123976.722415611,4,2,0.1865743926107307,14.0,0
E-commerce,11149.322556971774,5,0,0.588912869592017,32.0,0
Healthcare,144588.43929706994,2,2,0.1657674405204723,13.0,0
Finance,45509.96725409998,3,2,0.2171713200809369,15.0,0
Healthcare,310495.51942046924,4,5,0.3919958786698168,8.0,1
SaaS,76910.11048803222,4,1,0.3979946072567959,16.0,0
Healthcare,69319.8579915268,1,0,0.1547847873642094,29.0,0
SaaS,36954.41030096418,2,0,0.425085035933421,5.0,0
E-commerce,51529.842698292894,14,5,0.2992361541080132,22.0,1
Manufacturing,53475.7392898369,4,3,0.2999891505167448,11.0,0
Healthcare,48680.75119176686,2,1,0.1024577124213029,10.0,0
SaaS,61734.05265653228,2,2,0.4004875332070435,24.0,0
SaaS,37982.86041365424,3,1,0.4224517184743959,9.0,0
Manufacturing,53865.64965757722,2,0,0.187296164434761,9.0,0
Manufacturing,35836.62715950647,2,3,0.2445873309808614,26.0,0
Finance,201105.56802516585,0,0,0.3503595419979011,5.0,0
SaaS,49501.57580059104,4,0,0.2104530540069539,16.0,0
Healthcare,57048.12393606573,5,4,0.2547222150926178,26.0,1
Finance,146172.0232104772,10,3,0.2373733596522883,16.0,1
Finance,126574.4661692369,3,0,0.1813700788179508,30.0,0
SaaS,43638.96789513674,3,1,0.1259751282459579,4.0,0
SaaS,70646.63068289746,2,4,0.095941210431058,15.0,0
Finance,171184.29531800564,0,1,0.2443332652973803,19.0,0
SaaS,60846.00803430897,8,3,0.2854187020648511,24.0,1
Healthcare,28816.763722485757,3,1,0.3007078412382789,48.0,0
SaaS,69340.52180407666,4,6,0.2343558729240601,28.0,1
Healthcare,85520.65457134575,2,1,0.095131266380468,7.0,0
Finance,53201.50691770922,7,4,0.229866663231959,12.0,1
Healthcare,12607.305919892216,0,0,0.8626819902261089,18.0,0
Finance,360000.48253491416,5,9,0.4548710642882393,13.0,1
SaaS,11236.885742064787,1,0,0.7343375314356503,19.0,0
Finance,54521.10659687558,8,5,0.2971942919894199,15.0,1
SaaS,8612.588640530037,1,0,0.590789927134032,38.0,0
Finance,74305.49727795903,4,6,0.1853892482724803,28.0,1
SaaS,284689.9523376772,1,1,0.3398937464156433,17.0,1
E-commerce,23241.040878651704,5,4,0.1990098940540889,17.0,1
Finance,43275.389401286615,0,1,0.3936645471970555,22.0,0
SaaS,83463.57421906047,0,0,0.0712263215733473,18.0,0
Finance,60320.83121309217,3,2,0.0580957156618781,15.0,0
SaaS,11174.42123934464,2,0,0.5666696786766203,38.0,0
Healthcare,71662.89782794048,6,6,0.2229854723899011,20.0,1
SaaS,156881.6562137996,1,2,0.2776524862659629,7.0,1
SaaS,105472.02241976686,3,4,0.1338788511043624,31.0,1
Manufacturing,43562.57102958595,2,2,0.2530329307352256,18.0,0
SaaS,86116.15850526707,10,7,0.3526151834691454,37.0,1
SaaS,137494.89597874464,12,10,0.4226582986040461,40.0,1
Healthcare,253837.53656938148,1,0,0.289644337211466,0.0,0
Manufacturing,20109.4057573027,3,2,0.3208721287990982,22.0,0
E-commerce,29323.016425393103,4,1,0.3334332391023896,16.0,0
Healthcare,423742.4263613544,3,5,0.2947237756488732,15.0,1
E-commerce,38136.65781966321,3,5,0.197325112848026,17.0,0
Healthcare,69441.34013659699,1,4,0.3581939103881122,5.0,0
E-commerce,49063.20183708087,3,2,0.1928968027081191,29.0,1
E-commerce,39518.1657635982,16,6,0.2835271940231726,27.0,1
Finance,250895.93320238125,0,0,0.1812818804721786,6.0,0
SaaS,6825.706190445169,3,0,0.7697029130900847,27.0,0
Healthcare,53428.87155370626,0,4,0.3648310761753378,19.0,0
Healthcare,55489.47296844408,5,4,0.1593955402753414,0.0,0
Healthcare,92498.30311786644,3,2,0.0365798735520092,11.0,0
SaaS,65345.33554401513,6,1,0.2901492723042234,11.0,0
Finance,429622.8361920333,1,3,0.2778424524058193,18.0,1
Finance,216140.48275417983,1,1,0.2148084418446258,9.0,0
SaaS,50055.8437759131,2,2,0.2628799386467025,14.0,0
Finance,89167.70192618587,5,2,0.3124050654539838,11.0,1
Finance,51470.863820588456,1,0,0.1857432832292242,14.0,0
Finance,300742.0783254132,0,0,0.2370425220485316,3.0,0
Healthcare,10782.111100652326,0,0,0.6642870093807823,72.0,0
SaaS,21392.89979423568,2,0,0.8843787692932187,31.0,0
Finance,48295.27121729168,0,1,0.1629615020111935,20.0,0
Manufacturing,14939.314495450468,1,0,0.1214568452841579,14.0,0
SaaS,47731.34453977515,2,1,0.1474464772556045,28.0,0
Healthcare,175023.24728811887,1,3,0.1513471713426424,14.0,1
Healthcare,12982.47527541439,2,0,0.7478871086568555,76.0,0
Healthcare,54547.20176069255,4,2,0.356495714518953,11.0,0
SaaS,106307.74400271189,4,1,0.3359192954615985,29.0,1
Finance,39190.95732763158,2,2,0.3029933004800132,13.0,0
Finance,92845.3709756776,3,1,0.2892709992033817,27.0,0
E-commerce,13946.737544739111,10,1,0.5133512101954725,8.0,1
Healthcare,21694.743034795563,3,0,0.7406952412109772,21.0,0
Healthcare,340971.6227637221,1,2,0.2503485710085192,3.0,1
E-commerce,183235.7424696149,1,1,0.1752139505820355,4.0,0
SaaS,13260.6033867021,2,0,0.6008956944754238,52.0,0
Healthcare,644091.1922686892,1,3,0.1484707213717254,1.0,1
SaaS,15665.173773458,0,0,0.2835271940231726,54.0,0
Finance,50325.103283296194,13,11,0.2995451860396098,25.0,1
SaaS,13082.086229107334,3,0,0.1252510137527609,20.0,0
SaaS,69193.1841814185,6,6,0.2482495949833001,26.0,1
E-commerce,72018.8968253294,5,4,0.2432468406360461,21.0,1
Manufacturing,18340.39254073884,2,0,0.7403225050379867,43.0,0
Manufacturing,50615.505698703615,3,3,0.1049652909712463,16.0,0
Manufacturing,45892.41177804276,3,2,0.2034713775252782,24.0,0
SaaS,55772.85643093154,5,0,0.3163639474556968,15.0,0
Healthcare,55528.75368681746,2,0,0.3634571113741432,17.0,0
SaaS,373201.2912059715,3,4,0.2038257425907196,12.0,1
SaaS,48316.66875932539,6,3,0.1997178655626956,16.0,1
E-commerce,170736.72201010992,1,1,0.214430554470954,1.0,0
Finance,23148.020256625012,4,1,0.6495234659320425,27.0,0
Manufacturing,10987.75483391949,0,0,0.6467583476789823,71.0,0
E-commerce,119633.41707960566,4,5,0.394000354607967,5.0,1
Manufacturing,136486.4537297097,3,4,0.4065202229341891,3.0,1
E-commerce,205415.66971182468,1,0,0.1326062426264199,7.0,0
Healthcare,12149.543905809554,3,0,0.6073614349493348,24.0,0
Finance,56136.65130952952,5,3,0.3297565403547184,20.0,1
Finance,16951.96517317066,1,0,0.4100737938596319,58.0,0
Healthcare,233108.06570790696,2,1,0.21557981023008,2.0,0
SaaS,61384.42846433259,4,3,0.2765153989728089,23.0,1
E-commerce,61759.97837608141,6,0,0.2557966996167237,31.0,0
E-commerce,17079.936905926454,0,0,0.7046533877835379,37.0,0
SaaS,12518.104532053674,1,0,0.7956282022440957,15.0,0
Finance,39615.02912304316,5,3,0.2629559431450508,9.0,1
Finance,240855.19417386552,3,6,0.2549973770631463,5.0,1
Finance,245588.38025105497,2,3,0.1331425256603509,38.0,1
Healthcare,24778.97676105718,2,0,0.4299867068303591,51.0,0
SaaS,39316.62858275105,1,0,0.1649996985635839,4.0,0
Finance,55029.45546805644,7,3,0.4191752518728007,17.0,1
Healthcare,32300.580742643087,6,4,0.2630202479726276,19.0,1
Finance,31344.182207066133,1,1,0.6491173904604303,34.0,0
SaaS,80039.46982084097,1,1,0.3244744904719384,26.0,0
SaaS,13493.598944148627,1,0,0.2835271940231726,29.0,0
SaaS,37553.27846992546,5,3,0.1814210856094884,10.0,1
Healthcare,47737.13942283582,13,7,0.5251378267041514,24.0,1
Manufacturing,52990.56463917375,3,1,0.2974327400286719,28.0,0
Finance,14795.72134677414,2,2,0.1196565359559532,16.0,0
SaaS,203803.6923009482,3,8,0.2371730283981526,12.0,1
SaaS,118473.04105490333,3,3,0.3973818719055804,15.0,0
SaaS,28286.09820276112,6,6,0.2690050909825832,40.0,1
Manufacturing,33346.468511716856,3,2,0.1872413147987691,18.0,0
Healthcare,130236.20641683297,4,2,0.3089552679429417,20.0,0
SaaS,306494.3826491242,1,3,0.3997396666423735,7.0,1
Finance,94280.69783123172,4,5,0.1010517258873856,24.0,1
SaaS,109328.32144712524,7,10,0.3157920323205174,33.0,1
Healthcare,62473.72648898477,1,0,0.1163149559063244,5.0,0
Finance,33189.66450949609,2,2,0.0991092485403451,28.0,0
SaaS,32669.74350625352,4,0,0.2463305561534508,16.0,0
SaaS,18589.06512882785,0,0,0.7596408725667418,93.0,1
Finance,85026.77818363899,10,3,0.4286416982768645,9.0,1
SaaS,44213.29270329928,4,2,0.2914353773580335,19.0,1
SaaS,10824.990690025374,2,0,0.1776991402512945,11.0,0
Finance,53708.898746489576,8,3,0.3407705704518667,18.0,1
SaaS,109968.78831104378,1,0,0.2055286852136206,23.0,0
SaaS,148071.74196307792,3,4,0.5285102841317926,5.0,1
SaaS,11581.397774403653,2,0,0.6905105133531951,48.0,0
Healthcare,50843.94656054965,0,0,0.0687128839782314,8.0,0
Healthcare,61894.352193011415,0,0,0.1167359581803303,10.0,0
SaaS,52300.7702610273,8,4,0.2835271940231726,25.0,1
Manufacturing,42393.48444397176,1,5,0.2825689397905931,38.0,0
SaaS,118671.03926104814,0,3,0.4524558300903952,12.0,0
Finance,69813.82514690199,8,6,0.4148423447957404,29.0,1
SaaS,33481.90382839624,3,4,0.192770414217433,28.0,1
E-commerce,51527.96025361816,8,7,0.5235865479111174,34.0,1
Finance,21060.99301686156,2,0,0.6764503120523564,20.0,0
Manufacturing,39752.42504137956,8,5,0.2924613360664767,35.0,1
Manufacturing,26346.66377755847,8,6,0.5259635047717302,34.0,1
Finance,106344.33171198194,6,7,0.2922496427038574,23.0,1
Manufacturing,10639.65118989626,0,0,0.7582681864251882,21.0,0
Healthcare,20429.54815152429,0,0,0.7639338073078662,49.0,0
E-commerce,44628.587816716536,2,0,0.2583336141229419,27.0,0
Healthcare,205239.88318499504,2,2,0.1669505049612657,10.0,1
Healthcare,118339.95239468614,5,1,0.2361353410816731,32.0,0
SaaS,39555.65456660346,2,3,0.4085790984737197,6.0,0
E-commerce,71743.00003380075,1,1,0.1199757193649814,24.0,0
Finance,13843.053372962271,1,0,0.50382182842579,60.0,0
SaaS,15608.37612196119,1,1,0.5726138604912402,56.0,0
Finance,29666.19986737696,4,1,0.182331569204683,14.0,0
Healthcare,79962.30523967335,2,0,0.1274996765828063,22.0,0
Healthcare,276288.6416138231,1,3,0.2081147500602969,1.0,1
SaaS,271998.371755958,2,1,0.3328251303686096,13.0,1
Healthcare,61817.85233683943,6,3,0.2009238244276306,13.0,1
Finance,146305.47928418845,0,0,0.1417460713414146,5.0,0
Finance,260356.4200706764,6,3,0.2507031047091311,17.0,1
Finance,66350.47665307084,4,3,0.3189648668988886,8.0,0
SaaS,34801.36476781997,3,1,0.2128574876256512,15.0,0
Manufacturing,57987.02092680107,5,3,0.3474337204841319,25.0,1
Finance,225255.80787357848,9,10,0.1886238136305131,36.0,1
Manufacturing,189797.45774198865,1,4,0.2835271940231726,6.0,1
SaaS,97955.13618048084,4,4,0.103410226746837,15.0,1
SaaS,59416.52204920858,4,3,0.216762869988211,10.0,0
SaaS,136603.21296453054,8,4,0.2840854762375906,21.0,1
E-commerce,47128.78677538477,2,0,0.1435037102982411,5.0,0
Finance,123467.73690092402,2,0,0.1632963022842307,11.0,0
SaaS,159254.69361030983,1,3,0.3057824149563803,12.0,1
SaaS,37587.11957000107,0,0,0.0685028993029228,10.0,0
SaaS,8709.085707562015,2,0,0.6064425451444201,49.0,0
E-commerce,22089.16561148865,2,0,0.3892140951570112,12.0,0
Finance,187805.76406619823,0,0,0.0182439798788263,2.0,0
SaaS,128501.16930399368,2,1,0.2671178606600111,13.0,0
SaaS,140521.6407498555,0,0,0.3245815039595686,1.0,0
Healthcare,21503.73746440552,2,0,0.6461070358876089,43.0,0
Healthcare,92612.89471026591,3,4,0.2382505447802,19.0,1
SaaS,13134.78155651756,2,1,0.4071698342052618,21.0,0
E-commerce,126753.0065438636,8,4,0.2882661811468395,16.0,1
SaaS,152331.46070548313,4,4,0.5115139534777928,6.0,1
E-commerce,38238.84501336697,12,19,0.6419701656480293,51.0,1
Healthcare,23943.367797087987,3,3,0.3100316337047964,21.0,0
Finance,43848.21624421203,12,7,0.5168809710344108,48.0,1
Finance,86419.1344926994,1,2,0.1023530239828596,13.0,0
Finance,114293.87728151216,2,3,0.158560535847497,28.0,0
Healthcare,33634.573440367465,2,1,0.2402110542098634,7.0,0
Healthcare,336322.8668221435,2,3,0.2740586539882244,17.0,1
SaaS,67722.82376069362,6,1,0.2057530039526238,15.0,1
SaaS,398331.5265149917,3,3,0.2781043545840412,4.0,1
Finance,22083.26830735718,2,0,0.704758251448697,16.0,0
Finance,14407.460476081003,0,0,0.7706969797530461,48.0,0
Healthcare,52975.35644950923,6,4,0.1727123126949944,19.0,1
SaaS,21121.843968626225,2,3,0.3436172213151958,3.0,0
Finance,42726.53721093669,3,3,0.334595025029591,24.0,1
Finance,104293.73774482182,5,2,0.2609209377499445,8.0,1
Manufacturing,239775.28413633752,0,0,0.3295014687685498,5.0,0
E-commerce,17427.668032310605,11,4,0.403835097205921,32.0,1
Finance,31243.96653672612,1,1,0.2040495662423982,28.0,0
Healthcare,49634.858117567564,11,8,0.6041642904494666,30.0,1
Healthcare,50214.47825632884,6,6,0.3415525889708778,20.0,1
E-commerce,39719.83147778508,10,9,0.3463147015457536,32.0,1
SaaS,37515.05256154986,6,2,0.221715643790032,8.0,1
Finance,514756.38808183686,4,5,0.3769960179796051,1.0,1
SaaS,183789.226925572,0,0,0.1671785758307994,5.0,0
Healthcare,236730.19127565413,2,5,0.2525055093276506,3.0,1
Healthcare,14553.579556538192,2,1,0.6342047637682935,50.0,0
Healthcare,92249.45870371234,2,2,0.3897233076760522,25.0,0
SaaS,41884.31700092868,1,1,0.054636121438833,12.0,0
Healthcare,71696.23514840571,1,2,0.2835271940231726,6.0,0
Finance,104566.72292862082,4,2,0.125957808639168,12.0,0
Healthcare,105330.69178865197,2,2,0.0914498253580095,12.0,0
Finance,16801.034682261852,2,0,0.8481941442869334,30.0,0
E-commerce,77042.38113347098,2,2,0.6021358491238188,15.0,1
Finance,74129.03012508029,14,8,0.6578578025291181,30.0,1
Finance,52802.5225221645,11,5,0.2835271940231726,24.0,1
SaaS,37471.98041017239,4,2,0.1783698146364339,33.0,0
E-commerce,52112.08649350606,1,3,0.4628380648586848,15.0,0
E-commerce,68334.18080271927,2,2,0.2262852654507713,6.0,1
SaaS,29405.380828234407,2,1,0.5005951934552693,16.0,0
Finance,145631.6104059092,2,0,0.0905160711625546,15.0,0
SaaS,45271.1156328381,3,2,0.3439163645239886,27.0,1
SaaS,97273.2678362084,1,3,0.3210531264774028,6.0,1
Finance,483447.205434907,3,6,0.0934046632496245,2.0,1
Manufacturing,241876.9819728661,5,9,0.3763380079622574,2.0,1
Finance,168152.19972799654,5,1,0.2835271940231726,20.0,0
Manufacturing,57823.30206516482,6,5,0.2800333566268364,20.0,1
E-commerce,225776.9549503329,1,2,0.3741839143247967,1.0,1
SaaS,22265.419636896448,3,0,0.1843834999619671,13.0,0
Manufacturing,17723.833582346422,4,0,0.8333266452554313,27.0,0
SaaS,129431.75662048788,5,4,0.1289623159287832,23.0,1
Finance,105333.33683580645,2,1,0.2507536190826012,10.0,0
Healthcare,42270.1465551909,8,6,0.2521673662208653,26.0,1
Finance,58140.63726731112,1,0,0.3086605951987889,12.0,0
Healthcare,14585.883710981008,3,0,0.9048649849831544,49.0,0
SaaS,37471.532288526745,5,4,0.1600758768063758,22.0,1
Healthcare,156641.3012938421,1,0,0.1430987635913509,4.0,0
Healthcare,11938.560574697838,0,0,0.7198592706948733,48.0,0
SaaS,266378.89902329474,1,2,0.0928749891651128,15.0,1
E-commerce,91595.166734674,4,2,0.1543754823005202,12.0,0
Finance,60738.03389678287,4,3,0.5559933012835816,10.0,1
Healthcare,73306.57136128664,8,3,0.1943230436552205,17.0,1
Finance,58351.70487844344,4,0,0.5872679166080074,18.0,0
SaaS,287136.8003016792,3,9,0.4062322797179314,2.0,1
Finance,188701.4013727958,6,2,0.3764130917493183,21.0,1
SaaS,18383.66081602256,6,3,0.2013521428807266,30.0,1
Healthcare,37436.105414832426,5,3,0.4205987696702746,14.0,0
Finance,72317.6044025981,2,1,0.1746144923630392,10.0,0
Manufacturing,280132.1460890796,0,0,0.186541485742942,7.0,0
Finance,138133.22968673336,1,1,0.2569226073822938,6.0,0
Healthcare,36419.44272106415,3,1,0.2904333149469963,23.0,0
Finance,18896.64662498036,2,1,0.6869075771642748,38.0,0
SaaS,10108.194356826578,2,0,0.5018171532167345,47.0,0
SaaS,31598.87095664035,3,0,0.2561272467473335,6.0,0
Healthcare,161736.90249145255,9,2,0.4169705288433497,20.0,1
Finance,40177.97917536923,1,2,0.3734843608265878,18.0,0
Healthcare,51307.37513943164,5,4,0.2307432335091776,16.0,1
SaaS,41418.50384623174,2,1,0.1923687943349208,12.0,0
E-commerce,156057.93953306865,1,4,0.2294288696230788,0.0,1
SaaS,40194.77550391613,4,0,0.2406322083099822,10.0,0
SaaS,50370.23671164724,4,1,0.1683371686776021,18.0,0
Finance,283116.05390113074,0,0,0.1635459252742449,6.0,0
Healthcare,8808.5170015063,1,0,0.2835271940231726,32.0,0
Finance,47030.276931448025,6,4,0.2686962851022528,24.0,0
Finance,65246.75421646864,2,1,0.2543221307867199,6.0,0
Finance,11920.806191867385,1,0,0.5808094063619493,51.0,0
SaaS,59045.83420547582,3,4,0.1628611008076919,13.0,0
SaaS,78951.0497798572,3,6,0.1399998303158365,19.0,1
Manufacturing,74831.71202255957,2,2,0.3052731842856621,13.0,0
Finance,54294.43344645878,5,2,0.2296977432417396,20.0,1
SaaS,110521.99194015854,3,0,0.2036571775751735,16.0,0
E-commerce,69805.10952731287,2,3,0.4868293004229614,18.0,0
SaaS,22773.188818835988,5,5,0.3662708198755687,30.0,1
Healthcare,305005.12894707685,3,2,0.4735994593898326,4.0,1
Healthcare,241761.11742857707,3,3,0.2716343076215129,2.0,1
Finance,61965.18954421667,3,4,0.1528472312744995,26.0,0
Healthcare,25373.96355106793,7,4,0.2413309327717183,34.0,1
SaaS,123254.16327297426,6,7,0.1983657141192928,51.0,1
Finance,116310.87818447564,3,5,0.1615794111334982,14.0,1
Finance,236462.55335882984,2,5,0.3845777985311365,8.0,1
SaaS,247294.7919377284,1,2,0.304947031504899,3.0,1
E-commerce,33224.02988882635,1,2,0.16351051444419,14.0,0
SaaS,30146.72226858141,7,3,0.2091124290939446,12.0,1
SaaS,52060.16555950394,2,3,0.1951641415820764,34.0,0
Healthcare,99029.0010572205,3,1,0.2500234726144958,16.0,0
Finance,447145.1437780637,4,0,0.4888125387773984,13.0,1
Healthcare,24133.506233087603,3,1,0.6843846372602355,54.0,0
SaaS,166497.69920213742,3,2,0.3263857453672808,11.0,0
Manufacturing,18736.139072166687,1,2,0.2299368617435574,17.0,0
Finance,66791.73465798626,4,5,0.1889582527138018,19.0,1
SaaS,132022.67691979787,0,0,0.2176032387965837,9.0,0
Healthcare,62226.46445551664,2,4,0.1023039031992354,30.0,1
SaaS,83219.99925064256,3,4,0.1852386272470718,42.0,1
Finance,15722.226145487815,1,0,0.753190001191424,52.0,0
Healthcare,73236.13245560082,9,6,0.353323878061889,27.0,1
E-commerce,78782.15665917483,2,0,0.2016569986240814,23.0,0
SaaS,152584.89928496568,4,8,0.3981309125716953,6.0,1
SaaS,22786.97600868747,6,5,0.457230137557014,28.0,1
Healthcare,77433.95457144362,2,2,0.2484383471647285,6.0,0
Healthcare,73982.09382970221,1,1,0.3015666610761326,31.0,0
Healthcare,105237.77765823106,3,2,0.3129321052854409,26.0,0
E-commerce,58132.95250559641,3,2,0.4686560132561036,64.0,0
Manufacturing,252221.7494339955,2,3,0.0740650598387056,7.0,1
Healthcare,83874.22021521463,2,1,0.1188330789864156,3.0,0
Healthcare,285135.27043056564,0,0,0.0667256542834307,11.0,0
E-commerce,39020.30861477847,2,3,0.406867551927714,9.0,0
Healthcare,212699.89145781804,2,3,0.2571744718553783,15.0,1
SaaS,17744.21704409826,0,0,0.2835271940231726,43.0,0
Finance,156908.7204656259,9,5,0.40218717250087,20.0,1
SaaS,109271.69931389592,5,0,0.2326488101678434,26.0,0
SaaS,22867.71830356457,0,0,0.8712437695186034,53.0,0
E-commerce,33842.55361014619,5,4,0.1586186795818582,14.0,1
E-commerce,45154.813064885486,2,2,0.1421818499119558,17.0,0
Finance,51138.04928803217,1,2,0.438229720248194,16.0,0
SaaS,15968.320104408744,2,0,0.5538583161061438,27.0,0
E-commerce,108077.24565524617,6,4,0.3174243440107931,23.0,1
Healthcare,87508.69027577965,4,3,0.1711330289295029,35.0,0
Finance,99021.7824104967,3,3,0.423931068945957,3.0,0
Finance,79401.5924561078,6,4,0.2633096226317085,30.0,0
SaaS,44197.79084061908,3,0,0.4038525244766607,5.0,0
Healthcare,319271.0877028407,1,0,0.3010297984188469,0.0,0
SaaS,78840.17985714844,5,2,0.2835271940231726,35.0,1
Finance,16597.420222237084,2,0,0.8319602534431347,48.0,0
E-commerce,679440.2367171812,0,0,0.1361978407226568,7.0,0
Healthcare,70756.53753077748,2,3,0.4400032481662084,13.0,0
Finance,194628.8066434796,2,1,0.2640300342145195,12.0,1
SaaS,26564.25969490413,3,5,0.4167252701763398,15.0,0
SaaS,107396.32746510251,0,0,0.1630717486272159,4.0,0
Finance,160458.92870391934,3,2,0.3917448044738494,5.0,1
Healthcare,100220.4998718522,7,11,0.597849955438617,48.0,1
Finance,109386.2758797091,7,2,0.4011205516256843,15.0,1
SaaS,13997.523367674266,0,0,0.8967341978993612,26.0,0
E-commerce,44563.82080786201,1,1,0.0832639859707825,47.0,0
SaaS,14284.362880369956,2,0,0.747600994997078,33.0,0
SaaS,59897.53854979306,7,2,0.2127614665330555,32.0,0
SaaS,50063.98997966158,2,2,0.3581326275271512,31.0,0
Finance,22367.6283313919,3,0,0.2835271940231726,39.0,0
Manufacturing,71679.39487643237,1,1,0.146234866427983,13.0,0
E-commerce,273911.97410076024,1,0,0.2764294992679517,7.0,0
Finance,447688.3184813095,1,0,0.3336690086952275,10.0,0
Finance,36862.63116613642,1,0,0.138594901954684,25.0,0
Finance,34828.35710411824,19,10,0.6507220041462953,38.0,1
Finance,17810.196201643983,3,1,0.3557449276522214,16.0,0
SaaS,29207.20867248037,5,6,0.5759391476078263,17.0,0
SaaS,93098.20814408586,2,2,0.3723791121770635,6.0,0
E-commerce,36879.07436702796,5,1,0.5849396706185463,16.0,0
SaaS,28398.356175555706,6,1,0.3530911672254044,32.0,0
SaaS,29924.652744839124,3,0,0.1987964164399613,10.0,0
SaaS,49105.91193472983,2,1,0.1779707030327751,24.0,0
Finance,163711.69133886762,3,3,0.2404146705905296,20.0,1
Healthcare,83104.99434911484,0,0,0.1508238514232135,15.0,0
SaaS,34707.353536860064,2,2,0.2248103315590331,32.0,0
Finance,135202.22579810172,5,1,0.5062918793520189,14.0,0
Finance,89917.20347125731,4,0,0.4293977726754017,12.0,0
E-commerce,59876.89529720363,3,1,0.2106053102140118,17.0,0
SaaS,20747.580031861336,1,2,0.2647620479140853,32.0,0
Healthcare,141950.57428430597,0,0,0.0717655608358349,12.0,0
SaaS,58463.081997376365,7,9,0.3929845640238124,26.0,1
E-commerce,51114.69953916341,2,2,0.1023612677613945,15.0,0
Healthcare,105119.4881939156,4,1,0.2435117455936046,18.0,0
Finance,80101.81300299104,3,1,0.250965660983627,14.0,0
Manufacturing,27207.255009866454,5,3,0.3654688433349251,14.0,1
Healthcare,36972.04813014029,1,0,0.2835271940231726,1.0,0
Finance,290773.4270059046,2,3,0.0920805808931706,5.0,1
SaaS,157344.20029965768,3,8,0.1849759288031412,6.0,1
E-commerce,140803.24254444486,2,0,0.1551666229123813,19.0,0
Finance,81473.13812797336,3,1,0.1269133706051121,16.0,0
Healthcare,71043.30110501644,4,1,0.1462854361780398,7.0,0
Finance,26736.045826898226,3,0,0.7301985030255456,41.0,0
Manufacturing,32881.95014485075,3,2,0.2040011459023938,17.0,0
Finance,77838.84633559681,1,0,0.259255997083822,11.0,0
SaaS,13587.417704159072,2,0,0.6706714322157554,70.0,0
Manufacturing,40745.66442321218,7,5,0.458734246205478,12.0,1
Finance,33016.82368853662,4,3,0.1750835423187804,15.0,1
Manufacturing,46409.84480639107,2,2,0.181959632910561,6.0,0
Manufacturing,11334.14694867705,2,0,0.4900418785459079,31.0,0
E-commerce,11683.101038824088,0,0,0.7509085049910522,46.0,0
Finance,46717.76086838945,3,1,0.2749669360262886,15.0,0
SaaS,23035.83623537492,3,2,0.3163567510845188,15.0,0
E-commerce,187492.4147372776,3,4,0.1959397377421763,5.0,1
Manufacturing,32055.985447380463,1,0,0.0799651337329381,4.0,0
Finance,46744.22511519904,4,0,0.2410801822655937,14.0,0
E-commerce,18339.919228110324,5,4,0.1963338960429918,16.0,1
Healthcare,117617.59594084442,2,2,0.1575820786879017,19.0,0
Finance,366242.6917591123,3,6,0.2106344005105735,0.0,1
Healthcare,36964.4653802684,2,1,0.0830572176005929,32.0,0
E-commerce,20556.51714226108,5,3,0.2434371159904589,16.0,0
SaaS,23770.00921157719,5,1,0.1644621624092195,8.0,0
SaaS,41626.25792890288,1,3,0.3018873637825608,9.0,0
Manufacturing,27338.91271302792,7,5,0.2142682482422346,28.0,1
Healthcare,27411.34245199715,0,0,0.4764421164408012,40.0,0
SaaS,46221.9792021205,2,2,0.1320753158523127,25.0,0
Healthcare,218641.7270765344,2,5,0.2248272580588413,2.0,1
Healthcare,31951.44610469782,2,0,0.2396967563030576,9.0,0
SaaS,15013.940088284491,0,0,0.8380428272159879,28.0,0
Manufacturing,168289.91607290535,3,6,0.0829568056887102,16.0,1
SaaS,33398.0841727569,8,5,0.3111526333396917,14.0,1
E-commerce,15568.224562429234,2,0,0.1110892137549302,13.0,0
Finance,26280.318871319825,2,0,0.1198865567010691,9.0,0
Finance,304489.4402733011,1,1,0.2581776269751721,8.0,0
SaaS,65658.89817023686,2,2,0.1898495539944807,28.0,0
Finance,28496.00912558178,5,3,0.2056220194461487,15.0,1
Healthcare,358592.0612175181,1,2,0.2260449778201289,12.0,1
SaaS,123585.38992498856,8,3,0.4744353467546612,24.0,1
Finance,104692.74514914544,1,2,0.3056346502502733,4.0,0
Healthcare,282402.58201956627,1,3,0.1656795963184444,8.0,1
SaaS,49450.04297558463,5,6,0.2981054575032492,37.0,1
SaaS,69703.50875104974,5,2,0.4114924387928777,15.0,1
Manufacturing,29997.66209229614,3,0,0.0884241136628696,21.0,0
SaaS,14701.689448960384,1,0,0.8285647416055574,40.0,0
Healthcare,51153.41851524701,7,1,0.2782913639744874,18.0,1
Manufacturing,12142.5351939558,1,1,0.8046674941026282,70.0,0
E-commerce,43791.95421756556,11,5,0.4626520826642835,30.0,1
Finance,495640.8722814025,7,3,0.4964624192909591,4.0,1
Finance,62229.07276718936,5,2,0.2835271940231726,16.0,0
SaaS,68157.54362021924,2,1,0.1478934094559634,19.0,0
SaaS,16909.199715588904,2,0,0.7439538903093141,13.0,0
E-commerce,39153.3774885341,7,12,0.3191123904708294,30.0,1
SaaS,33304.62535970258,6,0,0.1746826997847355,7.0,0
SaaS,246200.08751520325,1,1,0.1542136018801244,6.0,0
Manufacturing,55357.221677192334,11,9,0.5155121671828191,37.0,1
SaaS,43537.313334521,7,3,0.2747554195529089,17.0,0
Finance,268099.8700731623,3,1,0.3081226768515909,9.0,1
E-commerce,90209.77761408153,2,2,0.054554208772454,10.0,0
Healthcare,75597.58125481512,7,2,0.3459451698433057,12.0,1
E-commerce,7107.941560722551,0,0,0.417421623470794,49.0,0
Manufacturing,60200.2408796407,3,1,0.2065052378684785,29.0,0
SaaS,16491.465149599615,1,0,0.6268408885373357,33.0,0
SaaS,85299.98594334016,3,5,0.1534862960545248,41.0,1
SaaS,36244.590005964594,5,3,0.269001838128418,12.0,0
Healthcare,62260.29416420052,2,2,0.4208857459802177,10.0,0
Healthcare,145372.24327804177,8,3,0.2835271940231726,14.0,1
SaaS,40895.994939656215,2,0,0.1333282294539984,17.0,0
E-commerce,58834.745079601445,3,0,0.2753497995777582,6.0,0
SaaS,106849.35050636136,12,9,0.3764077322774863,31.0,1
Finance,281467.5919820268,3,2,0.1313447304413892,36.0,0
SaaS,68566.19471335123,1,1,0.3119303558590656,7.0,0
E-commerce,58651.86812287855,0,0,0.1840062649228564,12.0,0
SaaS,15520.624743642298,0,0,0.6650532522391905,50.0,0
SaaS,14370.525042475008,3,0,0.3535479372610223,32.0,0
E-commerce,34099.51627727115,8,3,0.35461787612353,16.0,1
SaaS,29895.192592742424,4,3,0.1948404930447243,11.0,0
Healthcare,21596.17855391231,8,5,0.4228606663450656,23.0,1
E-commerce,11823.74304939806,0,0,0.6130100102479761,49.0,0
Finance,31028.380981661325,3,2,0.3209622728533988,17.0,1
Manufacturing,46020.19845997266,0,0,0.1827085607624662,19.0,0
Finance,9669.12456099276,2,0,0.7023471896337282,68.0,0
Finance,200098.7334519197,2,5,0.1715171639168583,6.0,1
E-commerce,36432.15488096818,6,4,0.4053356527009226,39.0,1
Finance,99931.32649155268,5,2,0.3156889326795664,11.0,0
SaaS,143437.26297073453,1,2,0.349054097073849,6.0,0
E-commerce,87857.06125319796,8,3,0.3401472834495357,16.0,1
E-commerce,109525.82207354713,4,1,0.2869121081334648,19.0,0
Manufacturing,15942.945709368354,2,1,0.2005330319579488,6.0,0
Healthcare,113789.35028183804,7,3,0.3685445930997544,34.0,1
SaaS,59455.53648173457,4,2,0.2995246816305374,10.0,0
Finance,64426.66798490399,4,3,0.3866370313062133,17.0,1
Healthcare,279917.24513525894,2,4,0.228765798473429,3.0,1
E-commerce,449582.36089544673,1,1,0.075724011187915,12.0,0
Healthcare,263647.3491584432,1,3,0.2861472303125963,8.0,1
SaaS,549765.9629903263,2,2,0.2198063856739535,5.0,1
SaaS,11223.895981130789,1,0,0.6688436600902327,59.0,0
SaaS,51564.24962623898,1,0,0.1480843925985113,19.0,0
Manufacturing,7924.270740307979,3,0,0.6445952193173189,29.0,0
Finance,615399.8495455955,4,5,0.3163927899072858,8.0,1
SaaS,48031.22149009489,2,0,0.2509911163893976,18.0,0
E-commerce,14049.36016835079,3,0,0.4867475252577145,19.0,0
SaaS,90189.37855146542,3,2,0.1631829538450569,20.0,0
Finance,345131.6422142009,0,0,0.1790330650357084,5.0,0
SaaS,42933.05537255509,6,3,0.1077044768739377,12.0,1
Healthcare,107603.40643765464,6,1,0.1583100274859491,24.0,0
Finance,62402.54916509845,3,0,0.1074006863676901,17.0,0
E-commerce,53050.70055489366,5,3,0.1536284601939077,13.0,0
SaaS,17077.82022183427,5,2,0.174245045665297,15.0,0
Manufacturing,11058.081893683544,0,0,0.5595802037967563,66.0,1
E-commerce,108411.41981243186,3,2,0.1312371581290292,31.0,0
SaaS,22630.560759149776,3,3,0.2773701780543803,15.0,0
Finance,30737.99339948595,4,6,0.355654476900333,31.0,1
Healthcare,97239.3466138983,5,0,0.0886009649197922,18.0,0
Finance,52518.111857282944,8,9,0.3262928570727986,36.0,1
Manufacturing,91097.1617466094,1,2,0.0257225886026148,23.0,0
Finance,53800.10996980069,5,3,0.2959400284871289,29.0,1
Healthcare,48464.91360558378,2,0,0.0780042727897424,20.0,0
SaaS,127607.24339858691,0,0,0.0443449608577542,2.0,0
Healthcare,44400.9861002272,8,4,0.5085618167282854,7.0,0
Finance,55353.06656550547,5,1,0.2835271940231726,19.0,0
SaaS,19990.82123943982,2,1,0.4298597357937993,50.0,0
Finance,277485.7976178433,0,0,0.1002022634632276,5.0,0
Finance,408874.1599352025,2,4,0.3128494445457095,0.0,1
Healthcare,79959.72618396961,2,3,0.2538106345781157,10.0,0
SaaS,66638.15345126679,3,3,0.411653214573794,40.0,0
SaaS,221130.9649285632,1,1,0.1171986641765912,6.0,0
Healthcare,57696.46882822858,2,1,0.0865887055262076,18.0,0
SaaS,46725.062976618414,5,3,0.1536445344865538,42.0,0
Healthcare,35588.715842234,7,3,0.3975222288367903,12.0,1
Manufacturing,172275.0941995307,1,1,0.3396525740101888,11.0,0
Finance,20441.892356345616,5,0,0.2167630984907201,19.0,0
SaaS,180934.96941190437,3,3,0.2639420877450023,17.0,1
E-commerce,161196.78099941692,6,8,0.4109554404557917,30.0,1
E-commerce,47064.3868919884,8,5,0.326838882061702,30.0,1
Finance,79446.60490956604,6,2,0.2421230857086038,14.0,1
Healthcare,76184.61244666741,4,3,0.3754484556397522,33.0,1
SaaS,267744.8054338772,0,0,0.1629251974806131,3.0,0
Finance,332147.7057954344,0,0,0.1453344421541594,4.0,0
E-commerce,20860.726086300696,5,1,0.2118865226686898,18.0,0
SaaS,202355.35794268292,1,0,0.1941000119434321,1.0,0
SaaS,157140.39409460677,1,2,0.216282306851404,4.0,1
Finance,53091.727016755656,7,6,0.2028290489112785,32.0,1
SaaS,9344.04895892426,0,0,0.7546881549195044,16.0,0
SaaS,58538.68258356072,7,4,0.1404628271278162,23.0,1
E-commerce,13501.393098344191,4,1,0.2227098287456904,18.0,0
Finance,14298.536679874323,4,0,0.5298529575153503,52.0,0
Finance,20754.919273565894,1,0,0.6901724561828152,61.0,0
Healthcare,455079.1414893858,2,3,0.1753066114041434,2.0,1
Finance,330235.51655421185,4,8,0.1280003771772435,7.0,1
SaaS,202687.4418828716,1,5,0.3650879573782481,0.0,1
Manufacturing,137477.15704432753,1,2,0.2468971080361944,9.0,1
Healthcare,40264.9298150145,2,1,0.1508390101109164,6.0,0
E-commerce,24989.733407803305,0,0,0.7808640621647865,39.0,0
Finance,16468.09407817285,3,0,0.3166780352273169,10.0,0
Finance,43540.92923684494,7,2,0.2629286918427778,15.0,1
Finance,22130.899888172356,8,2,0.4266148313268333,18.0,1
Healthcare,84924.71800296628,2,2,0.1580718452659311,21.0,0
Manufacturing,147661.05684490598,4,5,0.6008197925635366,3.0,1
Finance,80945.95839889758,1,0,0.1066774589526598,14.0,0
SaaS,94411.97990524273,5,2,0.5112706032930946,14.0,0
SaaS,197441.75557706584,2,2,0.2029607399999785,9.0,1
Manufacturing,93690.39450356792,7,3,0.2025009349715756,14.0,1
Finance,12457.243553742212,1,0,0.6059805375599115,26.0,0
Finance,16802.731518637815,0,0,0.7022167863966878,51.0,0
Finance,24602.582564785087,2,0,0.1796218362523414,10.0,0
Healthcare,26823.528157581823,7,5,0.3148435479411055,18.0,1
Healthcare,17160.34882018763,0,1,0.65571330593849,16.0,0
E-commerce,30971.536350384125,6,1,0.1981461975233087,28.0,0
SaaS,39111.11418047651,6,3,0.3710288775444402,18.0,1
SaaS,39972.11923035776,12,7,0.4437923129464958,31.0,1
SaaS,150809.07365387885,3,4,0.3141486989308135,10.0,1
Finance,32061.95821506995,6,6,0.2196096847624103,28.0,1
Healthcare,68863.49041792676,6,6,0.1567666372841399,24.0,1
Manufacturing,14613.241730531568,2,0,0.6291062150325332,47.0,0
E-commerce,109517.63868263103,3,3,0.1606166843642039,21.0,1
E-commerce,47391.92834288976,5,2,0.2010796310059427,28.0,1
E-commerce,12829.504939854303,2,0,0.6246792563312704,17.0,0
Finance,42171.52185386346,4,3,0.1349758802503362,24.0,1
Finance,15503.664719832572,2,0,0.6254939745431725,30.0,0
Finance,29170.746515136416,0,0,0.1090619000021471,13.0,0
Healthcare,44888.28764865365,2,2,0.1054808912051619,18.0,0
Finance,14239.975043687467,3,1,0.8418228607608713,38.0,0
SaaS,99407.34284240296,8,2,0.261012573346611,13.0,1
SaaS,82638.06945054409,4,3,0.2521455321270638,22.0,1
E-commerce,77770.46777959996,3,3,0.34844783801132,6.0,0
SaaS,149229.7506884898,1,3,0.3557340381222456,4.0,1
Manufacturing,333737.08548473794,5,7,0.2056171594064166,7.0,1
Finance,141817.93760775067,7,2,0.6104908908488675,33.0,1
Finance,49381.808686905846,4,2,0.297765251692889,23.0,0
SaaS,105402.4524489299,2,1,0.2982867717745995,14.0,1
Healthcare,74933.07488933274,4,1,0.4613908683345274,9.0,0
Healthcare,64688.327568729525,6,3,0.365986716444571,24.0,1
Healthcare,25479.02977379801,1,0,0.7828487793136782,26.0,0
Healthcare,165999.40529765133,2,1,0.2886361251421982,8.0,0
SaaS,101823.21392128256,3,2,0.4840782587061196,9.0,0
Healthcare,70264.69957542433,3,3,0.2704703178394067,12.0,0
SaaS,52532.64749993572,9,8,0.3342296634625708,46.0,1
SaaS,75945.17668280973,2,1,0.0438814749167209,19.0,0
Healthcare,77747.69775517024,3,3,0.3284692823031084,12.0,1
Healthcare,11678.31868435712,7,8,0.2630669916398971,26.0,1
Finance,314348.2355103746,7,8,0.5339366271680552,4.0,1
Healthcare,106490.7978133954,8,3,0.3347031465112128,21.0,1
SaaS,40291.45560910591,6,10,0.1594874267286338,42.0,1
E-commerce,36979.355616369896,3,0,0.1651938042194154,23.0,0
SaaS,26993.234432651017,7,1,0.2091906524908481,8.0,0
Finance,60811.65666613235,5,5,0.3156250765544818,25.0,1
SaaS,42457.45713832637,7,6,0.2573362353804918,44.0,1
SaaS,215447.6721470504,6,16,0.4888973785049628,7.0,1
SaaS,50970.08383574824,0,0,0.1845268591734443,18.0,0
SaaS,75112.22137749549,2,2,0.2026633128248863,25.0,0
SaaS,218114.889240565,1,3,0.2129209671951026,4.0,1
SaaS,184468.04648003587,1,1,0.118459940332444,0.0,1
SaaS,85318.86440202834,7,1,0.3593683881136696,25.0,1
Finance,18984.654442772982,1,0,0.5301332557437318,29.0,0
SaaS,37128.23574361682,6,3,0.2562024226322598,37.0,1
Finance,35547.557512982225,5,8,0.2392698200590678,25.0,1
Finance,19794.36412891687,1,0,0.666550056285241,33.0,0
Manufacturing,44204.02758565092,16,8,0.4598505141095469,34.0,1
Manufacturing,128444.1640374788,4,2,0.3155168132866934,46.0,1
Finance,46835.29440837006,4,2,0.2074626725722572,26.0,0
Healthcare,56489.82143734581,1,1,0.2056566529592245,15.0,0
Finance,23919.33482758987,10,4,0.3797646999437062,30.0,1
SaaS,109269.90470335331,2,2,0.259759128098217,16.0,1
E-commerce,27631.271104475327,0,1,0.7178798490713711,35.0,0
Manufacturing,134498.23845516375,1,0,0.3216706345437124,6.0,0
SaaS,59144.92228624043,4,2,0.5025873810680846,11.0,0
Healthcare,64138.77060058252,8,6,0.3180468566699475,27.0,1
SaaS,78117.62228460851,2,1,0.2283679099957299,23.0,0
Healthcare,98718.2111983507,4,0,0.2662495815902687,24.0,0
Manufacturing,13840.290423335391,1,0,0.6584747122416916,46.0,0
E-commerce,11424.215870195349,3,0,0.5508059148707508,42.0,0
SaaS,100898.00267071358,7,7,0.2573332834588188,19.0,1
Healthcare,44159.59577304713,3,2,0.2282676845649954,21.0,0
Healthcare,41778.44253687235,6,5,0.3657773745757456,40.0,1
Finance,17652.27592777533,3,0,0.6057899428732412,56.0,0
E-commerce,67478.78799331738,3,3,0.1591715083335205,27.0,1
SaaS,65516.23236950376,1,0,0.2359384315887892,24.0,0
Healthcare,29108.47282650583,6,3,0.3854477000408641,28.0,1
SaaS,172414.6688103806,1,1,0.6206821281287157,9.0,0
E-commerce,59427.59260455601,0,5,0.4721101311842917,6.0,0
Finance,126788.34883117932,3,2,0.1529770774881724,27.0,0
E-commerce,129977.43650330557,3,1,0.3125230899492572,22.0,0
E-commerce,144216.96825193474,4,8,0.3333910283511407,1.0,1
Manufacturing,12896.753246318553,0,1,0.651715896222432,49.0,0
Healthcare,21204.94896485267,2,1,0.5222396618437738,7.0,0
Finance,125739.42150993012,0,0,0.2827006697058145,4.0,0
